Sun, 22 Mar 2026 19:06:16 main.py[line:107] INFO Namespace(mode='train', workspace='workspace', flusense=True, learning_rate=0.001, batch_size=32, arch='logmel', backbone='vgg', method='embedding', layer=None, save_dir='../save_model')
Sun, 22 Mar 2026 19:06:16 main.py[line:117] INFO Using device: cuda
Sun, 22 Mar 2026 19:06:16 main.py[line:121] INFO Dataset size: 15116
Sun, 22 Mar 2026 19:06:31 main.py[line:134] INFO Train: 12092, Val: 3024
Sun, 22 Mar 2026 19:06:31 main.py[line:151] INFO Model: vgg, Parameters: 1,147,593
Sun, 22 Mar 2026 19:06:37 main.py[line:185] INFO ==================================================
Sun, 22 Mar 2026 19:06:37 main.py[line:186] INFO Epoch 1/30, lr: 0.001000
Sun, 22 Mar 2026 19:06:37 main.py[line:187] INFO ==================================================
Sun, 22 Mar 2026 19:08:18 main.py[line:234] INFO train: Loss=2.3858, UAR=0.2335, AUC=0.6670, Diag=[   5  511 1364   27  344   77   17  489    2]
Sun, 22 Mar 2026 19:08:27 main.py[line:234] INFO   val: Loss=1.6128, UAR=0.3286, AUC=0.7959, Diag=[  0 151 594  16 132  21   3  51   3]
Sun, 22 Mar 2026 19:08:27 main.py[line:264] INFO *** New best model saved (UAR=0.3286) \u2192 ../save_model\best_model.pth
Sun, 22 Mar 2026 19:08:27 pyplot.py[line:496] DEBUG Loaded backend Agg version v2.2.
Sun, 22 Mar 2026 19:08:27 font_manager.py[line:1471] DEBUG findfont: Matching sans\-serif:style=normal:variant=normal:weight=normal:stretch=normal:size=10.0.
Sun, 22 Mar 2026 19:08:27 font_manager.py[line:1483] DEBUG findfont: score(FontEntry(fname='C:\\detect cough\\detect-cough-disease-with-CovNet\\.venv\\Lib\\site-packages\\matplotlib\\mpl-data\\fonts\\ttf\\cmsy10.ttf', name='cmsy10', style='normal', variant='normal', weight=400, stretch='normal', size='scalable')) = 10.05
Sun, 22 Mar 2026 19:08:27 font_manager.py[line:1483] DEBUG findfont: score(FontEntry(fname='C:\\detect cough\\detect-cough-disease-with-CovNet\\.venv\\Lib\\site-packages\\matplotlib\\mpl-data\\fonts\\ttf\\DejaVuSerif.ttf', name='DejaVu Serif', style='normal', variant='normal', weight=400, stretch='normal', size='scalable')) = 10.05
Sun, 22 Mar 2026 19:08:27 font_manager.py[line:1483] DEBUG findfont: score(FontEntry(fname='C:\\detect cough\\detect-cough-disease-with-CovNet\\.venv\\Lib\\site-packages\\matplotlib\\mpl-data\\fonts\\ttf\\DejaVuSansMono-Oblique.ttf', name='DejaVu Sans Mono', style='oblique', variant='normal', weight=400, stretch='normal', size='scalable')) = 11.05
Sun, 22 Mar 2026 19:08:27 font_manager.py[line:1483] DEBUG findfont: score(FontEntry(fname='C:\\detect cough\\detect-cough-disease-with-CovNet\\.venv\\Lib\\site-packages\\matplotlib\\mpl-data\\fonts\\ttf\\cmr10.ttf', name='cmr10', style='normal', variant='normal', weight=400, stretch='normal', size='scalable')) = 10.05
Sun, 22 Mar 2026 19:08:27 font_manager.py[line:1483] DEBUG findfont: score(FontEntry(fname='C:\\detect cough\\detect-cough-disease-with-CovNet\\.venv\\Lib\\site-packages\\matplotlib\\mpl-data\\fonts\\ttf\\DejaVuSerif-BoldItalic.ttf', name='DejaVu Serif', style='italic', variant='normal', weight=700, stretch='normal', size='scalable')) = 11.335
Sun, 22 Mar 2026 19:08:27 font_manager.py[line:1483] DEBUG findfont: score(FontEntry(fname='C:\\detect cough\\detect-cough-disease-with-CovNet\\.venv\\Lib\\site-packages\\matplotlib\\mpl-data\\fonts\\ttf\\STIXGeneralBol.ttf', name='STIXGeneral', style='normal', variant='normal', weight=700, stretch='normal', size='scalable')) = 10.335
Sun, 22 Mar 2026 19:08:27 font_manager.py[line:1483] DEBUG findfont: score(FontEntry(fname='C:\\detect cough\\detect-cough-disease-with-CovNet\\.venv\\Lib\\site-packages\\matplotlib\\mpl-data\\fonts\\ttf\\DejaVuSerifDisplay.ttf', name='DejaVu Serif Display', style='normal', variant='normal', weight=400, stretch='normal', size='scalable')) = 10.05
Sun, 22 Mar 2026 19:08:27 font_manager.py[line:1483] DEBUG findfont: score(FontEntry(fname='C:\\detect cough\\detect-cough-disease-with-CovNet\\.venv\\Lib\\site-packages\\matplotlib\\mpl-data\\fonts\\ttf\\STIXGeneralBolIta.ttf', name='STIXGeneral', style='italic', variant='normal', weight=700, stretch='normal', size='scalable')) = 11.335
Sun, 22 Mar 2026 19:08:27 font_manager.py[line:1483] DEBUG findfont: score(FontEntry(fname='C:\\detect cough\\detect-cough-disease-with-CovNet\\.venv\\Lib\\site-packages\\matplotlib\\mpl-data\\fonts\\ttf\\STIXNonUniBolIta.ttf', name='STIXNonUnicode', style='italic', variant='normal', weight=700, stretch='normal', size='scalable')) = 11.335
Sun, 22 Mar 2026 19:08:27 font_manager.py[line:1483] DEBUG findfont: score(FontEntry(fname='C:\\detect cough\\detect-cough-disease-with-CovNet\\.venv\\Lib\\site-packages\\matplotlib\\mpl-data\\fonts\\ttf\\DejaVuSansMono-Bold.ttf', name='DejaVu Sans Mono', style='normal', variant='normal', weight=700, stretch='normal', size='scalable')) = 10.335
Sun, 22 Mar 2026 19:08:27 font_manager.py[line:1483] DEBUG findfont: score(FontEntry(fname='C:\\detect cough\\detect-cough-disease-with-CovNet\\.venv\\Lib\\site-packages\\matplotlib\\mpl-data\\fonts\\ttf\\DejaVuSansDisplay.ttf', name='DejaVu Sans Display', style='normal', variant='normal', weight=400, stretch='normal', size='scalable')) = 10.05
Sun, 22 Mar 2026 19:08:27 font_manager.py[line:1483] DEBUG findfont: score(FontEntry(fname='C:\\detect cough\\detect-cough-disease-with-CovNet\\.venv\\Lib\\site-packages\\matplotlib\\mpl-data\\fonts\\ttf\\DejaVuSerif-Bold.ttf', name='DejaVu Serif', style='normal', variant='normal', weight=700, stretch='normal', size='scalable')) = 10.335
Sun, 22 Mar 2026 19:08:27 font_manager.py[line:1483] DEBUG findfont: score(FontEntry(fname='C:\\detect cough\\detect-cough-disease-with-CovNet\\.venv\\Lib\\site-packages\\matplotlib\\mpl-data\\fonts\\ttf\\DejaVuSerif-Italic.ttf', name='DejaVu Serif', style='italic', variant='normal', weight=400, stretch='normal', size='scalable')) = 11.05
Sun, 22 Mar 2026 19:08:27 font_manager.py[line:1483] DEBUG findfont: score(FontEntry(fname='C:\\detect cough\\detect-cough-disease-with-CovNet\\.venv\\Lib\\site-packages\\matplotlib\\mpl-data\\fonts\\ttf\\cmb10.ttf', name='cmb10', style='normal', variant='normal', weight=400, stretch='normal', size='scalable')) = 10.05
Sun, 22 Mar 2026 19:08:27 font_manager.py[line:1483] DEBUG findfont: score(FontEntry(fname='C:\\detect cough\\detect-cough-disease-with-CovNet\\.venv\\Lib\\site-packages\\matplotlib\\mpl-data\\fonts\\ttf\\DejaVuSans.ttf', name='DejaVu Sans', style='normal', variant='normal', weight=400, stretch='normal', size='scalable')) = 0.05
Sun, 22 Mar 2026 19:08:27 font_manager.py[line:1483] DEBUG findfont: score(FontEntry(fname='C:\\detect cough\\detect-cough-disease-with-CovNet\\.venv\\Lib\\site-packages\\matplotlib\\mpl-data\\fonts\\ttf\\STIXSizFiveSymReg.ttf', name='STIXSizeFiveSym', style='normal', variant='normal', weight=400, stretch='normal', size='scalable')) = 10.05
Sun, 22 Mar 2026 19:08:27 font_manager.py[line:1483] DEBUG findfont: score(FontEntry(fname='C:\\detect cough\\detect-cough-disease-with-CovNet\\.venv\\Lib\\site-packages\\matplotlib\\mpl-data\\fonts\\ttf\\STIXNonUniIta.ttf', name='STIXNonUnicode', style='italic', variant='normal', weight=400, stretch='normal', size='scalable')) = 11.05
Sun, 22 Mar 2026 19:08:27 font_manager.py[line:1483] DEBUG findfont: score(FontEntry(fname='C:\\detect cough\\detect-cough-disease-with-CovNet\\.venv\\Lib\\site-packages\\matplotlib\\mpl-data\\fonts\\ttf\\DejaVuSansMono-BoldOblique.ttf', name='DejaVu Sans Mono', style='oblique', variant='normal', weight=700, stretch='normal', size='scalable')) = 11.335
Sun, 22 Mar 2026 19:08:27 font_manager.py[line:1483] DEBUG findfont: score(FontEntry(fname='C:\\detect cough\\detect-cough-disease-with-CovNet\\.venv\\Lib\\site-packages\\matplotlib\\mpl-data\\fonts\\ttf\\DejaVuSans-Oblique.ttf', name='DejaVu Sans', style='oblique', variant='normal', weight=400, stretch='normal', size='scalable')) = 1.05
Sun, 22 Mar 2026 19:08:27 font_manager.py[line:1483] DEBUG findfont: score(FontEntry(fname='C:\\detect cough\\detect-cough-disease-with-CovNet\\.venv\\Lib\\site-packages\\matplotlib\\mpl-data\\fonts\\ttf\\DejaVuSans-BoldOblique.ttf', name='DejaVu Sans', style='oblique', variant='normal', weight=700, stretch='normal', size='scalable')) = 1.335
Sun, 22 Mar 2026 19:08:27 font_manager.py[line:1483] DEBUG findfont: score(FontEntry(fname='C:\\detect cough\\detect-cough-disease-with-CovNet\\.venv\\Lib\\site-packages\\matplotlib\\mpl-data\\fonts\\ttf\\STIXSizOneSymReg.ttf', name='STIXSizeOneSym', style='normal', variant='normal', weight=400, stretch='normal', size='scalable')) = 10.05
Sun, 22 Mar 2026 19:08:27 font_manager.py[line:1483] DEBUG findfont: score(FontEntry(fname='C:\\detect cough\\detect-cough-disease-with-CovNet\\.venv\\Lib\\site-packages\\matplotlib\\mpl-data\\fonts\\ttf\\DejaVuSansMono.ttf', name='DejaVu Sans Mono', style='normal', variant='normal', weight=400, stretch='normal', size='scalable')) = 10.05
Sun, 22 Mar 2026 19:08:27 font_manager.py[line:1483] DEBUG findfont: score(FontEntry(fname='C:\\detect cough\\detect-cough-disease-with-CovNet\\.venv\\Lib\\site-packages\\matplotlib\\mpl-data\\fonts\\ttf\\STIXSizFourSymReg.ttf', name='STIXSizeFourSym', style='normal', variant='normal', weight=400, stretch='normal', size='scalable')) = 10.05
Sun, 22 Mar 2026 19:08:27 font_manager.py[line:1483] DEBUG findfont: score(FontEntry(fname='C:\\detect cough\\detect-cough-disease-with-CovNet\\.venv\\Lib\\site-packages\\matplotlib\\mpl-data\\fonts\\ttf\\STIXSizTwoSymReg.ttf', name='STIXSizeTwoSym', style='normal', variant='normal', weight=400, stretch='normal', size='scalable')) = 10.05
Sun, 22 Mar 2026 19:08:27 font_manager.py[line:1483] DEBUG findfont: score(FontEntry(fname='C:\\detect cough\\detect-cough-disease-with-CovNet\\.venv\\Lib\\site-packages\\matplotlib\\mpl-data\\fonts\\ttf\\STIXNonUniBol.ttf', name='STIXNonUnicode', style='normal', variant='normal', weight=700, stretch='normal', size='scalable')) = 10.335
Sun, 22 Mar 2026 19:08:27 font_manager.py[line:1483] DEBUG findfont: score(FontEntry(fname='C:\\detect cough\\detect-cough-disease-with-CovNet\\.venv\\Lib\\site-packages\\matplotlib\\mpl-data\\fonts\\ttf\\STIXSizTwoSymBol.ttf', name='STIXSizeTwoSym', style='normal', variant='normal', weight=700, stretch='normal', size='scalable')) = 10.335
Sun, 22 Mar 2026 19:08:27 font_manager.py[line:1483] DEBUG findfont: score(FontEntry(fname='C:\\detect cough\\detect-cough-disease-with-CovNet\\.venv\\Lib\\site-packages\\matplotlib\\mpl-data\\fonts\\ttf\\STIXSizThreeSymBol.ttf', name='STIXSizeThreeSym', style='normal', variant='normal', weight=700, stretch='normal', size='scalable')) = 10.335
Sun, 22 Mar 2026 19:08:27 font_manager.py[line:1483] DEBUG findfont: score(FontEntry(fname='C:\\detect cough\\detect-cough-disease-with-CovNet\\.venv\\Lib\\site-packages\\matplotlib\\mpl-data\\fonts\\ttf\\cmss10.ttf', name='cmss10', style='normal', variant='normal', weight=400, stretch='normal', size='scalable')) = 10.05
Sun, 22 Mar 2026 19:08:27 font_manager.py[line:1483] DEBUG findfont: score(FontEntry(fname='C:\\detect cough\\detect-cough-disease-with-CovNet\\.venv\\Lib\\site-packages\\matplotlib\\mpl-data\\fonts\\ttf\\STIXSizFourSymBol.ttf', name='STIXSizeFourSym', style='normal', variant='normal', weight=700, stretch='normal', size='scalable')) = 10.335
Sun, 22 Mar 2026 19:08:27 font_manager.py[line:1483] DEBUG findfont: score(FontEntry(fname='C:\\detect cough\\detect-cough-disease-with-CovNet\\.venv\\Lib\\site-packages\\matplotlib\\mpl-data\\fonts\\ttf\\cmmi10.ttf', name='cmmi10', style='normal', variant='normal', weight=400, stretch='normal', size='scalable')) = 10.05
Sun, 22 Mar 2026 19:08:27 font_manager.py[line:1483] DEBUG findfont: score(FontEntry(fname='C:\\detect cough\\detect-cough-disease-with-CovNet\\.venv\\Lib\\site-packages\\matplotlib\\mpl-data\\fonts\\ttf\\STIXNonUni.ttf', name='STIXNonUnicode', style='normal', variant='normal', weight=400, stretch='normal', size='scalable')) = 10.05
Sun, 22 Mar 2026 19:08:27 font_manager.py[line:1483] DEBUG findfont: score(FontEntry(fname='C:\\detect cough\\detect-cough-disease-with-CovNet\\.venv\\Lib\\site-packages\\matplotlib\\mpl-data\\fonts\\ttf\\cmex10.ttf', name='cmex10', style='normal', variant='normal', weight=400, stretch='normal', size='scalable')) = 10.05
Sun, 22 Mar 2026 19:08:27 font_manager.py[line:1483] DEBUG findfont: score(FontEntry(fname='C:\\detect cough\\detect-cough-disease-with-CovNet\\.venv\\Lib\\site-packages\\matplotlib\\mpl-data\\fonts\\ttf\\STIXSizOneSymBol.ttf', name='STIXSizeOneSym', style='normal', variant='normal', weight=700, stretch='normal', size='scalable')) = 10.335
Sun, 22 Mar 2026 19:08:27 font_manager.py[line:1483] DEBUG findfont: score(FontEntry(fname='C:\\detect cough\\detect-cough-disease-with-CovNet\\.venv\\Lib\\site-packages\\matplotlib\\mpl-data\\fonts\\ttf\\STIXGeneralItalic.ttf', name='STIXGeneral', style='italic', variant='normal', weight=400, stretch='normal', size='scalable')) = 11.05
Sun, 22 Mar 2026 19:08:27 font_manager.py[line:1483] DEBUG findfont: score(FontEntry(fname='C:\\detect cough\\detect-cough-disease-with-CovNet\\.venv\\Lib\\site-packages\\matplotlib\\mpl-data\\fonts\\ttf\\STIXSizThreeSymReg.ttf', name='STIXSizeThreeSym', style='normal', variant='normal', weight=400, stretch='normal', size='scalable')) = 10.05
Sun, 22 Mar 2026 19:08:27 font_manager.py[line:1483] DEBUG findfont: score(FontEntry(fname='C:\\detect cough\\detect-cough-disease-with-CovNet\\.venv\\Lib\\site-packages\\matplotlib\\mpl-data\\fonts\\ttf\\DejaVuSans-Bold.ttf', name='DejaVu Sans', style='normal', variant='normal', weight=700, stretch='normal', size='scalable')) = 0.33499999999999996
Sun, 22 Mar 2026 19:08:27 font_manager.py[line:1483] DEBUG findfont: score(FontEntry(fname='C:\\detect cough\\detect-cough-disease-with-CovNet\\.venv\\Lib\\site-packages\\matplotlib\\mpl-data\\fonts\\ttf\\cmtt10.ttf', name='cmtt10', style='normal', variant='normal', weight=400, stretch='normal', size='scalable')) = 10.05
Sun, 22 Mar 2026 19:08:27 font_manager.py[line:1483] DEBUG findfont: score(FontEntry(fname='C:\\detect cough\\detect-cough-disease-with-CovNet\\.venv\\Lib\\site-packages\\matplotlib\\mpl-data\\fonts\\ttf\\STIXGeneral.ttf', name='STIXGeneral', style='normal', variant='normal', weight=400, stretch='normal', size='scalable')) = 10.05
Sun, 22 Mar 2026 19:08:27 font_manager.py[line:1483] DEBUG findfont: score(FontEntry(fname='C:\\Windows\\Fonts\\HARLOWSI.TTF', name='Harlow Solid Italic', style='italic', variant='normal', weight=400, stretch='normal', size='scalable')) = 11.05
Sun, 22 Mar 2026 19:08:27 font_manager.py[line:1483] DEBUG findfont: score(FontEntry(fname='C:\\Windows\\Fonts\\trebuc.ttf', name='Trebuchet MS', style='normal', variant='normal', weight=400, stretch='normal', size='scalable')) = 10.05
Sun, 22 Mar 2026 19:08:27 font_manager.py[line:1483] DEBUG findfont: score(FontEntry(fname='C:\\Windows\\Fonts\\seguiemj.ttf', name='Segoe UI Emoji', style='normal', variant='normal', weight=400, stretch='normal', size='scalable')) = 10.05
Sun, 22 Mar 2026 19:08:27 font_manager.py[line:1483] DEBUG findfont: score(FontEntry(fname='C:\\Windows\\Fonts\\ROCCB___.TTF', name='Rockwell Condensed', style='normal', variant='normal', weight=700, stretch='condensed', size='scalable')) = 10.535
Sun, 22 Mar 2026 19:08:27 font_manager.py[line:1483] DEBUG findfont: score(FontEntry(fname='C:\\Windows\\Fonts\\FRABKIT.TTF', name='Franklin Gothic Book', style='italic', variant='normal', weight=400, stretch='normal', size='scalable')) = 11.05
Sun, 22 Mar 2026 19:08:27 font_manager.py[line:1483] DEBUG findfont: score(FontEntry(fname='C:\\Windows\\Fonts\\FRABK.TTF', name='Franklin Gothic Book', style='normal', variant='normal', weight=400, stretch='normal', size='scalable')) = 10.05
Sun, 22 Mar 2026 19:08:27 font_manager.py[line:1483] DEBUG findfont: score(FontEntry(fname='C:\\Windows\\Fonts\\georgiai.ttf', name='Georgia', style='italic', variant='normal', weight=400, stretch='normal', size='scalable')) = 11.05
Sun, 22 Mar 2026 19:08:27 font_manager.py[line:1483] DEBUG findfont: score(FontEntry(fname='C:\\Windows\\Fonts\\LSANS.TTF', name='Lucida Sans', style='normal', variant='normal', weight=400, stretch='normal', size='scalable')) = 10.05
Sun, 22 Mar 2026 19:08:27 font_manager.py[line:1483] DEBUG findfont: score(FontEntry(fname='C:\\Windows\\Fonts\\GOTHICB.TTF', name='Century Gothic', style='normal', variant='normal', weight=700, stretch='normal', size='scalable')) = 10.335
Sun, 22 Mar 2026 19:08:27 font_manager.py[line:1483] DEBUG findfont: score(FontEntry(fname='C:\\Windows\\Fonts\\malgunbd.ttf', name='Malgun Gothic', style='normal', variant='normal', weight=700, stretch='normal', size='scalable')) = 10.335
Sun, 22 Mar 2026 19:08:27 font_manager.py[line:1483] DEBUG findfont: score(FontEntry(fname='C:\\Windows\\Fonts\\LBRITEDI.TTF', name='Lucida Bright', style='italic', variant='normal', weight=600, stretch='normal', size='scalable')) = 11.24
Sun, 22 Mar 2026 19:08:27 font_manager.py[line:1483] DEBUG findfont: score(FontEntry(fname='C:\\Windows\\Fonts\\BKANT.TTF', name='Book Antiqua', style='normal', variant='normal', weight=400, stretch='normal', size='scalable')) = 10.05
Sun, 22 Mar 2026 19:08:27 font_manager.py[line:1483] DEBUG findfont: score(FontEntry(fname='C:\\Windows\\Fonts\\segoeuisl.ttf', name='Segoe UI', style='normal', variant='normal', weight=350, stretch='normal', size='scalable')) = 10.0975
Sun, 22 Mar 2026 19:08:27 font_manager.py[line:1483] DEBUG findfont: score(FontEntry(fname='C:\\Windows\\Fonts\\BOD_B.TTF', name='Bodoni MT', style='normal', variant='normal', weight=700, stretch='normal', size='scalable')) = 10.335
Sun, 22 Mar 2026 19:08:27 font_manager.py[line:1483] DEBUG findfont: score(FontEntry(fname='C:\\Windows\\Fonts\\FRADMCN.TTF', name='Franklin Gothic Demi Cond', style='normal', variant='normal', weight=400, stretch='condensed', size='scalable')) = 10.25
Sun, 22 Mar 2026 19:08:27 font_manager.py[line:1483] DEBUG findfont: score(FontEntry(fname='C:\\Windows\\Fonts\\REFSPCL.TTF', name='MS Reference Specialty', style='normal', variant='normal', weight=400, stretch='normal', size='scalable')) = 10.05
Sun, 22 Mar 2026 19:08:27 font_manager.py[line:1483] DEBUG findfont: score(FontEntry(fname='C:\\Windows\\Fonts\\msjhbd.ttc', name='Microsoft JhengHei', style='normal', variant='normal', weight=700, stretch='normal', size='scalable')) = 10.335
Sun, 22 Mar 2026 19:08:27 font_manager.py[line:1483] DEBUG findfont: score(FontEntry(fname='C:\\Windows\\Fonts\\timesi.ttf', name='Times New Roman', style='italic', variant='normal', weight=400, stretch='normal', size='scalable')) = 11.05
Sun, 22 Mar 2026 19:08:27 font_manager.py[line:1483] DEBUG findfont: score(FontEntry(fname='C:\\Windows\\Fonts\\wingding.ttf', name='Wingdings', style='normal', variant='normal', weight=400, stretch='normal', size='scalable')) = 10.05
Sun, 22 Mar 2026 19:08:27 font_manager.py[line:1483] DEBUG findfont: score(FontEntry(fname='C:\\Windows\\Fonts\\MTCORSVA.TTF', name='Monotype Corsiva', style='normal', variant='normal', weight=400, stretch='normal', size='scalable')) = 10.05
Sun, 22 Mar 2026 19:08:27 font_manager.py[line:1483] DEBUG findfont: score(FontEntry(fname='C:\\Windows\\Fonts\\tahoma.ttf', name='Tahoma', style='normal', variant='normal', weight=400, stretch='normal', size='scalable')) = 10.05
Sun, 22 Mar 2026 19:08:27 font_manager.py[line:1483] DEBUG findfont: score(FontEntry(fname='C:\\Windows\\Fonts\\CALISTBI.TTF', name='Calisto MT', style='italic', variant='normal', weight=700, stretch='normal', size='scalable')) = 11.335
Sun, 22 Mar 2026 19:08:27 font_manager.py[line:1483] DEBUG findfont: score(FontEntry(fname='C:\\Windows\\Fonts\\cambriaz.ttf', name='Cambria', style='italic', variant='normal', weight=700, stretch='normal', size='scalable')) = 11.335
Sun, 22 Mar 2026 19:08:27 font_manager.py[line:1483] DEBUG findfont: score(FontEntry(fname='C:\\Windows\\Fonts\\CALISTI.TTF', name='Calisto MT', style='italic', variant='normal', weight=400, stretch='normal', size='scalable')) = 11.05
Sun, 22 Mar 2026 19:08:27 font_manager.py[line:1483] DEBUG findfont: score(FontEntry(fname='C:\\Windows\\Fonts\\GILBI___.TTF', name='Gill Sans MT', style='italic', variant='normal', weight=700, stretch='normal', size='scalable')) = 11.335
Sun, 22 Mar 2026 19:08:27 font_manager.py[line:1483] DEBUG findfont: score(FontEntry(fname='C:\\Windows\\Fonts\\BOD_CBI.TTF', name='Bodoni MT', style='italic', variant='normal', weight=700, stretch='condensed', size='scalable')) = 11.535
Sun, 22 Mar 2026 19:08:27 font_manager.py[line:1483] DEBUG findfont: score(FontEntry(fname='C:\\Windows\\Fonts\\ARIALNB.TTF', name='Arial', style='normal', variant='normal', weight=700, stretch='condensed', size='scalable')) = 6.8986363636363635
Sun, 22 Mar 2026 19:08:27 font_manager.py[line:1483] DEBUG findfont: score(FontEntry(fname='C:\\Windows\\Fonts\\PLAYBILL.TTF', name='Playbill', style='normal', variant='normal', weight=400, stretch='normal', size='scalable')) = 10.05
Sun, 22 Mar 2026 19:08:27 font_manager.py[line:1483] DEBUG findfont: score(FontEntry(fname='C:\\Windows\\Fonts\\CALISTB.TTF', name='Calisto MT', style='normal', variant='normal', weight=700, stretch='normal', size='scalable')) = 10.335
Sun, 22 Mar 2026 19:08:27 font_manager.py[line:1483] DEBUG findfont: score(FontEntry(fname='C:\\Windows\\Fonts\\FRAMDCN.TTF', name='Franklin Gothic Medium Cond', style='normal', variant='normal', weight=400, stretch='condensed', size='scalable')) = 10.25
Sun, 22 Mar 2026 19:08:27 font_manager.py[line:1483] DEBUG findfont: score(FontEntry(fname='C:\\Windows\\Fonts\\mvboli.ttf', name='MV Boli', style='normal', variant='normal', weight=400, stretch='normal', size='scalable')) = 10.05
Sun, 22 Mar 2026 19:08:27 font_manager.py[line:1483] DEBUG findfont: score(FontEntry(fname='C:\\Windows\\Fonts\\BERNHC.TTF', name='Bernard MT Condensed', style='normal', variant='normal', weight=400, stretch='condensed', size='scalable')) = 10.25
Sun, 22 Mar 2026 19:08:27 font_manager.py[line:1483] DEBUG findfont: score(FontEntry(fname='C:\\Windows\\Fonts\\BOOKOSBI.TTF', name='Bookman Old Style', style='italic', variant='normal', weight=600, stretch='normal', size='scalable')) = 11.24
Sun, 22 Mar 2026 19:08:27 font_manager.py[line:1483] DEBUG findfont: score(FontEntry(fname='C:\\Windows\\Fonts\\javatext.ttf', name='Javanese Text', style='normal', variant='normal', weight=400, stretch='normal', size='scalable')) = 10.05
Sun, 22 Mar 2026 19:08:27 font_manager.py[line:1483] DEBUG findfont: score(FontEntry(fname='C:\\Windows\\Fonts\\corbelb.ttf', name='Corbel', style='normal', variant='normal', weight=700, stretch='normal', size='scalable')) = 10.335
Sun, 22 Mar 2026 19:08:27 font_manager.py[line:1483] DEBUG findfont: score(FontEntry(fname='C:\\Windows\\Fonts\\ROCKI.TTF', name='Rockwell', style='italic', variant='normal', weight=400, stretch='normal', size='scalable')) = 11.05
Sun, 22 Mar 2026 19:08:27 font_manager.py[line:1483] DEBUG findfont: score(FontEntry(fname='C:\\Windows\\Fonts\\constan.ttf', name='Constantia', style='normal', variant='normal', weight=400, stretch='normal', size='scalable')) = 10.05
Sun, 22 Mar 2026 19:08:27 font_manager.py[line:1483] DEBUG findfont: score(FontEntry(fname='C:\\Windows\\Fonts\\corbel.ttf', name='Corbel', style='normal', variant='normal', weight=400, stretch='normal', size='scalable')) = 10.05
Sun, 22 Mar 2026 19:08:27 font_manager.py[line:1483] DEBUG findfont: score(FontEntry(fname='C:\\Windows\\Fonts\\framd.ttf', name='Franklin Gothic Medium', style='normal', variant='normal', weight=400, stretch='normal', size='scalable')) = 10.05
Sun, 22 Mar 2026 19:08:27 font_manager.py[line:1483] DEBUG findfont: score(FontEntry(fname='C:\\Windows\\Fonts\\ELEPHNT.TTF', name='Elephant', style='normal', variant='normal', weight=400, stretch='normal', size='scalable')) = 10.05
Sun, 22 Mar 2026 19:08:27 font_manager.py[line:1483] DEBUG findfont: score(FontEntry(fname='C:\\Windows\\Fonts\\NIAGSOL.TTF', name='Niagara Solid', style='normal', variant='normal', weight=400, stretch='normal', size='scalable')) = 10.05
Sun, 22 Mar 2026 19:08:27 font_manager.py[line:1483] DEBUG findfont: score(FontEntry(fname='C:\\Windows\\Fonts\\COOPBL.TTF', name='Cooper Black', style='normal', variant='normal', weight=400, stretch='normal', size='scalable')) = 10.05
Sun, 22 Mar 2026 19:08:27 font_manager.py[line:1483] DEBUG findfont: score(FontEntry(fname='C:\\Windows\\Fonts\\impact.ttf', name='Impact', style='normal', variant='normal', weight=400, stretch='normal', size='scalable')) = 10.05
Sun, 22 Mar 2026 19:08:27 font_manager.py[line:1483] DEBUG findfont: score(FontEntry(fname='C:\\Windows\\Fonts\\CALIST.TTF', name='Calisto MT', style='normal', variant='normal', weight=400, stretch='normal', size='scalable')) = 10.05
Sun, 22 Mar 2026 19:08:27 font_manager.py[line:1483] DEBUG findfont: score(FontEntry(fname='C:\\Windows\\Fonts\\GIL_____.TTF', name='Gill Sans MT', style='normal', variant='normal', weight=400, stretch='normal', size='scalable')) = 10.05
Sun, 22 Mar 2026 19:08:27 font_manager.py[line:1483] DEBUG findfont: score(FontEntry(fname='C:\\Windows\\Fonts\\cambria.ttc', name='Cambria', style='normal', variant='normal', weight=400, stretch='normal', size='scalable')) = 10.05
Sun, 22 Mar 2026 19:08:27 font_manager.py[line:1483] DEBUG findfont: score(FontEntry(fname='C:\\Windows\\Fonts\\STENCIL.TTF', name='Stencil', style='normal', variant='normal', weight=400, stretch='normal', size='scalable')) = 10.05
Sun, 22 Mar 2026 19:08:27 font_manager.py[line:1483] DEBUG findfont: score(FontEntry(fname='C:\\Windows\\Fonts\\SNAP____.TTF', name='Snap ITC', style='normal', variant='normal', weight=400, stretch='normal', size='scalable')) = 10.05
Sun, 22 Mar 2026 19:08:27 font_manager.py[line:1483] DEBUG findfont: score(FontEntry(fname='C:\\Windows\\Fonts\\YuGothB.ttc', name='Yu Gothic', style='normal', variant='normal', weight=700, stretch='normal', size='scalable')) = 10.335
Sun, 22 Mar 2026 19:08:27 font_manager.py[line:1483] DEBUG findfont: score(FontEntry(fname='C:\\Windows\\Fonts\\SitkaVF.ttf', name='Sitka', style='normal', variant='normal', weight=400, stretch='normal', size='scalable')) = 10.05
Sun, 22 Mar 2026 19:08:27 font_manager.py[line:1483] DEBUG findfont: score(FontEntry(fname='C:\\Windows\\Fonts\\FTLTLT.TTF', name='Footlight MT Light', style='normal', variant='normal', weight=300, stretch='normal', size='scalable')) = 10.145
Sun, 22 Mar 2026 19:08:27 font_manager.py[line:1483] DEBUG findfont: score(FontEntry(fname='C:\\Windows\\Fonts\\BELLI.TTF', name='Bell MT', style='italic', variant='normal', weight=400, stretch='normal', size='scalable')) = 11.05
Sun, 22 Mar 2026 19:08:27 font_manager.py[line:1483] DEBUG findfont: score(FontEntry(fname='C:\\Windows\\Fonts\\BOD_PSTC.TTF', name='Bodoni MT', style='normal', variant='normal', weight=300, stretch='normal', size='scalable')) = 10.145
Sun, 22 Mar 2026 19:08:27 font_manager.py[line:1483] DEBUG findfont: score(FontEntry(fname='C:\\Windows\\Fonts\\calibriz.ttf', name='Calibri', style='italic', variant='normal', weight=700, stretch='normal', size='scalable')) = 11.335
Sun, 22 Mar 2026 19:08:27 font_manager.py[line:1483] DEBUG findfont: score(FontEntry(fname='C:\\Windows\\Fonts\\constanz.ttf', name='Constantia', style='italic', variant='normal', weight=700, stretch='normal', size='scalable')) = 11.335
Sun, 22 Mar 2026 19:08:27 font_manager.py[line:1483] DEBUG findfont: score(FontEntry(fname='C:\\Windows\\Fonts\\palabi.ttf', name='Palatino Linotype', style='italic', variant='normal', weight=700, stretch='normal', size='scalable')) = 11.335
Sun, 22 Mar 2026 19:08:27 font_manager.py[line:1483] DEBUG findfont: score(FontEntry(fname='C:\\Windows\\Fonts\\LHANDW.TTF', name='Lucida Handwriting', style='italic', variant='normal', weight=400, stretch='normal', size='scalable')) = 11.05
Sun, 22 Mar 2026 19:08:27 font_manager.py[line:1483] DEBUG findfont: score(FontEntry(fname='C:\\Windows\\Fonts\\CALIFI.TTF', name='Californian FB', style='italic', variant='normal', weight=400, stretch='normal', size='scalable')) = 11.05
Sun, 22 Mar 2026 19:08:27 font_manager.py[line:1483] DEBUG findfont: score(FontEntry(fname='C:\\Windows\\Fonts\\timesbi.ttf', name='Times New Roman', style='italic', variant='normal', weight=700, stretch='normal', size='scalable')) = 11.335
Sun, 22 Mar 2026 19:08:27 font_manager.py[line:1483] DEBUG findfont: score(FontEntry(fname='C:\\Windows\\Fonts\\POORICH.TTF', name='Poor Richard', style='normal', variant='normal', weight=400, stretch='normal', size='scalable')) = 10.05
Sun, 22 Mar 2026 19:08:27 font_manager.py[line:1483] DEBUG findfont: score(FontEntry(fname='C:\\Windows\\Fonts\\BOD_CR.TTF', name='Bodoni MT', style='normal', variant='normal', weight=400, stretch='condensed', size='scalable')) = 10.25
Sun, 22 Mar 2026 19:08:27 font_manager.py[line:1483] DEBUG findfont: score(FontEntry(fname='C:\\Windows\\Fonts\\MAGNETOB.TTF', name='Magneto', style='normal', variant='normal', weight=700, stretch='normal', size='scalable')) = 10.335
Sun, 22 Mar 2026 19:08:27 font_manager.py[line:1483] DEBUG findfont: score(FontEntry(fname='C:\\Windows\\Fonts\\LeelaUIb.ttf', name='Leelawadee UI', style='normal', variant='normal', weight=700, stretch='normal', size='scalable')) = 10.335
Sun, 22 Mar 2026 19:08:27 font_manager.py[line:1483] DEBUG findfont: score(FontEntry(fname='C:\\Windows\\Fonts\\segoescb.ttf', name='Segoe Script', style='normal', variant='normal', weight=700, stretch='normal', size='scalable')) = 10.335
Sun, 22 Mar 2026 19:08:27 font_manager.py[line:1483] DEBUG findfont: score(FontEntry(fname='C:\\Windows\\Fonts\\HTOWERTI.TTF', name='High Tower Text', style='italic', variant='normal', weight=400, stretch='normal', size='scalable')) = 11.05
Sun, 22 Mar 2026 19:08:27 font_manager.py[line:1483] DEBUG findfont: score(FontEntry(fname='C:\\Windows\\Fonts\\BOD_I.TTF', name='Bodoni MT', style='italic', variant='normal', weight=400, stretch='normal', size='scalable')) = 11.05
Sun, 22 Mar 2026 19:08:27 font_manager.py[line:1483] DEBUG findfont: score(FontEntry(fname='C:\\Windows\\Fonts\\COLONNA.TTF', name='Colonna MT', style='normal', variant='normal', weight=400, stretch='normal', size='scalable')) = 10.05
Sun, 22 Mar 2026 19:08:27 font_manager.py[line:1483] DEBUG findfont: score(FontEntry(fname='C:\\Windows\\Fonts\\FRADMIT.TTF', name='Franklin Gothic Demi', style='italic', variant='normal', weight=400, stretch='normal', size='scalable')) = 11.05
Sun, 22 Mar 2026 19:08:27 font_manager.py[line:1483] DEBUG findfont: score(FontEntry(fname='C:\\Windows\\Fonts\\GARAIT.TTF', name='Garamond', style='italic', variant='normal', weight=400, stretch='normal', size='scalable')) = 11.05
Sun, 22 Mar 2026 19:08:27 font_manager.py[line:1483] DEBUG findfont: score(FontEntry(fname='C:\\Windows\\Fonts\\constanb.ttf', name='Constantia', style='normal', variant='normal', weight=700, stretch='normal', size='scalable')) = 10.335
Sun, 22 Mar 2026 19:08:27 font_manager.py[line:1483] DEBUG findfont: score(FontEntry(fname='C:\\Windows\\Fonts\\LFAX.TTF', name='Lucida Fax', style='normal', variant='normal', weight=400, stretch='normal', size='scalable')) = 10.05
Sun, 22 Mar 2026 19:08:27 font_manager.py[line:1483] DEBUG findfont: score(FontEntry(fname='C:\\Windows\\Fonts\\SimsunExtG.ttf', name='SimSun-ExtG', style='normal', variant='normal', weight=400, stretch='normal', size='scalable')) = 10.05
Sun, 22 Mar 2026 19:08:27 font_manager.py[line:1483] DEBUG findfont: score(FontEntry(fname='C:\\Windows\\Fonts\\CENSCBK.TTF', name='Century Schoolbook', style='normal', variant='normal', weight=400, stretch='normal', size='scalable')) = 10.05
Sun, 22 Mar 2026 19:08:27 font_manager.py[line:1483] DEBUG findfont: score(FontEntry(fname='C:\\Windows\\Fonts\\LTYPEBO.TTF', name='Lucida Sans Typewriter', style='oblique', variant='normal', weight=600, stretch='normal', size='scalable')) = 11.24
Sun, 22 Mar 2026 19:08:27 font_manager.py[line:1483] DEBUG findfont: score(FontEntry(fname='C:\\Windows\\Fonts\\LFAXD.TTF', name='Lucida Fax', style='normal', variant='normal', weight=600, stretch='normal', size='scalable')) = 10.24
Sun, 22 Mar 2026 19:08:27 font_manager.py[line:1483] DEBUG findfont: score(FontEntry(fname='C:\\Windows\\Fonts\\ebrima.ttf', name='Ebrima', style='normal', variant='normal', weight=400, stretch='normal', size='scalable')) = 10.05
Sun, 22 Mar 2026 19:08:27 font_manager.py[line:1483] DEBUG findfont: score(FontEntry(fname='C:\\Windows\\Fonts\\BRLNSDB.TTF', name='Berlin Sans FB Demi', style='normal', variant='normal', weight=700, stretch='normal', size='scalable')) = 10.335
Sun, 22 Mar 2026 19:08:27 font_manager.py[line:1483] DEBUG findfont: score(FontEntry(fname='C:\\Windows\\Fonts\\calibri.ttf', name='Calibri', style='normal', variant='normal', weight=400, stretch='normal', size='scalable')) = 10.05
Sun, 22 Mar 2026 19:08:27 font_manager.py[line:1483] DEBUG findfont: score(FontEntry(fname='C:\\Windows\\Fonts\\courbd.ttf', name='Courier New', style='normal', variant='normal', weight=700, stretch='normal', size='scalable')) = 10.335
Sun, 22 Mar 2026 19:08:27 font_manager.py[line:1483] DEBUG findfont: score(FontEntry(fname='C:\\Windows\\Fonts\\framdit.ttf', name='Franklin Gothic Medium', style='italic', variant='normal', weight=400, stretch='normal', size='scalable')) = 11.05
Sun, 22 Mar 2026 19:08:27 font_manager.py[line:1483] DEBUG findfont: score(FontEntry(fname='C:\\Windows\\Fonts\\OUTLOOK.TTF', name='MS Outlook', style='normal', variant='normal', weight=400, stretch='normal', size='scalable')) = 10.05
Sun, 22 Mar 2026 19:08:27 font_manager.py[line:1483] DEBUG findfont: score(FontEntry(fname='C:\\Windows\\Fonts\\HTOWERT.TTF', name='High Tower Text', style='normal', variant='normal', weight=400, stretch='normal', size='scalable')) = 10.05
Sun, 22 Mar 2026 19:08:27 font_manager.py[line:1483] DEBUG findfont: score(FontEntry(fname='C:\\Windows\\Fonts\\Candarai.ttf', name='Candara', style='italic', variant='normal', weight=400, stretch='normal', size='scalable')) = 11.05
Sun, 22 Mar 2026 19:08:27 font_manager.py[line:1483] DEBUG findfont: score(FontEntry(fname='C:\\Windows\\Fonts\\segoepr.ttf', name='Segoe Print', style='normal', variant='normal', weight=400, stretch='normal', size='scalable')) = 10.05
Sun, 22 Mar 2026 19:08:27 font_manager.py[line:1483] DEBUG findfont: score(FontEntry(fname='C:\\Windows\\Fonts\\ARLRDBD.TTF', name='Arial Rounded MT Bold', style='normal', variant='normal', weight=400, stretch='normal', size='scalable')) = 10.05
Sun, 22 Mar 2026 19:08:27 font_manager.py[line:1483] DEBUG findfont: score(FontEntry(fname='C:\\Windows\\Fonts\\GILI____.TTF', name='Gill Sans MT', style='italic', variant='normal', weight=400, stretch='normal', size='scalable')) = 11.05
Sun, 22 Mar 2026 19:08:27 font_manager.py[line:1483] DEBUG findfont: score(FontEntry(fname='C:\\Windows\\Fonts\\Candaral.ttf', name='Candara', style='normal', variant='normal', weight=400, stretch='normal', size='scalable')) = 10.05
Sun, 22 Mar 2026 19:08:27 font_manager.py[line:1483] DEBUG findfont: score(FontEntry(fname='C:\\Windows\\Fonts\\LTYPE.TTF', name='Lucida Sans Typewriter', style='normal', variant='normal', weight=400, stretch='normal', size='scalable')) = 10.05
Sun, 22 Mar 2026 19:08:27 font_manager.py[line:1483] DEBUG findfont: score(FontEntry(fname='C:\\Windows\\Fonts\\LSANSI.TTF', name='Lucida Sans', style='italic', variant='normal', weight=400, stretch='normal', size='scalable')) = 11.05
Sun, 22 Mar 2026 19:08:27 font_manager.py[line:1483] DEBUG findfont: score(FontEntry(fname='C:\\Windows\\Fonts\\SCHLBKBI.TTF', name='Century Schoolbook', style='italic', variant='normal', weight=700, stretch='normal', size='scalable')) = 11.335
Sun, 22 Mar 2026 19:08:27 font_manager.py[line:1483] DEBUG findfont: score(FontEntry(fname='C:\\Windows\\Fonts\\GARABD.TTF', name='Garamond', style='normal', variant='normal', weight=700, stretch='normal', size='scalable')) = 10.335
Sun, 22 Mar 2026 19:08:27 font_manager.py[line:1483] DEBUG findfont: score(FontEntry(fname='C:\\Windows\\Fonts\\consolai.ttf', name='Consolas', style='italic', variant='normal', weight=400, stretch='normal', size='scalable')) = 11.05
Sun, 22 Mar 2026 19:08:27 font_manager.py[line:1483] DEBUG findfont: score(FontEntry(fname='C:\\Windows\\Fonts\\Candarab.ttf', name='Candara', style='normal', variant='normal', weight=700, stretch='normal', size='scalable')) = 10.335
Sun, 22 Mar 2026 19:08:27 font_manager.py[line:1483] DEBUG findfont: score(FontEntry(fname='C:\\Windows\\Fonts\\YuGothL.ttc', name='Yu Gothic', style='normal', variant='normal', weight=300, stretch='normal', size='scalable')) = 10.145
Sun, 22 Mar 2026 19:08:27 font_manager.py[line:1483] DEBUG findfont: score(FontEntry(fname='C:\\Windows\\Fonts\\segoesc.ttf', name='Segoe Script', style='normal', variant='normal', weight=400, stretch='normal', size='scalable')) = 10.05
Sun, 22 Mar 2026 19:08:27 font_manager.py[line:1483] DEBUG findfont: score(FontEntry(fname='C:\\Windows\\Fonts\\consolaz.ttf', name='Consolas', style='italic', variant='normal', weight=700, stretch='normal', size='scalable')) = 11.335
Sun, 22 Mar 2026 19:08:27 font_manager.py[line:1483] DEBUG findfont: score(FontEntry(fname='C:\\Windows\\Fonts\\CASTELAR.TTF', name='Castellar', style='normal', variant='normal', weight=400, stretch='normal', size='scalable')) = 10.05
Sun, 22 Mar 2026 19:08:27 font_manager.py[line:1483] DEBUG findfont: score(FontEntry(fname='C:\\Windows\\Fonts\\YuGothR.ttc', name='Yu Gothic', style='normal', variant='normal', weight=400, stretch='normal', size='scalable')) = 10.05
Sun, 22 Mar 2026 19:08:27 font_manager.py[line:1483] DEBUG findfont: score(FontEntry(fname='C:\\Windows\\Fonts\\gadugi.ttf', name='Gadugi', style='normal', variant='normal', weight=400, stretch='normal', size='scalable')) = 10.05
Sun, 22 Mar 2026 19:08:27 font_manager.py[line:1483] DEBUG findfont: score(FontEntry(fname='C:\\Windows\\Fonts\\ARIALNBI.TTF', name='Arial', style='italic', variant='normal', weight=700, stretch='condensed', size='scalable')) = 7.8986363636363635
Sun, 22 Mar 2026 19:08:27 font_manager.py[line:1483] DEBUG findfont: score(FontEntry(fname='C:\\Windows\\Fonts\\TCB_____.TTF', name='Tw Cen MT', style='normal', variant='normal', weight=700, stretch='normal', size='scalable')) = 10.335
Sun, 22 Mar 2026 19:08:27 font_manager.py[line:1483] DEBUG findfont: score(FontEntry(fname='C:\\Windows\\Fonts\\ariali.ttf', name='Arial', style='italic', variant='normal', weight=400, stretch='normal', size='scalable')) = 7.413636363636363
Sun, 22 Mar 2026 19:08:27 font_manager.py[line:1483] DEBUG findfont: score(FontEntry(fname='C:\\Windows\\Fonts\\segmdl2.ttf', name='Segoe MDL2 Assets', style='normal', variant='normal', weight=400, stretch='normal', size='scalable')) = 10.05
Sun, 22 Mar 2026 19:08:27 font_manager.py[line:1483] DEBUG findfont: score(FontEntry(fname='C:\\Windows\\Fonts\\PERB____.TTF', name='Perpetua', style='normal', variant='normal', weight=700, stretch='normal', size='scalable')) = 10.335
Sun, 22 Mar 2026 19:08:27 font_manager.py[line:1483] DEBUG findfont: score(FontEntry(fname='C:\\Windows\\Fonts\\DUBAI-BOLD.TTF', name='Dubai', style='normal', variant='normal', weight=700, stretch='normal', size='scalable')) = 10.335
Sun, 22 Mar 2026 19:08:27 font_manager.py[line:1483] DEBUG findfont: score(FontEntry(fname='C:\\Windows\\Fonts\\GILC____.TTF', name='Gill Sans MT Condensed', style='normal', variant='normal', weight=400, stretch='condensed', size='scalable')) = 10.25
Sun, 22 Mar 2026 19:08:27 font_manager.py[line:1483] DEBUG findfont: score(FontEntry(fname='C:\\Windows\\Fonts\\GARA.TTF', name='Garamond', style='normal', variant='normal', weight=400, stretch='normal', size='scalable')) = 10.05
Sun, 22 Mar 2026 19:08:27 font_manager.py[line:1483] DEBUG findfont: score(FontEntry(fname='C:\\Windows\\Fonts\\palab.ttf', name='Palatino Linotype', style='normal', variant='normal', weight=700, stretch='normal', size='scalable')) = 10.335
Sun, 22 Mar 2026 19:08:27 font_manager.py[line:1483] DEBUG findfont: score(FontEntry(fname='C:\\Windows\\Fonts\\cambriab.ttf', name='Cambria', style='normal', variant='normal', weight=700, stretch='normal', size='scalable')) = 10.335
Sun, 22 Mar 2026 19:08:27 font_manager.py[line:1483] DEBUG findfont: score(FontEntry(fname='C:\\Windows\\Fonts\\ANTQUAI.TTF', name='Book Antiqua', style='italic', variant='normal', weight=400, stretch='normal', size='scalable')) = 11.05
Sun, 22 Mar 2026 19:08:27 font_manager.py[line:1483] DEBUG findfont: score(FontEntry(fname='C:\\Windows\\Fonts\\comic.ttf', name='Comic Sans MS', style='normal', variant='normal', weight=400, stretch='normal', size='scalable')) = 10.05
Sun, 22 Mar 2026 19:08:27 font_manager.py[line:1483] DEBUG findfont: score(FontEntry(fname='C:\\Windows\\Fonts\\LBRITED.TTF', name='Lucida Bright', style='normal', variant='normal', weight=600, stretch='normal', size='scalable')) = 10.24
Sun, 22 Mar 2026 19:08:27 font_manager.py[line:1483] DEBUG findfont: score(FontEntry(fname='C:\\Windows\\Fonts\\LATINWD.TTF', name='Wide Latin', style='normal', variant='normal', weight=400, stretch='expanded', size='scalable')) = 10.25
Sun, 22 Mar 2026 19:08:27 font_manager.py[line:1483] DEBUG findfont: score(FontEntry(fname='C:\\Windows\\Fonts\\bahnschrift.ttf', name='Bahnschrift', style='normal', variant='normal', weight=400, stretch='normal', size='scalable')) = 10.05
Sun, 22 Mar 2026 19:08:27 font_manager.py[line:1483] DEBUG findfont: score(FontEntry(fname='C:\\Windows\\Fonts\\corbell.ttf', name='Corbel', style='normal', variant='normal', weight=300, stretch='normal', size='scalable')) = 10.145
Sun, 22 Mar 2026 19:08:27 font_manager.py[line:1483] DEBUG findfont: score(FontEntry(fname='C:\\Windows\\Fonts\\IMPRISHA.TTF', name='Imprint MT Shadow', style='normal', variant='normal', weight=400, stretch='normal', size='scalable')) = 10.05
Sun, 22 Mar 2026 19:08:27 font_manager.py[line:1483] DEBUG findfont: score(FontEntry(fname='C:\\Windows\\Fonts\\AGENCYR.TTF', name='Agency FB', style='normal', variant='normal', weight=400, stretch='normal', size='scalable')) = 10.05
Sun, 22 Mar 2026 19:08:27 font_manager.py[line:1483] DEBUG findfont: score(FontEntry(fname='C:\\Windows\\Fonts\\ntailub.ttf', name='Microsoft New Tai Lue', style='normal', variant='normal', weight=700, stretch='normal', size='scalable')) = 10.335
Sun, 22 Mar 2026 19:08:27 font_manager.py[line:1483] DEBUG findfont: score(FontEntry(fname='C:\\Windows\\Fonts\\LCALLIG.TTF', name='Lucida Calligraphy', style='italic', variant='normal', weight=400, stretch='normal', size='scalable')) = 11.05
Sun, 22 Mar 2026 19:08:27 font_manager.py[line:1483] DEBUG findfont: score(FontEntry(fname='C:\\Windows\\Fonts\\ERASDEMI.TTF', name='Eras Demi ITC', style='normal', variant='normal', weight=400, stretch='normal', size='scalable')) = 10.05
Sun, 22 Mar 2026 19:08:27 font_manager.py[line:1483] DEBUG findfont: score(FontEntry(fname='C:\\Windows\\Fonts\\LTYPEB.TTF', name='Lucida Sans Typewriter', style='normal', variant='normal', weight=600, stretch='normal', size='scalable')) = 10.24
Sun, 22 Mar 2026 19:08:27 font_manager.py[line:1483] DEBUG findfont: score(FontEntry(fname='C:\\Windows\\Fonts\\PAPYRUS.TTF', name='Papyrus', style='normal', variant='normal', weight=400, stretch='normal', size='scalable')) = 10.05
Sun, 22 Mar 2026 19:08:27 font_manager.py[line:1483] DEBUG findfont: score(FontEntry(fname='C:\\Windows\\Fonts\\COPRGTB.TTF', name='Copperplate Gothic Bold', style='normal', variant='normal', weight=400, stretch='normal', size='scalable')) = 10.05
Sun, 22 Mar 2026 19:08:27 font_manager.py[line:1483] DEBUG findfont: score(FontEntry(fname='C:\\Windows\\Fonts\\BSSYM7.TTF', name='Bookshelf Symbol 7', style='normal', variant='normal', weight=400, stretch='normal', size='scalable')) = 10.05
Sun, 22 Mar 2026 19:08:27 font_manager.py[line:1483] DEBUG findfont: score(FontEntry(fname='C:\\Windows\\Fonts\\seguibli.ttf', name='Segoe UI', style='italic', variant='normal', weight=900, stretch='normal', size='scalable')) = 11.525
Sun, 22 Mar 2026 19:08:27 font_manager.py[line:1483] DEBUG findfont: score(FontEntry(fname='C:\\Windows\\Fonts\\ARIALN.TTF', name='Arial', style='normal', variant='normal', weight=400, stretch='condensed', size='scalable')) = 6.613636363636363
Sun, 22 Mar 2026 19:08:27 font_manager.py[line:1483] DEBUG findfont: score(FontEntry(fname='C:\\Windows\\Fonts\\SegoeIcons.ttf', name='Segoe Fluent Icons', style='normal', variant='normal', weight=400, stretch='normal', size='scalable')) = 10.05
Sun, 22 Mar 2026 19:08:27 font_manager.py[line:1483] DEBUG findfont: score(FontEntry(fname='C:\\Windows\\Fonts\\MAIAN.TTF', name='Maiandra GD', style='normal', variant='normal', weight=400, stretch='normal', size='scalable')) = 10.05
Sun, 22 Mar 2026 19:08:27 font_manager.py[line:1483] DEBUG findfont: score(FontEntry(fname='C:\\Windows\\Fonts\\seguihis.ttf', name='Segoe UI Historic', style='normal', variant='normal', weight=400, stretch='normal', size='scalable')) = 10.05
Sun, 22 Mar 2026 19:08:27 font_manager.py[line:1483] DEBUG findfont: score(FontEntry(fname='C:\\Windows\\Fonts\\trebucbi.ttf', name='Trebuchet MS', style='italic', variant='normal', weight=700, stretch='normal', size='scalable')) = 11.335
Sun, 22 Mar 2026 19:08:27 font_manager.py[line:1483] DEBUG findfont: score(FontEntry(fname='C:\\Windows\\Fonts\\segoeuil.ttf', name='Segoe UI', style='normal', variant='normal', weight=300, stretch='normal', size='scalable')) = 10.145
Sun, 22 Mar 2026 19:08:27 font_manager.py[line:1483] DEBUG findfont: score(FontEntry(fname='C:\\Windows\\Fonts\\consolab.ttf', name='Consolas', style='normal', variant='normal', weight=700, stretch='normal', size='scalable')) = 10.335
Sun, 22 Mar 2026 19:08:27 font_manager.py[line:1483] DEBUG findfont: score(FontEntry(fname='C:\\Windows\\Fonts\\OLDENGL.TTF', name='Old English Text MT', style='normal', variant='normal', weight=400, stretch='normal', size='scalable')) = 10.05
Sun, 22 Mar 2026 19:08:27 font_manager.py[line:1483] DEBUG findfont: score(FontEntry(fname='C:\\Windows\\Fonts\\DUBAI-MEDIUM.TTF', name='Dubai', style='normal', variant='normal', weight=500, stretch='normal', size='scalable')) = 10.145
Sun, 22 Mar 2026 19:08:27 font_manager.py[line:1483] DEBUG findfont: score(FontEntry(fname='C:\\Windows\\Fonts\\mingliub.ttc', name='MingLiU-ExtB', style='normal', variant='normal', weight=400, stretch='normal', size='scalable')) = 10.05
Sun, 22 Mar 2026 19:08:27 font_manager.py[line:1483] DEBUG findfont: score(FontEntry(fname='C:\\Windows\\Fonts\\RAVIE.TTF', name='Ravie', style='normal', variant='normal', weight=400, stretch='normal', size='scalable')) = 10.05
Sun, 22 Mar 2026 19:08:27 font_manager.py[line:1483] DEBUG findfont: score(FontEntry(fname='C:\\Windows\\Fonts\\VIVALDII.TTF', name='Vivaldi', style='italic', variant='normal', weight=400, stretch='normal', size='scalable')) = 11.05
Sun, 22 Mar 2026 19:08:27 font_manager.py[line:1483] DEBUG findfont: score(FontEntry(fname='C:\\Windows\\Fonts\\BOD_CI.TTF', name='Bodoni MT', style='italic', variant='normal', weight=400, stretch='condensed', size='scalable')) = 11.25
Sun, 22 Mar 2026 19:08:27 font_manager.py[line:1483] DEBUG findfont: score(FontEntry(fname='C:\\Windows\\Fonts\\BELL.TTF', name='Bell MT', style='normal', variant='normal', weight=400, stretch='normal', size='scalable')) = 10.05
Sun, 22 Mar 2026 19:08:27 font_manager.py[line:1483] DEBUG findfont: score(FontEntry(fname='C:\\Windows\\Fonts\\malgunsl.ttf', name='Malgun Gothic', style='normal', variant='normal', weight=300, stretch='normal', size='scalable')) = 10.145
Sun, 22 Mar 2026 19:08:27 font_manager.py[line:1483] DEBUG findfont: score(FontEntry(fname='C:\\Windows\\Fonts\\ROCC____.TTF', name='Rockwell Condensed', style='normal', variant='normal', weight=400, stretch='condensed', size='scalable')) = 10.25
Sun, 22 Mar 2026 19:08:27 font_manager.py[line:1483] DEBUG findfont: score(FontEntry(fname='C:\\Windows\\Fonts\\SCHLBKI.TTF', name='Century Schoolbook', style='italic', variant='normal', weight=400, stretch='normal', size='scalable')) = 11.05
Sun, 22 Mar 2026 19:08:27 font_manager.py[line:1483] DEBUG findfont: score(FontEntry(fname='C:\\Windows\\Fonts\\GILSANUB.TTF', name='Gill Sans Ultra Bold', style='normal', variant='normal', weight=400, stretch='normal', size='scalable')) = 10.05
Sun, 22 Mar 2026 19:08:27 font_manager.py[line:1483] DEBUG findfont: score(FontEntry(fname='C:\\Windows\\Fonts\\ITCKRIST.TTF', name='Kristen ITC', style='normal', variant='normal', weight=400, stretch='normal', size='scalable')) = 10.05
Sun, 22 Mar 2026 19:08:27 font_manager.py[line:1483] DEBUG findfont: score(FontEntry(fname='C:\\Windows\\Fonts\\calibrii.ttf', name='Calibri', style='italic', variant='normal', weight=400, stretch='normal', size='scalable')) = 11.05
Sun, 22 Mar 2026 19:08:27 font_manager.py[line:1483] DEBUG findfont: score(FontEntry(fname='C:\\Windows\\Fonts\\PARCHM.TTF', name='Parchment', style='normal', variant='normal', weight=400, stretch='normal', size='scalable')) = 10.05
Sun, 22 Mar 2026 19:08:27 font_manager.py[line:1483] DEBUG findfont: score(FontEntry(fname='C:\\Windows\\Fonts\\TCCM____.TTF', name='Tw Cen MT Condensed', style='normal', variant='normal', weight=400, stretch='condensed', size='scalable')) = 10.25
Sun, 22 Mar 2026 19:08:27 font_manager.py[line:1483] DEBUG findfont: score(FontEntry(fname='C:\\Windows\\Fonts\\micross.ttf', name='Microsoft Sans Serif', style='normal', variant='normal', weight=400, stretch='normal', size='scalable')) = 10.05
Sun, 22 Mar 2026 19:08:27 font_manager.py[line:1483] DEBUG findfont: score(FontEntry(fname='C:\\Windows\\Fonts\\trebucbd.ttf', name='Trebuchet MS', style='normal', variant='normal', weight=700, stretch='normal', size='scalable')) = 10.335
Sun, 22 Mar 2026 19:08:27 font_manager.py[line:1483] DEBUG findfont: score(FontEntry(fname='C:\\Windows\\Fonts\\cambriai.ttf', name='Cambria', style='italic', variant='normal', weight=400, stretch='normal', size='scalable')) = 11.05
Sun, 22 Mar 2026 19:08:27 font_manager.py[line:1483] DEBUG findfont: score(FontEntry(fname='C:\\Windows\\Fonts\\ebrimabd.ttf', name='Ebrima', style='normal', variant='normal', weight=700, stretch='normal', size='scalable')) = 10.335
Sun, 22 Mar 2026 19:08:27 font_manager.py[line:1483] DEBUG findfont: score(FontEntry(fname='C:\\Windows\\Fonts\\CALIFR.TTF', name='Californian FB', style='normal', variant='normal', weight=400, stretch='normal', size='scalable')) = 10.05
Sun, 22 Mar 2026 19:08:27 font_manager.py[line:1483] DEBUG findfont: score(FontEntry(fname='C:\\Windows\\Fonts\\monbaiti.ttf', name='Mongolian Baiti', style='normal', variant='normal', weight=400, stretch='normal', size='scalable')) = 10.05
Sun, 22 Mar 2026 19:08:27 font_manager.py[line:1483] DEBUG findfont: score(FontEntry(fname='C:\\Windows\\Fonts\\BASKVILL.TTF', name='Baskerville Old Face', style='normal', variant='normal', weight=400, stretch='normal', size='scalable')) = 10.05
Sun, 22 Mar 2026 19:08:27 font_manager.py[line:1483] DEBUG findfont: score(FontEntry(fname='C:\\Windows\\Fonts\\BRLNSR.TTF', name='Berlin Sans FB', style='normal', variant='normal', weight=400, stretch='normal', size='scalable')) = 10.05
Sun, 22 Mar 2026 19:08:27 font_manager.py[line:1483] DEBUG findfont: score(FontEntry(fname='C:\\Windows\\Fonts\\ITCEDSCR.TTF', name='Edwardian Script ITC', style='normal', variant='normal', weight=400, stretch='normal', size='scalable')) = 10.05
Sun, 22 Mar 2026 19:08:27 font_manager.py[line:1483] DEBUG findfont: score(FontEntry(fname='C:\\Windows\\Fonts\\SHOWG.TTF', name='Showcard Gothic', style='normal', variant='normal', weight=400, stretch='normal', size='scalable')) = 10.05
Sun, 22 Mar 2026 19:08:27 font_manager.py[line:1483] DEBUG findfont: score(FontEntry(fname='C:\\Windows\\Fonts\\courbi.ttf', name='Courier New', style='italic', variant='normal', weight=700, stretch='normal', size='scalable')) = 11.335
Sun, 22 Mar 2026 19:08:27 font_manager.py[line:1483] DEBUG findfont: score(FontEntry(fname='C:\\Windows\\Fonts\\verdanab.ttf', name='Verdana', style='normal', variant='normal', weight=700, stretch='normal', size='scalable')) = 3.9713636363636367
Sun, 22 Mar 2026 19:08:27 font_manager.py[line:1483] DEBUG findfont: score(FontEntry(fname='C:\\Windows\\Fonts\\corbelli.ttf', name='Corbel', style='italic', variant='normal', weight=300, stretch='normal', size='scalable')) = 11.145
Sun, 22 Mar 2026 19:08:27 font_manager.py[line:1483] DEBUG findfont: score(FontEntry(fname='C:\\Windows\\Fonts\\BOD_BLAI.TTF', name='Bodoni MT', style='italic', variant='normal', weight=900, stretch='normal', size='scalable')) = 11.525
Sun, 22 Mar 2026 19:08:27 font_manager.py[line:1483] DEBUG findfont: score(FontEntry(fname='C:\\Windows\\Fonts\\BOD_BI.TTF', name='Bodoni MT', style='italic', variant='normal', weight=700, stretch='normal', size='scalable')) = 11.335
Sun, 22 Mar 2026 19:08:27 font_manager.py[line:1483] DEBUG findfont: score(FontEntry(fname='C:\\Windows\\Fonts\\gadugib.ttf', name='Gadugi', style='normal', variant='normal', weight=700, stretch='normal', size='scalable')) = 10.335
Sun, 22 Mar 2026 19:08:27 font_manager.py[line:1483] DEBUG findfont: score(FontEntry(fname='C:\\Windows\\Fonts\\ANTQUAB.TTF', name='Book Antiqua', style='normal', variant='normal', weight=700, stretch='normal', size='scalable')) = 10.335
Sun, 22 Mar 2026 19:08:27 font_manager.py[line:1483] DEBUG findfont: score(FontEntry(fname='C:\\Windows\\Fonts\\PER_____.TTF', name='Perpetua', style='normal', variant='normal', weight=400, stretch='normal', size='scalable')) = 10.05
Sun, 22 Mar 2026 19:08:27 font_manager.py[line:1483] DEBUG findfont: score(FontEntry(fname='C:\\Windows\\Fonts\\WINGDNG2.TTF', name='Wingdings 2', style='normal', variant='normal', weight=400, stretch='normal', size='scalable')) = 10.05
Sun, 22 Mar 2026 19:08:27 font_manager.py[line:1483] DEBUG findfont: score(FontEntry(fname='C:\\Windows\\Fonts\\Candaraz.ttf', name='Candara', style='italic', variant='normal', weight=700, stretch='normal', size='scalable')) = 11.335
Sun, 22 Mar 2026 19:08:27 font_manager.py[line:1483] DEBUG findfont: score(FontEntry(fname='C:\\Windows\\Fonts\\ntailu.ttf', name='Microsoft New Tai Lue', style='normal', variant='normal', weight=400, stretch='normal', size='scalable')) = 10.05
Sun, 22 Mar 2026 19:08:27 font_manager.py[line:1483] DEBUG findfont: score(FontEntry(fname='C:\\Windows\\Fonts\\GILB____.TTF', name='Gill Sans MT', style='normal', variant='normal', weight=700, stretch='normal', size='scalable')) = 10.335
Sun, 22 Mar 2026 19:08:27 font_manager.py[line:1483] DEBUG findfont: score(FontEntry(fname='C:\\Windows\\Fonts\\Candarali.ttf', name='Candara', style='italic', variant='normal', weight=400, stretch='normal', size='scalable')) = 11.05
Sun, 22 Mar 2026 19:08:27 font_manager.py[line:1483] DEBUG findfont: score(FontEntry(fname='C:\\Windows\\Fonts\\taile.ttf', name='Microsoft Tai Le', style='normal', variant='normal', weight=400, stretch='normal', size='scalable')) = 10.05
Sun, 22 Mar 2026 19:08:27 font_manager.py[line:1483] DEBUG findfont: score(FontEntry(fname='C:\\Windows\\Fonts\\simsun.ttc', name='SimSun', style='normal', variant='normal', weight=400, stretch='normal', size='scalable')) = 10.05
Sun, 22 Mar 2026 19:08:27 font_manager.py[line:1483] DEBUG findfont: score(FontEntry(fname='C:\\Windows\\Fonts\\ROCK.TTF', name='Rockwell', style='normal', variant='normal', weight=400, stretch='normal', size='scalable')) = 10.05
Sun, 22 Mar 2026 19:08:27 font_manager.py[line:1483] DEBUG findfont: score(FontEntry(fname='C:\\Windows\\Fonts\\PALSCRI.TTF', name='Palace Script MT', style='normal', variant='normal', weight=400, stretch='normal', size='scalable')) = 10.05
Sun, 22 Mar 2026 19:08:27 font_manager.py[line:1483] DEBUG findfont: score(FontEntry(fname='C:\\Windows\\Fonts\\comicz.ttf', name='Comic Sans MS', style='italic', variant='normal', weight=700, stretch='normal', size='scalable')) = 11.335
Sun, 22 Mar 2026 19:08:27 font_manager.py[line:1483] DEBUG findfont: score(FontEntry(fname='C:\\Windows\\Fonts\\FRSCRIPT.TTF', name='French Script MT', style='normal', variant='normal', weight=400, stretch='normal', size='scalable')) = 10.05
Sun, 22 Mar 2026 19:08:27 font_manager.py[line:1483] DEBUG findfont: score(FontEntry(fname='C:\\Windows\\Fonts\\arialbd.ttf', name='Arial', style='normal', variant='normal', weight=700, stretch='normal', size='scalable')) = 6.698636363636363
Sun, 22 Mar 2026 19:08:27 font_manager.py[line:1483] DEBUG findfont: score(FontEntry(fname='C:\\Windows\\Fonts\\SCHLBKB.TTF', name='Century Schoolbook', style='normal', variant='normal', weight=700, stretch='normal', size='scalable')) = 10.335
Sun, 22 Mar 2026 19:08:27 font_manager.py[line:1483] DEBUG findfont: score(FontEntry(fname='C:\\Windows\\Fonts\\PERI____.TTF', name='Perpetua', style='italic', variant='normal', weight=400, stretch='normal', size='scalable')) = 11.05
Sun, 22 Mar 2026 19:08:27 font_manager.py[line:1483] DEBUG findfont: score(FontEntry(fname='C:\\Windows\\Fonts\\SegUIVar.ttf', name='Segoe UI Variable', style='normal', variant='normal', weight=400, stretch='normal', size='scalable')) = 10.05
Sun, 22 Mar 2026 19:08:27 font_manager.py[line:1483] DEBUG findfont: score(FontEntry(fname='C:\\Windows\\Fonts\\timesbd.ttf', name='Times New Roman', style='normal', variant='normal', weight=700, stretch='normal', size='scalable')) = 10.335
Sun, 22 Mar 2026 19:08:27 font_manager.py[line:1483] DEBUG findfont: score(FontEntry(fname='C:\\Windows\\Fonts\\msyi.ttf', name='Microsoft Yi Baiti', style='normal', variant='normal', weight=400, stretch='normal', size='scalable')) = 10.05
Sun, 22 Mar 2026 19:08:27 font_manager.py[line:1483] DEBUG findfont: score(FontEntry(fname='C:\\Windows\\Fonts\\PERBI___.TTF', name='Perpetua', style='italic', variant='normal', weight=700, stretch='normal', size='scalable')) = 11.335
Sun, 22 Mar 2026 19:08:27 font_manager.py[line:1483] DEBUG findfont: score(FontEntry(fname='C:\\Windows\\Fonts\\GOUDOSI.TTF', name='Goudy Old Style', style='italic', variant='normal', weight=400, stretch='normal', size='scalable')) = 11.05
Sun, 22 Mar 2026 19:08:27 font_manager.py[line:1483] DEBUG findfont: score(FontEntry(fname='C:\\Windows\\Fonts\\mmrtextb.ttf', name='Myanmar Text', style='normal', variant='normal', weight=700, stretch='normal', size='scalable')) = 10.335
Sun, 22 Mar 2026 19:08:27 font_manager.py[line:1483] DEBUG findfont: score(FontEntry(fname='C:\\Windows\\Fonts\\msyhbd.ttc', name='Microsoft YaHei', style='normal', variant='normal', weight=700, stretch='normal', size='scalable')) = 10.335
Sun, 22 Mar 2026 19:08:27 font_manager.py[line:1483] DEBUG findfont: score(FontEntry(fname='C:\\Windows\\Fonts\\ONYX.TTF', name='Onyx', style='normal', variant='normal', weight=400, stretch='normal', size='scalable')) = 10.05
Sun, 22 Mar 2026 19:08:27 font_manager.py[line:1483] DEBUG findfont: score(FontEntry(fname='C:\\Windows\\Fonts\\BRADHITC.TTF', name='Bradley Hand ITC', style='normal', variant='normal', weight=400, stretch='normal', size='scalable')) = 10.05
Sun, 22 Mar 2026 19:08:27 font_manager.py[line:1483] DEBUG findfont: score(FontEntry(fname='C:\\Windows\\Fonts\\LFAXDI.TTF', name='Lucida Fax', style='italic', variant='normal', weight=600, stretch='normal', size='scalable')) = 11.24
Sun, 22 Mar 2026 19:08:27 font_manager.py[line:1483] DEBUG findfont: score(FontEntry(fname='C:\\Windows\\Fonts\\NIAGENG.TTF', name='Niagara Engraved', style='normal', variant='normal', weight=400, stretch='normal', size='scalable')) = 10.05
Sun, 22 Mar 2026 19:08:27 font_manager.py[line:1483] DEBUG findfont: score(FontEntry(fname='C:\\Windows\\Fonts\\phagspab.ttf', name='Microsoft PhagsPa', style='normal', variant='normal', weight=700, stretch='normal', size='scalable')) = 10.335
Sun, 22 Mar 2026 19:08:27 font_manager.py[line:1483] DEBUG findfont: score(FontEntry(fname='C:\\Windows\\Fonts\\TCM_____.TTF', name='Tw Cen MT', style='normal', variant='normal', weight=400, stretch='normal', size='scalable')) = 10.05
Sun, 22 Mar 2026 19:08:27 font_manager.py[line:1483] DEBUG findfont: score(FontEntry(fname='C:\\Windows\\Fonts\\tahomabd.ttf', name='Tahoma', style='normal', variant='normal', weight=700, stretch='normal', size='scalable')) = 10.335
Sun, 22 Mar 2026 19:08:27 font_manager.py[line:1483] DEBUG findfont: score(FontEntry(fname='C:\\Windows\\Fonts\\GLECB.TTF', name='Gloucester MT Extra Condensed', style='normal', variant='normal', weight=400, stretch='condensed', size='scalable')) = 10.25
Sun, 22 Mar 2026 19:08:27 font_manager.py[line:1483] DEBUG findfont: score(FontEntry(fname='C:\\Windows\\Fonts\\LSANSD.TTF', name='Lucida Sans', style='normal', variant='normal', weight=600, stretch='normal', size='scalable')) = 10.24
Sun, 22 Mar 2026 19:08:27 font_manager.py[line:1483] DEBUG findfont: score(FontEntry(fname='C:\\Windows\\Fonts\\AGENCYB.TTF', name='Agency FB', style='normal', variant='normal', weight=700, stretch='normal', size='scalable')) = 10.335
Sun, 22 Mar 2026 19:08:27 font_manager.py[line:1483] DEBUG findfont: score(FontEntry(fname='C:\\Windows\\Fonts\\LSANSDI.TTF', name='Lucida Sans', style='italic', variant='normal', weight=600, stretch='normal', size='scalable')) = 11.24
Sun, 22 Mar 2026 19:08:27 font_manager.py[line:1483] DEBUG findfont: score(FontEntry(fname='C:\\Windows\\Fonts\\msyhl.ttc', name='Microsoft YaHei', style='normal', variant='normal', weight=290, stretch='normal', size='scalable')) = 10.1545
Sun, 22 Mar 2026 19:08:27 font_manager.py[line:1483] DEBUG findfont: score(FontEntry(fname='C:\\Windows\\Fonts\\BOOKOSB.TTF', name='Bookman Old Style', style='normal', variant='normal', weight=600, stretch='normal', size='scalable')) = 10.24
Sun, 22 Mar 2026 19:08:27 font_manager.py[line:1483] DEBUG findfont: score(FontEntry(fname='C:\\Windows\\Fonts\\SitkaVF-Italic.ttf', name='Sitka', style='italic', variant='normal', weight=400, stretch='normal', size='scalable')) = 11.05
Sun, 22 Mar 2026 19:08:27 font_manager.py[line:1483] DEBUG findfont: score(FontEntry(fname='C:\\Windows\\Fonts\\HARNGTON.TTF', name='Harrington', style='normal', variant='normal', weight=400, stretch='normal', size='scalable')) = 10.05
Sun, 22 Mar 2026 19:08:27 font_manager.py[line:1483] DEBUG findfont: score(FontEntry(fname='C:\\Windows\\Fonts\\BOD_CB.TTF', name='Bodoni MT', style='normal', variant='normal', weight=700, stretch='condensed', size='scalable')) = 10.535
Sun, 22 Mar 2026 19:08:27 font_manager.py[line:1483] DEBUG findfont: score(FontEntry(fname='C:\\Windows\\Fonts\\Gabriola.ttf', name='Gabriola', style='normal', variant='normal', weight=400, stretch='normal', size='scalable')) = 10.05
Sun, 22 Mar 2026 19:08:27 font_manager.py[line:1483] DEBUG findfont: score(FontEntry(fname='C:\\Windows\\Fonts\\pala.ttf', name='Palatino Linotype', style='normal', variant='normal', weight=400, stretch='normal', size='scalable')) = 10.05
Sun, 22 Mar 2026 19:08:27 font_manager.py[line:1483] DEBUG findfont: score(FontEntry(fname='C:\\Windows\\Fonts\\JOKERMAN.TTF', name='Jokerman', style='normal', variant='normal', weight=400, stretch='normal', size='scalable')) = 10.05
Sun, 22 Mar 2026 19:08:27 font_manager.py[line:1483] DEBUG findfont: score(FontEntry(fname='C:\\Windows\\Fonts\\segoeuib.ttf', name='Segoe UI', style='normal', variant='normal', weight=700, stretch='normal', size='scalable')) = 10.335
Sun, 22 Mar 2026 19:08:27 font_manager.py[line:1483] DEBUG findfont: score(FontEntry(fname='C:\\Windows\\Fonts\\ROCKBI.TTF', name='Rockwell', style='italic', variant='normal', weight=700, stretch='normal', size='scalable')) = 11.335
Sun, 22 Mar 2026 19:08:27 font_manager.py[line:1483] DEBUG findfont: score(FontEntry(fname='C:\\Windows\\Fonts\\BAUHS93.TTF', name='Bauhaus 93', style='normal', variant='normal', weight=400, stretch='normal', size='scalable')) = 10.05
Sun, 22 Mar 2026 19:08:27 font_manager.py[line:1483] DEBUG findfont: score(FontEntry(fname='C:\\Windows\\Fonts\\TEMPSITC.TTF', name='Tempus Sans ITC', style='normal', variant='normal', weight=400, stretch='normal', size='scalable')) = 10.05
Sun, 22 Mar 2026 19:08:27 font_manager.py[line:1483] DEBUG findfont: score(FontEntry(fname='C:\\Windows\\Fonts\\LeelUIsl.ttf', name='Leelawadee UI', style='normal', variant='normal', weight=350, stretch='normal', size='scalable')) = 10.0975
Sun, 22 Mar 2026 19:08:27 font_manager.py[line:1483] DEBUG findfont: score(FontEntry(fname='C:\\Windows\\Fonts\\PERTILI.TTF', name='Perpetua Titling MT', style='normal', variant='normal', weight=300, stretch='normal', size='scalable')) = 10.145
Sun, 22 Mar 2026 19:08:27 font_manager.py[line:1483] DEBUG findfont: score(FontEntry(fname='C:\\Windows\\Fonts\\CURLZ___.TTF', name='Curlz MT', style='normal', variant='normal', weight=400, stretch='normal', size='scalable')) = 10.05
Sun, 22 Mar 2026 19:08:27 font_manager.py[line:1483] DEBUG findfont: score(FontEntry(fname='C:\\Windows\\Fonts\\mmrtext.ttf', name='Myanmar Text', style='normal', variant='normal', weight=400, stretch='normal', size='scalable')) = 10.05
Sun, 22 Mar 2026 19:08:27 font_manager.py[line:1483] DEBUG findfont: score(FontEntry(fname='C:\\Windows\\Fonts\\FRAHV.TTF', name='Franklin Gothic Heavy', style='normal', variant='normal', weight=400, stretch='normal', size='scalable')) = 10.05
Sun, 22 Mar 2026 19:08:27 font_manager.py[line:1483] DEBUG findfont: score(FontEntry(fname='C:\\Windows\\Fonts\\ALGER.TTF', name='Algerian', style='normal', variant='normal', weight=400, stretch='normal', size='scalable')) = 10.05
Sun, 22 Mar 2026 19:08:27 font_manager.py[line:1483] DEBUG findfont: score(FontEntry(fname='C:\\Windows\\Fonts\\MATURASC.TTF', name='Matura MT Script Capitals', style='normal', variant='normal', weight=400, stretch='normal', size='scalable')) = 10.05
Sun, 22 Mar 2026 19:08:27 font_manager.py[line:1483] DEBUG findfont: score(FontEntry(fname='C:\\Windows\\Fonts\\GIGI.TTF', name='Gigi', style='normal', variant='normal', weight=400, stretch='normal', size='scalable')) = 10.05
Sun, 22 Mar 2026 19:08:27 font_manager.py[line:1483] DEBUG findfont: score(FontEntry(fname='C:\\Windows\\Fonts\\segoeuii.ttf', name='Segoe UI', style='italic', variant='normal', weight=400, stretch='normal', size='scalable')) = 11.05
Sun, 22 Mar 2026 19:08:27 font_manager.py[line:1483] DEBUG findfont: score(FontEntry(fname='C:\\Windows\\Fonts\\verdanai.ttf', name='Verdana', style='italic', variant='normal', weight=400, stretch='normal', size='scalable')) = 4.6863636363636365
Sun, 22 Mar 2026 19:08:27 font_manager.py[line:1483] DEBUG findfont: score(FontEntry(fname='C:\\Windows\\Fonts\\verdanaz.ttf', name='Verdana', style='italic', variant='normal', weight=700, stretch='normal', size='scalable')) = 4.971363636363637
Sun, 22 Mar 2026 19:08:27 font_manager.py[line:1483] DEBUG findfont: score(FontEntry(fname='C:\\Windows\\Fonts\\georgia.ttf', name='Georgia', style='normal', variant='normal', weight=400, stretch='normal', size='scalable')) = 10.05
Sun, 22 Mar 2026 19:08:27 font_manager.py[line:1483] DEBUG findfont: score(FontEntry(fname='C:\\Windows\\Fonts\\georgiab.ttf', name='Georgia', style='normal', variant='normal', weight=700, stretch='normal', size='scalable')) = 10.335
Sun, 22 Mar 2026 19:08:27 font_manager.py[line:1483] DEBUG findfont: score(FontEntry(fname='C:\\Windows\\Fonts\\FREESCPT.TTF', name='Freestyle Script', style='normal', variant='normal', weight=400, stretch='normal', size='scalable')) = 10.05
Sun, 22 Mar 2026 19:08:27 font_manager.py[line:1483] DEBUG findfont: score(FontEntry(fname='C:\\Windows\\Fonts\\segoeui.ttf', name='Segoe UI', style='normal', variant='normal', weight=400, stretch='normal', size='scalable')) = 10.05
Sun, 22 Mar 2026 19:08:27 font_manager.py[line:1483] DEBUG findfont: score(FontEntry(fname='C:\\Windows\\Fonts\\PRISTINA.TTF', name='Pristina', style='normal', variant='normal', weight=400, stretch='normal', size='scalable')) = 10.05
Sun, 22 Mar 2026 19:08:27 font_manager.py[line:1483] DEBUG findfont: score(FontEntry(fname='C:\\Windows\\Fonts\\corbeli.ttf', name='Corbel', style='italic', variant='normal', weight=400, stretch='normal', size='scalable')) = 11.05
Sun, 22 Mar 2026 19:08:27 font_manager.py[line:1483] DEBUG findfont: score(FontEntry(fname='C:\\Windows\\Fonts\\PERTIBD.TTF', name='Perpetua Titling MT', style='normal', variant='normal', weight=700, stretch='normal', size='scalable')) = 10.335
Sun, 22 Mar 2026 19:08:27 font_manager.py[line:1483] DEBUG findfont: score(FontEntry(fname='C:\\Windows\\Fonts\\HATTEN.TTF', name='Haettenschweiler', style='normal', variant='normal', weight=400, stretch='normal', size='scalable')) = 10.05
Sun, 22 Mar 2026 19:08:27 font_manager.py[line:1483] DEBUG findfont: score(FontEntry(fname='C:\\Windows\\Fonts\\lucon.ttf', name='Lucida Console', style='normal', variant='normal', weight=400, stretch='normal', size='scalable')) = 10.05
Sun, 22 Mar 2026 19:08:27 font_manager.py[line:1483] DEBUG findfont: score(FontEntry(fname='C:\\Windows\\Fonts\\INFROMAN.TTF', name='Informal Roman', style='normal', variant='normal', weight=400, stretch='normal', size='scalable')) = 10.05
Sun, 22 Mar 2026 19:08:27 font_manager.py[line:1483] DEBUG findfont: score(FontEntry(fname='C:\\Windows\\Fonts\\MTEXTRA.TTF', name='MT Extra', style='normal', variant='normal', weight=400, stretch='normal', size='scalable')) = 10.05
Sun, 22 Mar 2026 19:08:27 font_manager.py[line:1483] DEBUG findfont: score(FontEntry(fname='C:\\Windows\\Fonts\\GOUDOSB.TTF', name='Goudy Old Style', style='normal', variant='normal', weight=700, stretch='normal', size='scalable')) = 10.335
Sun, 22 Mar 2026 19:08:27 font_manager.py[line:1483] DEBUG findfont: score(FontEntry(fname='C:\\Windows\\Fonts\\FRAHVIT.TTF', name='Franklin Gothic Heavy', style='italic', variant='normal', weight=400, stretch='normal', size='scalable')) = 11.05
Sun, 22 Mar 2026 19:08:27 font_manager.py[line:1483] DEBUG findfont: score(FontEntry(fname='C:\\Windows\\Fonts\\GOTHICI.TTF', name='Century Gothic', style='italic', variant='normal', weight=400, stretch='normal', size='scalable')) = 11.05
Sun, 22 Mar 2026 19:08:27 font_manager.py[line:1483] DEBUG findfont: score(FontEntry(fname='C:\\Windows\\Fonts\\BROADW.TTF', name='Broadway', style='normal', variant='normal', weight=400, stretch='normal', size='scalable')) = 10.05
Sun, 22 Mar 2026 19:08:27 font_manager.py[line:1483] DEBUG findfont: score(FontEntry(fname='C:\\Windows\\Fonts\\verdana.ttf', name='Verdana', style='normal', variant='normal', weight=400, stretch='normal', size='scalable')) = 3.6863636363636365
Sun, 22 Mar 2026 19:08:27 font_manager.py[line:1483] DEBUG findfont: score(FontEntry(fname='C:\\Windows\\Fonts\\seguili.ttf', name='Segoe UI', style='italic', variant='normal', weight=300, stretch='normal', size='scalable')) = 11.145
Sun, 22 Mar 2026 19:08:27 font_manager.py[line:1483] DEBUG findfont: score(FontEntry(fname='C:\\Windows\\Fonts\\LeelawUI.ttf', name='Leelawadee UI', style='normal', variant='normal', weight=400, stretch='normal', size='scalable')) = 10.05
Sun, 22 Mar 2026 19:08:27 font_manager.py[line:1483] DEBUG findfont: score(FontEntry(fname='C:\\Windows\\Fonts\\calibrib.ttf', name='Calibri', style='normal', variant='normal', weight=700, stretch='normal', size='scalable')) = 10.335
Sun, 22 Mar 2026 19:08:27 font_manager.py[line:1483] DEBUG findfont: score(FontEntry(fname='C:\\Windows\\Fonts\\LBRITEI.TTF', name='Lucida Bright', style='italic', variant='normal', weight=400, stretch='normal', size='scalable')) = 11.05
Sun, 22 Mar 2026 19:08:27 font_manager.py[line:1483] DEBUG findfont: score(FontEntry(fname='C:\\Windows\\Fonts\\taileb.ttf', name='Microsoft Tai Le', style='normal', variant='normal', weight=700, stretch='normal', size='scalable')) = 10.335
Sun, 22 Mar 2026 19:08:27 font_manager.py[line:1483] DEBUG findfont: score(FontEntry(fname='C:\\Windows\\Fonts\\Nirmala.ttc', name='Nirmala UI', style='normal', variant='normal', weight=400, stretch='normal', size='scalable')) = 10.05
Sun, 22 Mar 2026 19:08:27 font_manager.py[line:1483] DEBUG findfont: score(FontEntry(fname='C:\\Windows\\Fonts\\ENGR.TTF', name='Engravers MT', style='normal', variant='normal', weight=500, stretch='normal', size='scalable')) = 10.145
Sun, 22 Mar 2026 19:08:27 font_manager.py[line:1483] DEBUG findfont: score(FontEntry(fname='C:\\Windows\\Fonts\\CENTAUR.TTF', name='Centaur', style='normal', variant='normal', weight=400, stretch='normal', size='scalable')) = 10.05
Sun, 22 Mar 2026 19:08:27 font_manager.py[line:1483] DEBUG findfont: score(FontEntry(fname='C:\\Windows\\Fonts\\msjhl.ttc', name='Microsoft JhengHei', style='normal', variant='normal', weight=290, stretch='normal', size='scalable')) = 10.1545
Sun, 22 Mar 2026 19:08:27 font_manager.py[line:1483] DEBUG findfont: score(FontEntry(fname='C:\\Windows\\Fonts\\GILLUBCD.TTF', name='Gill Sans Ultra Bold Condensed', style='normal', variant='normal', weight=400, stretch='condensed', size='scalable')) = 10.25
Sun, 22 Mar 2026 19:08:27 font_manager.py[line:1483] DEBUG findfont: score(FontEntry(fname='C:\\Windows\\Fonts\\CENTURY.TTF', name='Century', style='normal', variant='normal', weight=400, stretch='normal', size='scalable')) = 10.05
Sun, 22 Mar 2026 19:08:27 font_manager.py[line:1483] DEBUG findfont: score(FontEntry(fname='C:\\Windows\\Fonts\\GOTHICBI.TTF', name='Century Gothic', style='italic', variant='normal', weight=700, stretch='normal', size='scalable')) = 11.335
Sun, 22 Mar 2026 19:08:27 font_manager.py[line:1483] DEBUG findfont: score(FontEntry(fname='C:\\Windows\\Fonts\\FRADM.TTF', name='Franklin Gothic Demi', style='normal', variant='normal', weight=400, stretch='normal', size='scalable')) = 10.05
Sun, 22 Mar 2026 19:08:27 font_manager.py[line:1483] DEBUG findfont: score(FontEntry(fname='C:\\Windows\\Fonts\\ERASLGHT.TTF', name='Eras Light ITC', style='normal', variant='normal', weight=400, stretch='normal', size='scalable')) = 10.05
Sun, 22 Mar 2026 19:08:27 font_manager.py[line:1483] DEBUG findfont: score(FontEntry(fname='C:\\Windows\\Fonts\\symbol.ttf', name='Symbol', style='normal', variant='normal', weight=400, stretch='normal', size='scalable')) = 10.05
Sun, 22 Mar 2026 19:08:27 font_manager.py[line:1483] DEBUG findfont: score(FontEntry(fname='C:\\Windows\\Fonts\\BOD_R.TTF', name='Bodoni MT', style='normal', variant='normal', weight=400, stretch='normal', size='scalable')) = 10.05
Sun, 22 Mar 2026 19:08:27 font_manager.py[line:1483] DEBUG findfont: score(FontEntry(fname='C:\\Windows\\Fonts\\LBRITE.TTF', name='Lucida Bright', style='normal', variant='normal', weight=400, stretch='normal', size='scalable')) = 10.05
Sun, 22 Mar 2026 19:08:27 font_manager.py[line:1483] DEBUG findfont: score(FontEntry(fname='C:\\Windows\\Fonts\\CALIFB.TTF', name='Californian FB', style='normal', variant='normal', weight=700, stretch='normal', size='scalable')) = 10.335
Sun, 22 Mar 2026 19:08:27 font_manager.py[line:1483] DEBUG findfont: score(FontEntry(fname='C:\\Windows\\Fonts\\sylfaen.ttf', name='Sylfaen', style='normal', variant='normal', weight=400, stretch='normal', size='scalable')) = 10.05
Sun, 22 Mar 2026 19:08:27 font_manager.py[line:1483] DEBUG findfont: score(FontEntry(fname='C:\\Windows\\Fonts\\l_10646.ttf', name='Lucida Sans Unicode', style='normal', variant='normal', weight=400, stretch='normal', size='scalable')) = 10.05
Sun, 22 Mar 2026 19:08:27 font_manager.py[line:1483] DEBUG findfont: score(FontEntry(fname='C:\\Windows\\Fonts\\segoeuiz.ttf', name='Segoe UI', style='italic', variant='normal', weight=700, stretch='normal', size='scalable')) = 11.335
Sun, 22 Mar 2026 19:08:27 font_manager.py[line:1483] DEBUG findfont: score(FontEntry(fname='C:\\Windows\\Fonts\\GOUDOS.TTF', name='Goudy Old Style', style='normal', variant='normal', weight=400, stretch='normal', size='scalable')) = 10.05
Sun, 22 Mar 2026 19:08:27 font_manager.py[line:1483] DEBUG findfont: score(FontEntry(fname='C:\\Windows\\Fonts\\constani.ttf', name='Constantia', style='italic', variant='normal', weight=400, stretch='normal', size='scalable')) = 11.05
Sun, 22 Mar 2026 19:08:27 font_manager.py[line:1483] DEBUG findfont: score(FontEntry(fname='C:\\Windows\\Fonts\\BRUSHSCI.TTF', name='Brush Script MT', style='italic', variant='normal', weight=400, stretch='normal', size='scalable')) = 11.05
Sun, 22 Mar 2026 19:08:27 font_manager.py[line:1483] DEBUG findfont: score(FontEntry(fname='C:\\Windows\\Fonts\\seguisbi.ttf', name='Segoe UI', style='italic', variant='normal', weight=600, stretch='normal', size='scalable')) = 11.24
Sun, 22 Mar 2026 19:08:27 font_manager.py[line:1483] DEBUG findfont: score(FontEntry(fname='C:\\Windows\\Fonts\\FELIXTI.TTF', name='Felix Titling', style='normal', variant='normal', weight=400, stretch='normal', size='scalable')) = 10.05
Sun, 22 Mar 2026 19:08:27 font_manager.py[line:1483] DEBUG findfont: score(FontEntry(fname='C:\\Windows\\Fonts\\comicbd.ttf', name='Comic Sans MS', style='normal', variant='normal', weight=700, stretch='normal', size='scalable')) = 10.335
Sun, 22 Mar 2026 19:08:27 font_manager.py[line:1483] DEBUG findfont: score(FontEntry(fname='C:\\Windows\\Fonts\\OCRAEXT.TTF', name='OCR A Extended', style='normal', variant='normal', weight=400, stretch='expanded', size='scalable')) = 10.25
Sun, 22 Mar 2026 19:08:27 font_manager.py[line:1483] DEBUG findfont: score(FontEntry(fname='C:\\Windows\\Fonts\\SansSerifCollection.ttf', name='Sans Serif Collection', style='normal', variant='normal', weight=400, stretch='normal', size='scalable')) = 10.05
Sun, 22 Mar 2026 19:08:27 font_manager.py[line:1483] DEBUG findfont: score(FontEntry(fname='C:\\Windows\\Fonts\\times.ttf', name='Times New Roman', style='normal', variant='normal', weight=400, stretch='normal', size='scalable')) = 10.05
Sun, 22 Mar 2026 19:08:27 font_manager.py[line:1483] DEBUG findfont: score(FontEntry(fname='C:\\Windows\\Fonts\\seguibl.ttf', name='Segoe UI', style='normal', variant='normal', weight=900, stretch='normal', size='scalable')) = 10.525
Sun, 22 Mar 2026 19:08:27 font_manager.py[line:1483] DEBUG findfont: score(FontEntry(fname='C:\\Windows\\Fonts\\LFAXI.TTF', name='Lucida Fax', style='italic', variant='normal', weight=400, stretch='normal', size='scalable')) = 11.05
Sun, 22 Mar 2026 19:08:27 font_manager.py[line:1483] DEBUG findfont: score(FontEntry(fname='C:\\Windows\\Fonts\\ROCKB.TTF', name='Rockwell', style='normal', variant='normal', weight=700, stretch='normal', size='scalable')) = 10.335
Sun, 22 Mar 2026 19:08:27 font_manager.py[line:1483] DEBUG findfont: score(FontEntry(fname='C:\\Windows\\Fonts\\BRLNSB.TTF', name='Berlin Sans FB', style='normal', variant='normal', weight=700, stretch='normal', size='scalable')) = 10.335
Sun, 22 Mar 2026 19:08:27 font_manager.py[line:1483] DEBUG findfont: score(FontEntry(fname='C:\\Windows\\Fonts\\TCCB____.TTF', name='Tw Cen MT Condensed', style='normal', variant='normal', weight=700, stretch='condensed', size='scalable')) = 10.535
Sun, 22 Mar 2026 19:08:27 font_manager.py[line:1483] DEBUG findfont: score(FontEntry(fname='C:\\Windows\\Fonts\\himalaya.ttf', name='Microsoft Himalaya', style='normal', variant='normal', weight=400, stretch='normal', size='scalable')) = 10.05
Sun, 22 Mar 2026 19:08:27 font_manager.py[line:1483] DEBUG findfont: score(FontEntry(fname='C:\\Windows\\Fonts\\msgothic.ttc', name='MS Gothic', style='normal', variant='normal', weight=400, stretch='normal', size='scalable')) = 10.05
Sun, 22 Mar 2026 19:08:27 font_manager.py[line:1483] DEBUG findfont: score(FontEntry(fname='C:\\Windows\\Fonts\\corbelz.ttf', name='Corbel', style='italic', variant='normal', weight=700, stretch='normal', size='scalable')) = 11.335
Sun, 22 Mar 2026 19:08:27 font_manager.py[line:1483] DEBUG findfont: score(FontEntry(fname='C:\\Windows\\Fonts\\ERASBD.TTF', name='Eras Bold ITC', style='normal', variant='normal', weight=400, stretch='normal', size='scalable')) = 10.05
Sun, 22 Mar 2026 19:08:27 font_manager.py[line:1483] DEBUG findfont: score(FontEntry(fname='C:\\Windows\\Fonts\\VLADIMIR.TTF', name='Vladimir Script', style='normal', variant='normal', weight=400, stretch='normal', size='scalable')) = 10.05
Sun, 22 Mar 2026 19:08:27 font_manager.py[line:1483] DEBUG findfont: score(FontEntry(fname='C:\\Windows\\Fonts\\simsunb.ttf', name='SimSun-ExtB', style='normal', variant='normal', weight=400, stretch='normal', size='scalable')) = 10.05
Sun, 22 Mar 2026 19:08:27 font_manager.py[line:1483] DEBUG findfont: score(FontEntry(fname='C:\\Windows\\Fonts\\JUICE___.TTF', name='Juice ITC', style='normal', variant='normal', weight=400, stretch='normal', size='scalable')) = 10.05
Sun, 22 Mar 2026 19:08:27 font_manager.py[line:1483] DEBUG findfont: score(FontEntry(fname='C:\\Windows\\Fonts\\SCRIPTBL.TTF', name='Script MT Bold', style='normal', variant='normal', weight=700, stretch='normal', size='scalable')) = 10.335
Sun, 22 Mar 2026 19:08:27 font_manager.py[line:1483] DEBUG findfont: score(FontEntry(fname='C:\\Windows\\Fonts\\msjh.ttc', name='Microsoft JhengHei', style='normal', variant='normal', weight=400, stretch='normal', size='scalable')) = 10.05
Sun, 22 Mar 2026 19:08:27 font_manager.py[line:1483] DEBUG findfont: score(FontEntry(fname='C:\\Windows\\Fonts\\MISTRAL.TTF', name='Mistral', style='normal', variant='normal', weight=400, stretch='normal', size='scalable')) = 10.05
Sun, 22 Mar 2026 19:08:27 font_manager.py[line:1483] DEBUG findfont: score(FontEntry(fname='C:\\Windows\\Fonts\\ROCKEB.TTF', name='Rockwell Extra Bold', style='normal', variant='normal', weight=800, stretch='normal', size='scalable')) = 10.43
Sun, 22 Mar 2026 19:08:27 font_manager.py[line:1483] DEBUG findfont: score(FontEntry(fname='C:\\Windows\\Fonts\\consola.ttf', name='Consolas', style='normal', variant='normal', weight=400, stretch='normal', size='scalable')) = 10.05
Sun, 22 Mar 2026 19:08:27 font_manager.py[line:1483] DEBUG findfont: score(FontEntry(fname='C:\\Windows\\Fonts\\REFSAN.TTF', name='MS Reference Sans Serif', style='normal', variant='normal', weight=400, stretch='normal', size='scalable')) = 10.05
Sun, 22 Mar 2026 19:08:27 font_manager.py[line:1483] DEBUG findfont: score(FontEntry(fname='C:\\Windows\\Fonts\\seguisli.ttf', name='Segoe UI', style='italic', variant='normal', weight=350, stretch='normal', size='scalable')) = 11.0975
Sun, 22 Mar 2026 19:08:27 font_manager.py[line:1483] DEBUG findfont: score(FontEntry(fname='C:\\Windows\\Fonts\\TCBI____.TTF', name='Tw Cen MT', style='italic', variant='normal', weight=700, stretch='normal', size='scalable')) = 11.335
Sun, 22 Mar 2026 19:08:27 font_manager.py[line:1483] DEBUG findfont: score(FontEntry(fname='C:\\Windows\\Fonts\\ARIALNI.TTF', name='Arial', style='italic', variant='normal', weight=400, stretch='condensed', size='scalable')) = 7.613636363636363
Sun, 22 Mar 2026 19:08:27 font_manager.py[line:1483] DEBUG findfont: score(FontEntry(fname='C:\\Windows\\Fonts\\calibrili.ttf', name='Calibri', style='italic', variant='normal', weight=300, stretch='normal', size='scalable')) = 11.145
Sun, 22 Mar 2026 19:08:27 font_manager.py[line:1483] DEBUG findfont: score(FontEntry(fname='C:\\Windows\\Fonts\\cour.ttf', name='Courier New', style='normal', variant='normal', weight=400, stretch='normal', size='scalable')) = 10.05
Sun, 22 Mar 2026 19:08:27 font_manager.py[line:1483] DEBUG findfont: score(FontEntry(fname='C:\\Windows\\Fonts\\CHILLER.TTF', name='Chiller', style='normal', variant='normal', weight=400, stretch='normal', size='scalable')) = 10.05
Sun, 22 Mar 2026 19:08:27 font_manager.py[line:1483] DEBUG findfont: score(FontEntry(fname='C:\\Windows\\Fonts\\WINGDNG3.TTF', name='Wingdings 3', style='normal', variant='normal', weight=400, stretch='normal', size='scalable')) = 10.05
Sun, 22 Mar 2026 19:08:27 font_manager.py[line:1483] DEBUG findfont: score(FontEntry(fname='C:\\Windows\\Fonts\\Inkfree.ttf', name='Ink Free', style='normal', variant='normal', weight=400, stretch='normal', size='scalable')) = 10.05
Sun, 22 Mar 2026 19:08:27 font_manager.py[line:1483] DEBUG findfont: score(FontEntry(fname='C:\\Windows\\Fonts\\trebucit.ttf', name='Trebuchet MS', style='italic', variant='normal', weight=400, stretch='normal', size='scalable')) = 11.05
Sun, 22 Mar 2026 19:08:27 font_manager.py[line:1483] DEBUG findfont: score(FontEntry(fname='C:\\Windows\\Fonts\\seguisb.ttf', name='Segoe UI', style='normal', variant='normal', weight=600, stretch='normal', size='scalable')) = 10.24
Sun, 22 Mar 2026 19:08:27 font_manager.py[line:1483] DEBUG findfont: score(FontEntry(fname='C:\\Windows\\Fonts\\BOOKOSI.TTF', name='Bookman Old Style', style='italic', variant='normal', weight=300, stretch='normal', size='scalable')) = 11.145
Sun, 22 Mar 2026 19:08:27 font_manager.py[line:1483] DEBUG findfont: score(FontEntry(fname='C:\\Windows\\Fonts\\segoeprb.ttf', name='Segoe Print', style='normal', variant='normal', weight=700, stretch='normal', size='scalable')) = 10.335
Sun, 22 Mar 2026 19:08:27 font_manager.py[line:1483] DEBUG findfont: score(FontEntry(fname='C:\\Windows\\Fonts\\FORTE.TTF', name='Forte', style='normal', variant='normal', weight=400, stretch='normal', size='scalable')) = 10.05
Sun, 22 Mar 2026 19:08:27 font_manager.py[line:1483] DEBUG findfont: score(FontEntry(fname='C:\\Windows\\Fonts\\ANTQUABI.TTF', name='Book Antiqua', style='italic', variant='normal', weight=700, stretch='normal', size='scalable')) = 11.335
Sun, 22 Mar 2026 19:08:27 font_manager.py[line:1483] DEBUG findfont: score(FontEntry(fname='C:\\Windows\\Fonts\\ERASMD.TTF', name='Eras Medium ITC', style='normal', variant='normal', weight=400, stretch='normal', size='scalable')) = 10.05
Sun, 22 Mar 2026 19:08:27 font_manager.py[line:1483] DEBUG findfont: score(FontEntry(fname='C:\\Windows\\Fonts\\KUNSTLER.TTF', name='Kunstler Script', style='normal', variant='normal', weight=400, stretch='normal', size='scalable')) = 10.05
Sun, 22 Mar 2026 19:08:27 font_manager.py[line:1483] DEBUG findfont: score(FontEntry(fname='C:\\Windows\\Fonts\\GLSNECB.TTF', name='Gill Sans MT Ext Condensed Bold', style='normal', variant='normal', weight=400, stretch='condensed', size='scalable')) = 10.25
Sun, 22 Mar 2026 19:08:27 font_manager.py[line:1483] DEBUG findfont: score(FontEntry(fname='C:\\Windows\\Fonts\\TCCEB.TTF', name='Tw Cen MT Condensed Extra Bold', style='normal', variant='normal', weight=400, stretch='condensed', size='scalable')) = 10.25
Sun, 22 Mar 2026 19:08:27 font_manager.py[line:1483] DEBUG findfont: score(FontEntry(fname='C:\\Windows\\Fonts\\ELEPHNTI.TTF', name='Elephant', style='italic', variant='normal', weight=400, stretch='normal', size='scalable')) = 11.05
Sun, 22 Mar 2026 19:08:27 font_manager.py[line:1483] DEBUG findfont: score(FontEntry(fname='C:\\Windows\\Fonts\\LTYPEO.TTF', name='Lucida Sans Typewriter', style='oblique', variant='normal', weight=400, stretch='normal', size='scalable')) = 11.05
Sun, 22 Mar 2026 19:08:27 font_manager.py[line:1483] DEBUG findfont: score(FontEntry(fname='C:\\Windows\\Fonts\\DUBAI-LIGHT.TTF', name='Dubai', style='normal', variant='normal', weight=300, stretch='normal', size='scalable')) = 10.145
Sun, 22 Mar 2026 19:08:27 font_manager.py[line:1483] DEBUG findfont: score(FontEntry(fname='C:\\Windows\\Fonts\\palai.ttf', name='Palatino Linotype', style='italic', variant='normal', weight=400, stretch='normal', size='scalable')) = 11.05
Sun, 22 Mar 2026 19:08:27 font_manager.py[line:1483] DEBUG findfont: score(FontEntry(fname='C:\\Windows\\Fonts\\MOD20.TTF', name='Modern No. 20', style='normal', variant='normal', weight=400, stretch='normal', size='scalable')) = 10.05
Sun, 22 Mar 2026 19:08:27 font_manager.py[line:1483] DEBUG findfont: score(FontEntry(fname='C:\\Windows\\Fonts\\BOOKOS.TTF', name='Bookman Old Style', style='normal', variant='normal', weight=300, stretch='normal', size='scalable')) = 10.145
Sun, 22 Mar 2026 19:08:27 font_manager.py[line:1483] DEBUG findfont: score(FontEntry(fname='C:\\Windows\\Fonts\\BOD_BLAR.TTF', name='Bodoni MT', style='normal', variant='normal', weight=900, stretch='normal', size='scalable')) = 10.525
Sun, 22 Mar 2026 19:08:27 font_manager.py[line:1483] DEBUG findfont: score(FontEntry(fname='C:\\Windows\\Fonts\\GOTHIC.TTF', name='Century Gothic', style='normal', variant='normal', weight=400, stretch='normal', size='scalable')) = 10.05
Sun, 22 Mar 2026 19:08:27 font_manager.py[line:1483] DEBUG findfont: score(FontEntry(fname='C:\\Windows\\Fonts\\arial.ttf', name='Arial', style='normal', variant='normal', weight=400, stretch='normal', size='scalable')) = 6.413636363636363
Sun, 22 Mar 2026 19:08:27 font_manager.py[line:1483] DEBUG findfont: score(FontEntry(fname='C:\\Windows\\Fonts\\comici.ttf', name='Comic Sans MS', style='italic', variant='normal', weight=400, stretch='normal', size='scalable')) = 11.05
Sun, 22 Mar 2026 19:08:27 font_manager.py[line:1483] DEBUG findfont: score(FontEntry(fname='C:\\Windows\\Fonts\\Candara.ttf', name='Candara', style='normal', variant='normal', weight=400, stretch='normal', size='scalable')) = 10.05
Sun, 22 Mar 2026 19:08:27 font_manager.py[line:1483] DEBUG findfont: score(FontEntry(fname='C:\\Windows\\Fonts\\malgun.ttf', name='Malgun Gothic', style='normal', variant='normal', weight=400, stretch='normal', size='scalable')) = 10.05
Sun, 22 Mar 2026 19:08:27 font_manager.py[line:1483] DEBUG findfont: score(FontEntry(fname='C:\\Windows\\Fonts\\BRITANIC.TTF', name='Britannic Bold', style='normal', variant='normal', weight=400, stretch='normal', size='scalable')) = 10.05
Sun, 22 Mar 2026 19:08:27 font_manager.py[line:1483] DEBUG findfont: score(FontEntry(fname='C:\\Windows\\Fonts\\COPRGTL.TTF', name='Copperplate Gothic Light', style='normal', variant='normal', weight=400, stretch='normal', size='scalable')) = 10.05
Sun, 22 Mar 2026 19:08:27 font_manager.py[line:1483] DEBUG findfont: score(FontEntry(fname='C:\\Windows\\Fonts\\YuGothM.ttc', name='Yu Gothic', style='normal', variant='normal', weight=500, stretch='normal', size='scalable')) = 10.145
Sun, 22 Mar 2026 19:08:27 font_manager.py[line:1483] DEBUG findfont: score(FontEntry(fname='C:\\Windows\\Fonts\\VINERITC.TTF', name='Viner Hand ITC', style='normal', variant='normal', weight=400, stretch='normal', size='scalable')) = 10.05
Sun, 22 Mar 2026 19:08:27 font_manager.py[line:1483] DEBUG findfont: score(FontEntry(fname='C:\\Windows\\Fonts\\DUBAI-REGULAR.TTF', name='Dubai', style='normal', variant='normal', weight=400, stretch='normal', size='scalable')) = 10.05
Sun, 22 Mar 2026 19:08:27 font_manager.py[line:1483] DEBUG findfont: score(FontEntry(fname='C:\\Windows\\Fonts\\seguisym.ttf', name='Segoe UI Symbol', style='normal', variant='normal', weight=400, stretch='normal', size='scalable')) = 10.05
Sun, 22 Mar 2026 19:08:27 font_manager.py[line:1483] DEBUG findfont: score(FontEntry(fname='C:\\Windows\\Fonts\\BELLB.TTF', name='Bell MT', style='normal', variant='normal', weight=700, stretch='normal', size='scalable')) = 10.335
Sun, 22 Mar 2026 19:08:27 font_manager.py[line:1483] DEBUG findfont: score(FontEntry(fname='C:\\Windows\\Fonts\\georgiaz.ttf', name='Georgia', style='italic', variant='normal', weight=700, stretch='normal', size='scalable')) = 11.335
Sun, 22 Mar 2026 19:08:27 font_manager.py[line:1483] DEBUG findfont: score(FontEntry(fname='C:\\Windows\\Fonts\\RAGE.TTF', name='Rage Italic', style='italic', variant='normal', weight=400, stretch='normal', size='scalable')) = 11.05
Sun, 22 Mar 2026 19:08:27 font_manager.py[line:1483] DEBUG findfont: score(FontEntry(fname='C:\\Windows\\Fonts\\arialbi.ttf', name='Arial', style='italic', variant='normal', weight=700, stretch='normal', size='scalable')) = 7.698636363636363
Sun, 22 Mar 2026 19:08:27 font_manager.py[line:1483] DEBUG findfont: score(FontEntry(fname='C:\\Windows\\Fonts\\GOUDYSTO.TTF', name='Goudy Stout', style='normal', variant='normal', weight=400, stretch='normal', size='scalable')) = 10.05
Sun, 22 Mar 2026 19:08:27 font_manager.py[line:1483] DEBUG findfont: score(FontEntry(fname='C:\\Windows\\Fonts\\calibril.ttf', name='Calibri', style='normal', variant='normal', weight=300, stretch='normal', size='scalable')) = 10.145
Sun, 22 Mar 2026 19:08:27 font_manager.py[line:1483] DEBUG findfont: score(FontEntry(fname='C:\\Windows\\Fonts\\msyh.ttc', name='Microsoft YaHei', style='normal', variant='normal', weight=400, stretch='normal', size='scalable')) = 10.05
Sun, 22 Mar 2026 19:08:27 font_manager.py[line:1483] DEBUG findfont: score(FontEntry(fname='C:\\Windows\\Fonts\\ariblk.ttf', name='Arial', style='normal', variant='normal', weight=900, stretch='normal', size='scalable')) = 6.888636363636364
Sun, 22 Mar 2026 19:08:27 font_manager.py[line:1483] DEBUG findfont: score(FontEntry(fname='C:\\Windows\\Fonts\\TCMI____.TTF', name='Tw Cen MT', style='italic', variant='normal', weight=400, stretch='normal', size='scalable')) = 11.05
Sun, 22 Mar 2026 19:08:27 font_manager.py[line:1483] DEBUG findfont: score(FontEntry(fname='C:\\Windows\\Fonts\\phagspa.ttf', name='Microsoft PhagsPa', style='normal', variant='normal', weight=400, stretch='normal', size='scalable')) = 10.05
Sun, 22 Mar 2026 19:08:27 font_manager.py[line:1483] DEBUG findfont: score(FontEntry(fname='C:\\Windows\\Fonts\\webdings.ttf', name='Webdings', style='normal', variant='normal', weight=400, stretch='normal', size='scalable')) = 10.05
Sun, 22 Mar 2026 19:08:27 font_manager.py[line:1483] DEBUG findfont: score(FontEntry(fname='C:\\Windows\\Fonts\\couri.ttf', name='Courier New', style='italic', variant='normal', weight=400, stretch='normal', size='scalable')) = 11.05
Sun, 22 Mar 2026 19:08:27 font_manager.py[line:1483] DEBUG findfont: score(FontEntry(fname='C:\\Windows\\Fonts\\ITCBLKAD.TTF', name='Blackadder ITC', style='normal', variant='normal', weight=400, stretch='normal', size='scalable')) = 10.05
Sun, 22 Mar 2026 19:08:27 font_manager.py[line:1515] DEBUG findfont: Matching sans\-serif:style=normal:variant=normal:weight=normal:stretch=normal:size=10.0 to DejaVu Sans ('C:\\detect cough\\detect-cough-disease-with-CovNet\\.venv\\Lib\\site-packages\\matplotlib\\mpl-data\\fonts\\ttf\\DejaVuSans.ttf') with score of 0.050000.
Sun, 22 Mar 2026 19:08:27 font_manager.py[line:1471] DEBUG findfont: Matching sans\-serif:style=normal:variant=normal:weight=normal:stretch=normal:size=13.0.
Sun, 22 Mar 2026 19:08:27 font_manager.py[line:1483] DEBUG findfont: score(FontEntry(fname='C:\\detect cough\\detect-cough-disease-with-CovNet\\.venv\\Lib\\site-packages\\matplotlib\\mpl-data\\fonts\\ttf\\cmsy10.ttf', name='cmsy10', style='normal', variant='normal', weight=400, stretch='normal', size='scalable')) = 10.05
Sun, 22 Mar 2026 19:08:27 font_manager.py[line:1483] DEBUG findfont: score(FontEntry(fname='C:\\detect cough\\detect-cough-disease-with-CovNet\\.venv\\Lib\\site-packages\\matplotlib\\mpl-data\\fonts\\ttf\\DejaVuSerif.ttf', name='DejaVu Serif', style='normal', variant='normal', weight=400, stretch='normal', size='scalable')) = 10.05
Sun, 22 Mar 2026 19:08:27 font_manager.py[line:1483] DEBUG findfont: score(FontEntry(fname='C:\\detect cough\\detect-cough-disease-with-CovNet\\.venv\\Lib\\site-packages\\matplotlib\\mpl-data\\fonts\\ttf\\DejaVuSansMono-Oblique.ttf', name='DejaVu Sans Mono', style='oblique', variant='normal', weight=400, stretch='normal', size='scalable')) = 11.05
Sun, 22 Mar 2026 19:08:27 font_manager.py[line:1483] DEBUG findfont: score(FontEntry(fname='C:\\detect cough\\detect-cough-disease-with-CovNet\\.venv\\Lib\\site-packages\\matplotlib\\mpl-data\\fonts\\ttf\\cmr10.ttf', name='cmr10', style='normal', variant='normal', weight=400, stretch='normal', size='scalable')) = 10.05
Sun, 22 Mar 2026 19:08:27 font_manager.py[line:1483] DEBUG findfont: score(FontEntry(fname='C:\\detect cough\\detect-cough-disease-with-CovNet\\.venv\\Lib\\site-packages\\matplotlib\\mpl-data\\fonts\\ttf\\DejaVuSerif-BoldItalic.ttf', name='DejaVu Serif', style='italic', variant='normal', weight=700, stretch='normal', size='scalable')) = 11.335
Sun, 22 Mar 2026 19:08:27 font_manager.py[line:1483] DEBUG findfont: score(FontEntry(fname='C:\\detect cough\\detect-cough-disease-with-CovNet\\.venv\\Lib\\site-packages\\matplotlib\\mpl-data\\fonts\\ttf\\STIXGeneralBol.ttf', name='STIXGeneral', style='normal', variant='normal', weight=700, stretch='normal', size='scalable')) = 10.335
Sun, 22 Mar 2026 19:08:27 font_manager.py[line:1483] DEBUG findfont: score(FontEntry(fname='C:\\detect cough\\detect-cough-disease-with-CovNet\\.venv\\Lib\\site-packages\\matplotlib\\mpl-data\\fonts\\ttf\\DejaVuSerifDisplay.ttf', name='DejaVu Serif Display', style='normal', variant='normal', weight=400, stretch='normal', size='scalable')) = 10.05
Sun, 22 Mar 2026 19:08:27 font_manager.py[line:1483] DEBUG findfont: score(FontEntry(fname='C:\\detect cough\\detect-cough-disease-with-CovNet\\.venv\\Lib\\site-packages\\matplotlib\\mpl-data\\fonts\\ttf\\STIXGeneralBolIta.ttf', name='STIXGeneral', style='italic', variant='normal', weight=700, stretch='normal', size='scalable')) = 11.335
Sun, 22 Mar 2026 19:08:27 font_manager.py[line:1483] DEBUG findfont: score(FontEntry(fname='C:\\detect cough\\detect-cough-disease-with-CovNet\\.venv\\Lib\\site-packages\\matplotlib\\mpl-data\\fonts\\ttf\\STIXNonUniBolIta.ttf', name='STIXNonUnicode', style='italic', variant='normal', weight=700, stretch='normal', size='scalable')) = 11.335
Sun, 22 Mar 2026 19:08:27 font_manager.py[line:1483] DEBUG findfont: score(FontEntry(fname='C:\\detect cough\\detect-cough-disease-with-CovNet\\.venv\\Lib\\site-packages\\matplotlib\\mpl-data\\fonts\\ttf\\DejaVuSansMono-Bold.ttf', name='DejaVu Sans Mono', style='normal', variant='normal', weight=700, stretch='normal', size='scalable')) = 10.335
Sun, 22 Mar 2026 19:08:27 font_manager.py[line:1483] DEBUG findfont: score(FontEntry(fname='C:\\detect cough\\detect-cough-disease-with-CovNet\\.venv\\Lib\\site-packages\\matplotlib\\mpl-data\\fonts\\ttf\\DejaVuSansDisplay.ttf', name='DejaVu Sans Display', style='normal', variant='normal', weight=400, stretch='normal', size='scalable')) = 10.05
Sun, 22 Mar 2026 19:08:27 font_manager.py[line:1483] DEBUG findfont: score(FontEntry(fname='C:\\detect cough\\detect-cough-disease-with-CovNet\\.venv\\Lib\\site-packages\\matplotlib\\mpl-data\\fonts\\ttf\\DejaVuSerif-Bold.ttf', name='DejaVu Serif', style='normal', variant='normal', weight=700, stretch='normal', size='scalable')) = 10.335
Sun, 22 Mar 2026 19:08:27 font_manager.py[line:1483] DEBUG findfont: score(FontEntry(fname='C:\\detect cough\\detect-cough-disease-with-CovNet\\.venv\\Lib\\site-packages\\matplotlib\\mpl-data\\fonts\\ttf\\DejaVuSerif-Italic.ttf', name='DejaVu Serif', style='italic', variant='normal', weight=400, stretch='normal', size='scalable')) = 11.05
Sun, 22 Mar 2026 19:08:27 font_manager.py[line:1483] DEBUG findfont: score(FontEntry(fname='C:\\detect cough\\detect-cough-disease-with-CovNet\\.venv\\Lib\\site-packages\\matplotlib\\mpl-data\\fonts\\ttf\\cmb10.ttf', name='cmb10', style='normal', variant='normal', weight=400, stretch='normal', size='scalable')) = 10.05
Sun, 22 Mar 2026 19:08:27 font_manager.py[line:1483] DEBUG findfont: score(FontEntry(fname='C:\\detect cough\\detect-cough-disease-with-CovNet\\.venv\\Lib\\site-packages\\matplotlib\\mpl-data\\fonts\\ttf\\DejaVuSans.ttf', name='DejaVu Sans', style='normal', variant='normal', weight=400, stretch='normal', size='scalable')) = 0.05
Sun, 22 Mar 2026 19:08:27 font_manager.py[line:1483] DEBUG findfont: score(FontEntry(fname='C:\\detect cough\\detect-cough-disease-with-CovNet\\.venv\\Lib\\site-packages\\matplotlib\\mpl-data\\fonts\\ttf\\STIXSizFiveSymReg.ttf', name='STIXSizeFiveSym', style='normal', variant='normal', weight=400, stretch='normal', size='scalable')) = 10.05
Sun, 22 Mar 2026 19:08:27 font_manager.py[line:1483] DEBUG findfont: score(FontEntry(fname='C:\\detect cough\\detect-cough-disease-with-CovNet\\.venv\\Lib\\site-packages\\matplotlib\\mpl-data\\fonts\\ttf\\STIXNonUniIta.ttf', name='STIXNonUnicode', style='italic', variant='normal', weight=400, stretch='normal', size='scalable')) = 11.05
Sun, 22 Mar 2026 19:08:27 font_manager.py[line:1483] DEBUG findfont: score(FontEntry(fname='C:\\detect cough\\detect-cough-disease-with-CovNet\\.venv\\Lib\\site-packages\\matplotlib\\mpl-data\\fonts\\ttf\\DejaVuSansMono-BoldOblique.ttf', name='DejaVu Sans Mono', style='oblique', variant='normal', weight=700, stretch='normal', size='scalable')) = 11.335
Sun, 22 Mar 2026 19:08:27 font_manager.py[line:1483] DEBUG findfont: score(FontEntry(fname='C:\\detect cough\\detect-cough-disease-with-CovNet\\.venv\\Lib\\site-packages\\matplotlib\\mpl-data\\fonts\\ttf\\DejaVuSans-Oblique.ttf', name='DejaVu Sans', style='oblique', variant='normal', weight=400, stretch='normal', size='scalable')) = 1.05
Sun, 22 Mar 2026 19:08:27 font_manager.py[line:1483] DEBUG findfont: score(FontEntry(fname='C:\\detect cough\\detect-cough-disease-with-CovNet\\.venv\\Lib\\site-packages\\matplotlib\\mpl-data\\fonts\\ttf\\DejaVuSans-BoldOblique.ttf', name='DejaVu Sans', style='oblique', variant='normal', weight=700, stretch='normal', size='scalable')) = 1.335
Sun, 22 Mar 2026 19:08:27 font_manager.py[line:1483] DEBUG findfont: score(FontEntry(fname='C:\\detect cough\\detect-cough-disease-with-CovNet\\.venv\\Lib\\site-packages\\matplotlib\\mpl-data\\fonts\\ttf\\STIXSizOneSymReg.ttf', name='STIXSizeOneSym', style='normal', variant='normal', weight=400, stretch='normal', size='scalable')) = 10.05
Sun, 22 Mar 2026 19:08:27 font_manager.py[line:1483] DEBUG findfont: score(FontEntry(fname='C:\\detect cough\\detect-cough-disease-with-CovNet\\.venv\\Lib\\site-packages\\matplotlib\\mpl-data\\fonts\\ttf\\DejaVuSansMono.ttf', name='DejaVu Sans Mono', style='normal', variant='normal', weight=400, stretch='normal', size='scalable')) = 10.05
Sun, 22 Mar 2026 19:08:27 font_manager.py[line:1483] DEBUG findfont: score(FontEntry(fname='C:\\detect cough\\detect-cough-disease-with-CovNet\\.venv\\Lib\\site-packages\\matplotlib\\mpl-data\\fonts\\ttf\\STIXSizFourSymReg.ttf', name='STIXSizeFourSym', style='normal', variant='normal', weight=400, stretch='normal', size='scalable')) = 10.05
Sun, 22 Mar 2026 19:08:27 font_manager.py[line:1483] DEBUG findfont: score(FontEntry(fname='C:\\detect cough\\detect-cough-disease-with-CovNet\\.venv\\Lib\\site-packages\\matplotlib\\mpl-data\\fonts\\ttf\\STIXSizTwoSymReg.ttf', name='STIXSizeTwoSym', style='normal', variant='normal', weight=400, stretch='normal', size='scalable')) = 10.05
Sun, 22 Mar 2026 19:08:27 font_manager.py[line:1483] DEBUG findfont: score(FontEntry(fname='C:\\detect cough\\detect-cough-disease-with-CovNet\\.venv\\Lib\\site-packages\\matplotlib\\mpl-data\\fonts\\ttf\\STIXNonUniBol.ttf', name='STIXNonUnicode', style='normal', variant='normal', weight=700, stretch='normal', size='scalable')) = 10.335
Sun, 22 Mar 2026 19:08:27 font_manager.py[line:1483] DEBUG findfont: score(FontEntry(fname='C:\\detect cough\\detect-cough-disease-with-CovNet\\.venv\\Lib\\site-packages\\matplotlib\\mpl-data\\fonts\\ttf\\STIXSizTwoSymBol.ttf', name='STIXSizeTwoSym', style='normal', variant='normal', weight=700, stretch='normal', size='scalable')) = 10.335
Sun, 22 Mar 2026 19:08:27 font_manager.py[line:1483] DEBUG findfont: score(FontEntry(fname='C:\\detect cough\\detect-cough-disease-with-CovNet\\.venv\\Lib\\site-packages\\matplotlib\\mpl-data\\fonts\\ttf\\STIXSizThreeSymBol.ttf', name='STIXSizeThreeSym', style='normal', variant='normal', weight=700, stretch='normal', size='scalable')) = 10.335
Sun, 22 Mar 2026 19:08:27 font_manager.py[line:1483] DEBUG findfont: score(FontEntry(fname='C:\\detect cough\\detect-cough-disease-with-CovNet\\.venv\\Lib\\site-packages\\matplotlib\\mpl-data\\fonts\\ttf\\cmss10.ttf', name='cmss10', style='normal', variant='normal', weight=400, stretch='normal', size='scalable')) = 10.05
Sun, 22 Mar 2026 19:08:27 font_manager.py[line:1483] DEBUG findfont: score(FontEntry(fname='C:\\detect cough\\detect-cough-disease-with-CovNet\\.venv\\Lib\\site-packages\\matplotlib\\mpl-data\\fonts\\ttf\\STIXSizFourSymBol.ttf', name='STIXSizeFourSym', style='normal', variant='normal', weight=700, stretch='normal', size='scalable')) = 10.335
Sun, 22 Mar 2026 19:08:27 font_manager.py[line:1483] DEBUG findfont: score(FontEntry(fname='C:\\detect cough\\detect-cough-disease-with-CovNet\\.venv\\Lib\\site-packages\\matplotlib\\mpl-data\\fonts\\ttf\\cmmi10.ttf', name='cmmi10', style='normal', variant='normal', weight=400, stretch='normal', size='scalable')) = 10.05
Sun, 22 Mar 2026 19:08:27 font_manager.py[line:1483] DEBUG findfont: score(FontEntry(fname='C:\\detect cough\\detect-cough-disease-with-CovNet\\.venv\\Lib\\site-packages\\matplotlib\\mpl-data\\fonts\\ttf\\STIXNonUni.ttf', name='STIXNonUnicode', style='normal', variant='normal', weight=400, stretch='normal', size='scalable')) = 10.05
Sun, 22 Mar 2026 19:08:27 font_manager.py[line:1483] DEBUG findfont: score(FontEntry(fname='C:\\detect cough\\detect-cough-disease-with-CovNet\\.venv\\Lib\\site-packages\\matplotlib\\mpl-data\\fonts\\ttf\\cmex10.ttf', name='cmex10', style='normal', variant='normal', weight=400, stretch='normal', size='scalable')) = 10.05
Sun, 22 Mar 2026 19:08:27 font_manager.py[line:1483] DEBUG findfont: score(FontEntry(fname='C:\\detect cough\\detect-cough-disease-with-CovNet\\.venv\\Lib\\site-packages\\matplotlib\\mpl-data\\fonts\\ttf\\STIXSizOneSymBol.ttf', name='STIXSizeOneSym', style='normal', variant='normal', weight=700, stretch='normal', size='scalable')) = 10.335
Sun, 22 Mar 2026 19:08:27 font_manager.py[line:1483] DEBUG findfont: score(FontEntry(fname='C:\\detect cough\\detect-cough-disease-with-CovNet\\.venv\\Lib\\site-packages\\matplotlib\\mpl-data\\fonts\\ttf\\STIXGeneralItalic.ttf', name='STIXGeneral', style='italic', variant='normal', weight=400, stretch='normal', size='scalable')) = 11.05
Sun, 22 Mar 2026 19:08:27 font_manager.py[line:1483] DEBUG findfont: score(FontEntry(fname='C:\\detect cough\\detect-cough-disease-with-CovNet\\.venv\\Lib\\site-packages\\matplotlib\\mpl-data\\fonts\\ttf\\STIXSizThreeSymReg.ttf', name='STIXSizeThreeSym', style='normal', variant='normal', weight=400, stretch='normal', size='scalable')) = 10.05
Sun, 22 Mar 2026 19:08:27 font_manager.py[line:1483] DEBUG findfont: score(FontEntry(fname='C:\\detect cough\\detect-cough-disease-with-CovNet\\.venv\\Lib\\site-packages\\matplotlib\\mpl-data\\fonts\\ttf\\DejaVuSans-Bold.ttf', name='DejaVu Sans', style='normal', variant='normal', weight=700, stretch='normal', size='scalable')) = 0.33499999999999996
Sun, 22 Mar 2026 19:08:27 font_manager.py[line:1483] DEBUG findfont: score(FontEntry(fname='C:\\detect cough\\detect-cough-disease-with-CovNet\\.venv\\Lib\\site-packages\\matplotlib\\mpl-data\\fonts\\ttf\\cmtt10.ttf', name='cmtt10', style='normal', variant='normal', weight=400, stretch='normal', size='scalable')) = 10.05
Sun, 22 Mar 2026 19:08:27 font_manager.py[line:1483] DEBUG findfont: score(FontEntry(fname='C:\\detect cough\\detect-cough-disease-with-CovNet\\.venv\\Lib\\site-packages\\matplotlib\\mpl-data\\fonts\\ttf\\STIXGeneral.ttf', name='STIXGeneral', style='normal', variant='normal', weight=400, stretch='normal', size='scalable')) = 10.05
Sun, 22 Mar 2026 19:08:27 font_manager.py[line:1483] DEBUG findfont: score(FontEntry(fname='C:\\Windows\\Fonts\\HARLOWSI.TTF', name='Harlow Solid Italic', style='italic', variant='normal', weight=400, stretch='normal', size='scalable')) = 11.05
Sun, 22 Mar 2026 19:08:27 font_manager.py[line:1483] DEBUG findfont: score(FontEntry(fname='C:\\Windows\\Fonts\\trebuc.ttf', name='Trebuchet MS', style='normal', variant='normal', weight=400, stretch='normal', size='scalable')) = 10.05
Sun, 22 Mar 2026 19:08:27 font_manager.py[line:1483] DEBUG findfont: score(FontEntry(fname='C:\\Windows\\Fonts\\seguiemj.ttf', name='Segoe UI Emoji', style='normal', variant='normal', weight=400, stretch='normal', size='scalable')) = 10.05
Sun, 22 Mar 2026 19:08:27 font_manager.py[line:1483] DEBUG findfont: score(FontEntry(fname='C:\\Windows\\Fonts\\ROCCB___.TTF', name='Rockwell Condensed', style='normal', variant='normal', weight=700, stretch='condensed', size='scalable')) = 10.535
Sun, 22 Mar 2026 19:08:27 font_manager.py[line:1483] DEBUG findfont: score(FontEntry(fname='C:\\Windows\\Fonts\\FRABKIT.TTF', name='Franklin Gothic Book', style='italic', variant='normal', weight=400, stretch='normal', size='scalable')) = 11.05
Sun, 22 Mar 2026 19:08:27 font_manager.py[line:1483] DEBUG findfont: score(FontEntry(fname='C:\\Windows\\Fonts\\FRABK.TTF', name='Franklin Gothic Book', style='normal', variant='normal', weight=400, stretch='normal', size='scalable')) = 10.05
Sun, 22 Mar 2026 19:08:27 font_manager.py[line:1483] DEBUG findfont: score(FontEntry(fname='C:\\Windows\\Fonts\\georgiai.ttf', name='Georgia', style='italic', variant='normal', weight=400, stretch='normal', size='scalable')) = 11.05
Sun, 22 Mar 2026 19:08:27 font_manager.py[line:1483] DEBUG findfont: score(FontEntry(fname='C:\\Windows\\Fonts\\LSANS.TTF', name='Lucida Sans', style='normal', variant='normal', weight=400, stretch='normal', size='scalable')) = 10.05
Sun, 22 Mar 2026 19:08:27 font_manager.py[line:1483] DEBUG findfont: score(FontEntry(fname='C:\\Windows\\Fonts\\GOTHICB.TTF', name='Century Gothic', style='normal', variant='normal', weight=700, stretch='normal', size='scalable')) = 10.335
Sun, 22 Mar 2026 19:08:27 font_manager.py[line:1483] DEBUG findfont: score(FontEntry(fname='C:\\Windows\\Fonts\\malgunbd.ttf', name='Malgun Gothic', style='normal', variant='normal', weight=700, stretch='normal', size='scalable')) = 10.335
Sun, 22 Mar 2026 19:08:27 font_manager.py[line:1483] DEBUG findfont: score(FontEntry(fname='C:\\Windows\\Fonts\\LBRITEDI.TTF', name='Lucida Bright', style='italic', variant='normal', weight=600, stretch='normal', size='scalable')) = 11.24
Sun, 22 Mar 2026 19:08:27 font_manager.py[line:1483] DEBUG findfont: score(FontEntry(fname='C:\\Windows\\Fonts\\BKANT.TTF', name='Book Antiqua', style='normal', variant='normal', weight=400, stretch='normal', size='scalable')) = 10.05
Sun, 22 Mar 2026 19:08:27 font_manager.py[line:1483] DEBUG findfont: score(FontEntry(fname='C:\\Windows\\Fonts\\segoeuisl.ttf', name='Segoe UI', style='normal', variant='normal', weight=350, stretch='normal', size='scalable')) = 10.0975
Sun, 22 Mar 2026 19:08:27 font_manager.py[line:1483] DEBUG findfont: score(FontEntry(fname='C:\\Windows\\Fonts\\BOD_B.TTF', name='Bodoni MT', style='normal', variant='normal', weight=700, stretch='normal', size='scalable')) = 10.335
Sun, 22 Mar 2026 19:08:27 font_manager.py[line:1483] DEBUG findfont: score(FontEntry(fname='C:\\Windows\\Fonts\\FRADMCN.TTF', name='Franklin Gothic Demi Cond', style='normal', variant='normal', weight=400, stretch='condensed', size='scalable')) = 10.25
Sun, 22 Mar 2026 19:08:27 font_manager.py[line:1483] DEBUG findfont: score(FontEntry(fname='C:\\Windows\\Fonts\\REFSPCL.TTF', name='MS Reference Specialty', style='normal', variant='normal', weight=400, stretch='normal', size='scalable')) = 10.05
Sun, 22 Mar 2026 19:08:27 font_manager.py[line:1483] DEBUG findfont: score(FontEntry(fname='C:\\Windows\\Fonts\\msjhbd.ttc', name='Microsoft JhengHei', style='normal', variant='normal', weight=700, stretch='normal', size='scalable')) = 10.335
Sun, 22 Mar 2026 19:08:27 font_manager.py[line:1483] DEBUG findfont: score(FontEntry(fname='C:\\Windows\\Fonts\\timesi.ttf', name='Times New Roman', style='italic', variant='normal', weight=400, stretch='normal', size='scalable')) = 11.05
Sun, 22 Mar 2026 19:08:27 font_manager.py[line:1483] DEBUG findfont: score(FontEntry(fname='C:\\Windows\\Fonts\\wingding.ttf', name='Wingdings', style='normal', variant='normal', weight=400, stretch='normal', size='scalable')) = 10.05
Sun, 22 Mar 2026 19:08:27 font_manager.py[line:1483] DEBUG findfont: score(FontEntry(fname='C:\\Windows\\Fonts\\MTCORSVA.TTF', name='Monotype Corsiva', style='normal', variant='normal', weight=400, stretch='normal', size='scalable')) = 10.05
Sun, 22 Mar 2026 19:08:27 font_manager.py[line:1483] DEBUG findfont: score(FontEntry(fname='C:\\Windows\\Fonts\\tahoma.ttf', name='Tahoma', style='normal', variant='normal', weight=400, stretch='normal', size='scalable')) = 10.05
Sun, 22 Mar 2026 19:08:27 font_manager.py[line:1483] DEBUG findfont: score(FontEntry(fname='C:\\Windows\\Fonts\\CALISTBI.TTF', name='Calisto MT', style='italic', variant='normal', weight=700, stretch='normal', size='scalable')) = 11.335
Sun, 22 Mar 2026 19:08:27 font_manager.py[line:1483] DEBUG findfont: score(FontEntry(fname='C:\\Windows\\Fonts\\cambriaz.ttf', name='Cambria', style='italic', variant='normal', weight=700, stretch='normal', size='scalable')) = 11.335
Sun, 22 Mar 2026 19:08:27 font_manager.py[line:1483] DEBUG findfont: score(FontEntry(fname='C:\\Windows\\Fonts\\CALISTI.TTF', name='Calisto MT', style='italic', variant='normal', weight=400, stretch='normal', size='scalable')) = 11.05
Sun, 22 Mar 2026 19:08:27 font_manager.py[line:1483] DEBUG findfont: score(FontEntry(fname='C:\\Windows\\Fonts\\GILBI___.TTF', name='Gill Sans MT', style='italic', variant='normal', weight=700, stretch='normal', size='scalable')) = 11.335
Sun, 22 Mar 2026 19:08:27 font_manager.py[line:1483] DEBUG findfont: score(FontEntry(fname='C:\\Windows\\Fonts\\BOD_CBI.TTF', name='Bodoni MT', style='italic', variant='normal', weight=700, stretch='condensed', size='scalable')) = 11.535
Sun, 22 Mar 2026 19:08:27 font_manager.py[line:1483] DEBUG findfont: score(FontEntry(fname='C:\\Windows\\Fonts\\ARIALNB.TTF', name='Arial', style='normal', variant='normal', weight=700, stretch='condensed', size='scalable')) = 6.8986363636363635
Sun, 22 Mar 2026 19:08:27 font_manager.py[line:1483] DEBUG findfont: score(FontEntry(fname='C:\\Windows\\Fonts\\PLAYBILL.TTF', name='Playbill', style='normal', variant='normal', weight=400, stretch='normal', size='scalable')) = 10.05
Sun, 22 Mar 2026 19:08:27 font_manager.py[line:1483] DEBUG findfont: score(FontEntry(fname='C:\\Windows\\Fonts\\CALISTB.TTF', name='Calisto MT', style='normal', variant='normal', weight=700, stretch='normal', size='scalable')) = 10.335
Sun, 22 Mar 2026 19:08:27 font_manager.py[line:1483] DEBUG findfont: score(FontEntry(fname='C:\\Windows\\Fonts\\FRAMDCN.TTF', name='Franklin Gothic Medium Cond', style='normal', variant='normal', weight=400, stretch='condensed', size='scalable')) = 10.25
Sun, 22 Mar 2026 19:08:27 font_manager.py[line:1483] DEBUG findfont: score(FontEntry(fname='C:\\Windows\\Fonts\\mvboli.ttf', name='MV Boli', style='normal', variant='normal', weight=400, stretch='normal', size='scalable')) = 10.05
Sun, 22 Mar 2026 19:08:27 font_manager.py[line:1483] DEBUG findfont: score(FontEntry(fname='C:\\Windows\\Fonts\\BERNHC.TTF', name='Bernard MT Condensed', style='normal', variant='normal', weight=400, stretch='condensed', size='scalable')) = 10.25
Sun, 22 Mar 2026 19:08:27 font_manager.py[line:1483] DEBUG findfont: score(FontEntry(fname='C:\\Windows\\Fonts\\BOOKOSBI.TTF', name='Bookman Old Style', style='italic', variant='normal', weight=600, stretch='normal', size='scalable')) = 11.24
Sun, 22 Mar 2026 19:08:27 font_manager.py[line:1483] DEBUG findfont: score(FontEntry(fname='C:\\Windows\\Fonts\\javatext.ttf', name='Javanese Text', style='normal', variant='normal', weight=400, stretch='normal', size='scalable')) = 10.05
Sun, 22 Mar 2026 19:08:27 font_manager.py[line:1483] DEBUG findfont: score(FontEntry(fname='C:\\Windows\\Fonts\\corbelb.ttf', name='Corbel', style='normal', variant='normal', weight=700, stretch='normal', size='scalable')) = 10.335
Sun, 22 Mar 2026 19:08:27 font_manager.py[line:1483] DEBUG findfont: score(FontEntry(fname='C:\\Windows\\Fonts\\ROCKI.TTF', name='Rockwell', style='italic', variant='normal', weight=400, stretch='normal', size='scalable')) = 11.05
Sun, 22 Mar 2026 19:08:27 font_manager.py[line:1483] DEBUG findfont: score(FontEntry(fname='C:\\Windows\\Fonts\\constan.ttf', name='Constantia', style='normal', variant='normal', weight=400, stretch='normal', size='scalable')) = 10.05
Sun, 22 Mar 2026 19:08:27 font_manager.py[line:1483] DEBUG findfont: score(FontEntry(fname='C:\\Windows\\Fonts\\corbel.ttf', name='Corbel', style='normal', variant='normal', weight=400, stretch='normal', size='scalable')) = 10.05
Sun, 22 Mar 2026 19:08:27 font_manager.py[line:1483] DEBUG findfont: score(FontEntry(fname='C:\\Windows\\Fonts\\framd.ttf', name='Franklin Gothic Medium', style='normal', variant='normal', weight=400, stretch='normal', size='scalable')) = 10.05
Sun, 22 Mar 2026 19:08:27 font_manager.py[line:1483] DEBUG findfont: score(FontEntry(fname='C:\\Windows\\Fonts\\ELEPHNT.TTF', name='Elephant', style='normal', variant='normal', weight=400, stretch='normal', size='scalable')) = 10.05
Sun, 22 Mar 2026 19:08:27 font_manager.py[line:1483] DEBUG findfont: score(FontEntry(fname='C:\\Windows\\Fonts\\NIAGSOL.TTF', name='Niagara Solid', style='normal', variant='normal', weight=400, stretch='normal', size='scalable')) = 10.05
Sun, 22 Mar 2026 19:08:27 font_manager.py[line:1483] DEBUG findfont: score(FontEntry(fname='C:\\Windows\\Fonts\\COOPBL.TTF', name='Cooper Black', style='normal', variant='normal', weight=400, stretch='normal', size='scalable')) = 10.05
Sun, 22 Mar 2026 19:08:27 font_manager.py[line:1483] DEBUG findfont: score(FontEntry(fname='C:\\Windows\\Fonts\\impact.ttf', name='Impact', style='normal', variant='normal', weight=400, stretch='normal', size='scalable')) = 10.05
Sun, 22 Mar 2026 19:08:27 font_manager.py[line:1483] DEBUG findfont: score(FontEntry(fname='C:\\Windows\\Fonts\\CALIST.TTF', name='Calisto MT', style='normal', variant='normal', weight=400, stretch='normal', size='scalable')) = 10.05
Sun, 22 Mar 2026 19:08:27 font_manager.py[line:1483] DEBUG findfont: score(FontEntry(fname='C:\\Windows\\Fonts\\GIL_____.TTF', name='Gill Sans MT', style='normal', variant='normal', weight=400, stretch='normal', size='scalable')) = 10.05
Sun, 22 Mar 2026 19:08:27 font_manager.py[line:1483] DEBUG findfont: score(FontEntry(fname='C:\\Windows\\Fonts\\cambria.ttc', name='Cambria', style='normal', variant='normal', weight=400, stretch='normal', size='scalable')) = 10.05
Sun, 22 Mar 2026 19:08:27 font_manager.py[line:1483] DEBUG findfont: score(FontEntry(fname='C:\\Windows\\Fonts\\STENCIL.TTF', name='Stencil', style='normal', variant='normal', weight=400, stretch='normal', size='scalable')) = 10.05
Sun, 22 Mar 2026 19:08:27 font_manager.py[line:1483] DEBUG findfont: score(FontEntry(fname='C:\\Windows\\Fonts\\SNAP____.TTF', name='Snap ITC', style='normal', variant='normal', weight=400, stretch='normal', size='scalable')) = 10.05
Sun, 22 Mar 2026 19:08:27 font_manager.py[line:1483] DEBUG findfont: score(FontEntry(fname='C:\\Windows\\Fonts\\YuGothB.ttc', name='Yu Gothic', style='normal', variant='normal', weight=700, stretch='normal', size='scalable')) = 10.335
Sun, 22 Mar 2026 19:08:27 font_manager.py[line:1483] DEBUG findfont: score(FontEntry(fname='C:\\Windows\\Fonts\\SitkaVF.ttf', name='Sitka', style='normal', variant='normal', weight=400, stretch='normal', size='scalable')) = 10.05
Sun, 22 Mar 2026 19:08:27 font_manager.py[line:1483] DEBUG findfont: score(FontEntry(fname='C:\\Windows\\Fonts\\FTLTLT.TTF', name='Footlight MT Light', style='normal', variant='normal', weight=300, stretch='normal', size='scalable')) = 10.145
Sun, 22 Mar 2026 19:08:27 font_manager.py[line:1483] DEBUG findfont: score(FontEntry(fname='C:\\Windows\\Fonts\\BELLI.TTF', name='Bell MT', style='italic', variant='normal', weight=400, stretch='normal', size='scalable')) = 11.05
Sun, 22 Mar 2026 19:08:27 font_manager.py[line:1483] DEBUG findfont: score(FontEntry(fname='C:\\Windows\\Fonts\\BOD_PSTC.TTF', name='Bodoni MT', style='normal', variant='normal', weight=300, stretch='normal', size='scalable')) = 10.145
Sun, 22 Mar 2026 19:08:27 font_manager.py[line:1483] DEBUG findfont: score(FontEntry(fname='C:\\Windows\\Fonts\\calibriz.ttf', name='Calibri', style='italic', variant='normal', weight=700, stretch='normal', size='scalable')) = 11.335
Sun, 22 Mar 2026 19:08:27 font_manager.py[line:1483] DEBUG findfont: score(FontEntry(fname='C:\\Windows\\Fonts\\constanz.ttf', name='Constantia', style='italic', variant='normal', weight=700, stretch='normal', size='scalable')) = 11.335
Sun, 22 Mar 2026 19:08:27 font_manager.py[line:1483] DEBUG findfont: score(FontEntry(fname='C:\\Windows\\Fonts\\palabi.ttf', name='Palatino Linotype', style='italic', variant='normal', weight=700, stretch='normal', size='scalable')) = 11.335
Sun, 22 Mar 2026 19:08:27 font_manager.py[line:1483] DEBUG findfont: score(FontEntry(fname='C:\\Windows\\Fonts\\LHANDW.TTF', name='Lucida Handwriting', style='italic', variant='normal', weight=400, stretch='normal', size='scalable')) = 11.05
Sun, 22 Mar 2026 19:08:27 font_manager.py[line:1483] DEBUG findfont: score(FontEntry(fname='C:\\Windows\\Fonts\\CALIFI.TTF', name='Californian FB', style='italic', variant='normal', weight=400, stretch='normal', size='scalable')) = 11.05
Sun, 22 Mar 2026 19:08:27 font_manager.py[line:1483] DEBUG findfont: score(FontEntry(fname='C:\\Windows\\Fonts\\timesbi.ttf', name='Times New Roman', style='italic', variant='normal', weight=700, stretch='normal', size='scalable')) = 11.335
Sun, 22 Mar 2026 19:08:27 font_manager.py[line:1483] DEBUG findfont: score(FontEntry(fname='C:\\Windows\\Fonts\\POORICH.TTF', name='Poor Richard', style='normal', variant='normal', weight=400, stretch='normal', size='scalable')) = 10.05
Sun, 22 Mar 2026 19:08:27 font_manager.py[line:1483] DEBUG findfont: score(FontEntry(fname='C:\\Windows\\Fonts\\BOD_CR.TTF', name='Bodoni MT', style='normal', variant='normal', weight=400, stretch='condensed', size='scalable')) = 10.25
Sun, 22 Mar 2026 19:08:27 font_manager.py[line:1483] DEBUG findfont: score(FontEntry(fname='C:\\Windows\\Fonts\\MAGNETOB.TTF', name='Magneto', style='normal', variant='normal', weight=700, stretch='normal', size='scalable')) = 10.335
Sun, 22 Mar 2026 19:08:27 font_manager.py[line:1483] DEBUG findfont: score(FontEntry(fname='C:\\Windows\\Fonts\\LeelaUIb.ttf', name='Leelawadee UI', style='normal', variant='normal', weight=700, stretch='normal', size='scalable')) = 10.335
Sun, 22 Mar 2026 19:08:27 font_manager.py[line:1483] DEBUG findfont: score(FontEntry(fname='C:\\Windows\\Fonts\\segoescb.ttf', name='Segoe Script', style='normal', variant='normal', weight=700, stretch='normal', size='scalable')) = 10.335
Sun, 22 Mar 2026 19:08:27 font_manager.py[line:1483] DEBUG findfont: score(FontEntry(fname='C:\\Windows\\Fonts\\HTOWERTI.TTF', name='High Tower Text', style='italic', variant='normal', weight=400, stretch='normal', size='scalable')) = 11.05
Sun, 22 Mar 2026 19:08:27 font_manager.py[line:1483] DEBUG findfont: score(FontEntry(fname='C:\\Windows\\Fonts\\BOD_I.TTF', name='Bodoni MT', style='italic', variant='normal', weight=400, stretch='normal', size='scalable')) = 11.05
Sun, 22 Mar 2026 19:08:27 font_manager.py[line:1483] DEBUG findfont: score(FontEntry(fname='C:\\Windows\\Fonts\\COLONNA.TTF', name='Colonna MT', style='normal', variant='normal', weight=400, stretch='normal', size='scalable')) = 10.05
Sun, 22 Mar 2026 19:08:27 font_manager.py[line:1483] DEBUG findfont: score(FontEntry(fname='C:\\Windows\\Fonts\\FRADMIT.TTF', name='Franklin Gothic Demi', style='italic', variant='normal', weight=400, stretch='normal', size='scalable')) = 11.05
Sun, 22 Mar 2026 19:08:27 font_manager.py[line:1483] DEBUG findfont: score(FontEntry(fname='C:\\Windows\\Fonts\\GARAIT.TTF', name='Garamond', style='italic', variant='normal', weight=400, stretch='normal', size='scalable')) = 11.05
Sun, 22 Mar 2026 19:08:27 font_manager.py[line:1483] DEBUG findfont: score(FontEntry(fname='C:\\Windows\\Fonts\\constanb.ttf', name='Constantia', style='normal', variant='normal', weight=700, stretch='normal', size='scalable')) = 10.335
Sun, 22 Mar 2026 19:08:27 font_manager.py[line:1483] DEBUG findfont: score(FontEntry(fname='C:\\Windows\\Fonts\\LFAX.TTF', name='Lucida Fax', style='normal', variant='normal', weight=400, stretch='normal', size='scalable')) = 10.05
Sun, 22 Mar 2026 19:08:27 font_manager.py[line:1483] DEBUG findfont: score(FontEntry(fname='C:\\Windows\\Fonts\\SimsunExtG.ttf', name='SimSun-ExtG', style='normal', variant='normal', weight=400, stretch='normal', size='scalable')) = 10.05
Sun, 22 Mar 2026 19:08:27 font_manager.py[line:1483] DEBUG findfont: score(FontEntry(fname='C:\\Windows\\Fonts\\CENSCBK.TTF', name='Century Schoolbook', style='normal', variant='normal', weight=400, stretch='normal', size='scalable')) = 10.05
Sun, 22 Mar 2026 19:08:27 font_manager.py[line:1483] DEBUG findfont: score(FontEntry(fname='C:\\Windows\\Fonts\\LTYPEBO.TTF', name='Lucida Sans Typewriter', style='oblique', variant='normal', weight=600, stretch='normal', size='scalable')) = 11.24
Sun, 22 Mar 2026 19:08:27 font_manager.py[line:1483] DEBUG findfont: score(FontEntry(fname='C:\\Windows\\Fonts\\LFAXD.TTF', name='Lucida Fax', style='normal', variant='normal', weight=600, stretch='normal', size='scalable')) = 10.24
Sun, 22 Mar 2026 19:08:27 font_manager.py[line:1483] DEBUG findfont: score(FontEntry(fname='C:\\Windows\\Fonts\\ebrima.ttf', name='Ebrima', style='normal', variant='normal', weight=400, stretch='normal', size='scalable')) = 10.05
Sun, 22 Mar 2026 19:08:27 font_manager.py[line:1483] DEBUG findfont: score(FontEntry(fname='C:\\Windows\\Fonts\\BRLNSDB.TTF', name='Berlin Sans FB Demi', style='normal', variant='normal', weight=700, stretch='normal', size='scalable')) = 10.335
Sun, 22 Mar 2026 19:08:27 font_manager.py[line:1483] DEBUG findfont: score(FontEntry(fname='C:\\Windows\\Fonts\\calibri.ttf', name='Calibri', style='normal', variant='normal', weight=400, stretch='normal', size='scalable')) = 10.05
Sun, 22 Mar 2026 19:08:27 font_manager.py[line:1483] DEBUG findfont: score(FontEntry(fname='C:\\Windows\\Fonts\\courbd.ttf', name='Courier New', style='normal', variant='normal', weight=700, stretch='normal', size='scalable')) = 10.335
Sun, 22 Mar 2026 19:08:27 font_manager.py[line:1483] DEBUG findfont: score(FontEntry(fname='C:\\Windows\\Fonts\\framdit.ttf', name='Franklin Gothic Medium', style='italic', variant='normal', weight=400, stretch='normal', size='scalable')) = 11.05
Sun, 22 Mar 2026 19:08:27 font_manager.py[line:1483] DEBUG findfont: score(FontEntry(fname='C:\\Windows\\Fonts\\OUTLOOK.TTF', name='MS Outlook', style='normal', variant='normal', weight=400, stretch='normal', size='scalable')) = 10.05
Sun, 22 Mar 2026 19:08:27 font_manager.py[line:1483] DEBUG findfont: score(FontEntry(fname='C:\\Windows\\Fonts\\HTOWERT.TTF', name='High Tower Text', style='normal', variant='normal', weight=400, stretch='normal', size='scalable')) = 10.05
Sun, 22 Mar 2026 19:08:27 font_manager.py[line:1483] DEBUG findfont: score(FontEntry(fname='C:\\Windows\\Fonts\\Candarai.ttf', name='Candara', style='italic', variant='normal', weight=400, stretch='normal', size='scalable')) = 11.05
Sun, 22 Mar 2026 19:08:27 font_manager.py[line:1483] DEBUG findfont: score(FontEntry(fname='C:\\Windows\\Fonts\\segoepr.ttf', name='Segoe Print', style='normal', variant='normal', weight=400, stretch='normal', size='scalable')) = 10.05
Sun, 22 Mar 2026 19:08:27 font_manager.py[line:1483] DEBUG findfont: score(FontEntry(fname='C:\\Windows\\Fonts\\ARLRDBD.TTF', name='Arial Rounded MT Bold', style='normal', variant='normal', weight=400, stretch='normal', size='scalable')) = 10.05
Sun, 22 Mar 2026 19:08:27 font_manager.py[line:1483] DEBUG findfont: score(FontEntry(fname='C:\\Windows\\Fonts\\GILI____.TTF', name='Gill Sans MT', style='italic', variant='normal', weight=400, stretch='normal', size='scalable')) = 11.05
Sun, 22 Mar 2026 19:08:27 font_manager.py[line:1483] DEBUG findfont: score(FontEntry(fname='C:\\Windows\\Fonts\\Candaral.ttf', name='Candara', style='normal', variant='normal', weight=400, stretch='normal', size='scalable')) = 10.05
Sun, 22 Mar 2026 19:08:27 font_manager.py[line:1483] DEBUG findfont: score(FontEntry(fname='C:\\Windows\\Fonts\\LTYPE.TTF', name='Lucida Sans Typewriter', style='normal', variant='normal', weight=400, stretch='normal', size='scalable')) = 10.05
Sun, 22 Mar 2026 19:08:27 font_manager.py[line:1483] DEBUG findfont: score(FontEntry(fname='C:\\Windows\\Fonts\\LSANSI.TTF', name='Lucida Sans', style='italic', variant='normal', weight=400, stretch='normal', size='scalable')) = 11.05
Sun, 22 Mar 2026 19:08:27 font_manager.py[line:1483] DEBUG findfont: score(FontEntry(fname='C:\\Windows\\Fonts\\SCHLBKBI.TTF', name='Century Schoolbook', style='italic', variant='normal', weight=700, stretch='normal', size='scalable')) = 11.335
Sun, 22 Mar 2026 19:08:27 font_manager.py[line:1483] DEBUG findfont: score(FontEntry(fname='C:\\Windows\\Fonts\\GARABD.TTF', name='Garamond', style='normal', variant='normal', weight=700, stretch='normal', size='scalable')) = 10.335
Sun, 22 Mar 2026 19:08:27 font_manager.py[line:1483] DEBUG findfont: score(FontEntry(fname='C:\\Windows\\Fonts\\consolai.ttf', name='Consolas', style='italic', variant='normal', weight=400, stretch='normal', size='scalable')) = 11.05
Sun, 22 Mar 2026 19:08:27 font_manager.py[line:1483] DEBUG findfont: score(FontEntry(fname='C:\\Windows\\Fonts\\Candarab.ttf', name='Candara', style='normal', variant='normal', weight=700, stretch='normal', size='scalable')) = 10.335
Sun, 22 Mar 2026 19:08:27 font_manager.py[line:1483] DEBUG findfont: score(FontEntry(fname='C:\\Windows\\Fonts\\YuGothL.ttc', name='Yu Gothic', style='normal', variant='normal', weight=300, stretch='normal', size='scalable')) = 10.145
Sun, 22 Mar 2026 19:08:27 font_manager.py[line:1483] DEBUG findfont: score(FontEntry(fname='C:\\Windows\\Fonts\\segoesc.ttf', name='Segoe Script', style='normal', variant='normal', weight=400, stretch='normal', size='scalable')) = 10.05
Sun, 22 Mar 2026 19:08:27 font_manager.py[line:1483] DEBUG findfont: score(FontEntry(fname='C:\\Windows\\Fonts\\consolaz.ttf', name='Consolas', style='italic', variant='normal', weight=700, stretch='normal', size='scalable')) = 11.335
Sun, 22 Mar 2026 19:08:27 font_manager.py[line:1483] DEBUG findfont: score(FontEntry(fname='C:\\Windows\\Fonts\\CASTELAR.TTF', name='Castellar', style='normal', variant='normal', weight=400, stretch='normal', size='scalable')) = 10.05
Sun, 22 Mar 2026 19:08:27 font_manager.py[line:1483] DEBUG findfont: score(FontEntry(fname='C:\\Windows\\Fonts\\YuGothR.ttc', name='Yu Gothic', style='normal', variant='normal', weight=400, stretch='normal', size='scalable')) = 10.05
Sun, 22 Mar 2026 19:08:27 font_manager.py[line:1483] DEBUG findfont: score(FontEntry(fname='C:\\Windows\\Fonts\\gadugi.ttf', name='Gadugi', style='normal', variant='normal', weight=400, stretch='normal', size='scalable')) = 10.05
Sun, 22 Mar 2026 19:08:27 font_manager.py[line:1483] DEBUG findfont: score(FontEntry(fname='C:\\Windows\\Fonts\\ARIALNBI.TTF', name='Arial', style='italic', variant='normal', weight=700, stretch='condensed', size='scalable')) = 7.8986363636363635
Sun, 22 Mar 2026 19:08:27 font_manager.py[line:1483] DEBUG findfont: score(FontEntry(fname='C:\\Windows\\Fonts\\TCB_____.TTF', name='Tw Cen MT', style='normal', variant='normal', weight=700, stretch='normal', size='scalable')) = 10.335
Sun, 22 Mar 2026 19:08:27 font_manager.py[line:1483] DEBUG findfont: score(FontEntry(fname='C:\\Windows\\Fonts\\ariali.ttf', name='Arial', style='italic', variant='normal', weight=400, stretch='normal', size='scalable')) = 7.413636363636363
Sun, 22 Mar 2026 19:08:27 font_manager.py[line:1483] DEBUG findfont: score(FontEntry(fname='C:\\Windows\\Fonts\\segmdl2.ttf', name='Segoe MDL2 Assets', style='normal', variant='normal', weight=400, stretch='normal', size='scalable')) = 10.05
Sun, 22 Mar 2026 19:08:27 font_manager.py[line:1483] DEBUG findfont: score(FontEntry(fname='C:\\Windows\\Fonts\\PERB____.TTF', name='Perpetua', style='normal', variant='normal', weight=700, stretch='normal', size='scalable')) = 10.335
Sun, 22 Mar 2026 19:08:27 font_manager.py[line:1483] DEBUG findfont: score(FontEntry(fname='C:\\Windows\\Fonts\\DUBAI-BOLD.TTF', name='Dubai', style='normal', variant='normal', weight=700, stretch='normal', size='scalable')) = 10.335
Sun, 22 Mar 2026 19:08:27 font_manager.py[line:1483] DEBUG findfont: score(FontEntry(fname='C:\\Windows\\Fonts\\GILC____.TTF', name='Gill Sans MT Condensed', style='normal', variant='normal', weight=400, stretch='condensed', size='scalable')) = 10.25
Sun, 22 Mar 2026 19:08:27 font_manager.py[line:1483] DEBUG findfont: score(FontEntry(fname='C:\\Windows\\Fonts\\GARA.TTF', name='Garamond', style='normal', variant='normal', weight=400, stretch='normal', size='scalable')) = 10.05
Sun, 22 Mar 2026 19:08:27 font_manager.py[line:1483] DEBUG findfont: score(FontEntry(fname='C:\\Windows\\Fonts\\palab.ttf', name='Palatino Linotype', style='normal', variant='normal', weight=700, stretch='normal', size='scalable')) = 10.335
Sun, 22 Mar 2026 19:08:27 font_manager.py[line:1483] DEBUG findfont: score(FontEntry(fname='C:\\Windows\\Fonts\\cambriab.ttf', name='Cambria', style='normal', variant='normal', weight=700, stretch='normal', size='scalable')) = 10.335
Sun, 22 Mar 2026 19:08:27 font_manager.py[line:1483] DEBUG findfont: score(FontEntry(fname='C:\\Windows\\Fonts\\ANTQUAI.TTF', name='Book Antiqua', style='italic', variant='normal', weight=400, stretch='normal', size='scalable')) = 11.05
Sun, 22 Mar 2026 19:08:27 font_manager.py[line:1483] DEBUG findfont: score(FontEntry(fname='C:\\Windows\\Fonts\\comic.ttf', name='Comic Sans MS', style='normal', variant='normal', weight=400, stretch='normal', size='scalable')) = 10.05
Sun, 22 Mar 2026 19:08:27 font_manager.py[line:1483] DEBUG findfont: score(FontEntry(fname='C:\\Windows\\Fonts\\LBRITED.TTF', name='Lucida Bright', style='normal', variant='normal', weight=600, stretch='normal', size='scalable')) = 10.24
Sun, 22 Mar 2026 19:08:27 font_manager.py[line:1483] DEBUG findfont: score(FontEntry(fname='C:\\Windows\\Fonts\\LATINWD.TTF', name='Wide Latin', style='normal', variant='normal', weight=400, stretch='expanded', size='scalable')) = 10.25
Sun, 22 Mar 2026 19:08:27 font_manager.py[line:1483] DEBUG findfont: score(FontEntry(fname='C:\\Windows\\Fonts\\bahnschrift.ttf', name='Bahnschrift', style='normal', variant='normal', weight=400, stretch='normal', size='scalable')) = 10.05
Sun, 22 Mar 2026 19:08:27 font_manager.py[line:1483] DEBUG findfont: score(FontEntry(fname='C:\\Windows\\Fonts\\corbell.ttf', name='Corbel', style='normal', variant='normal', weight=300, stretch='normal', size='scalable')) = 10.145
Sun, 22 Mar 2026 19:08:27 font_manager.py[line:1483] DEBUG findfont: score(FontEntry(fname='C:\\Windows\\Fonts\\IMPRISHA.TTF', name='Imprint MT Shadow', style='normal', variant='normal', weight=400, stretch='normal', size='scalable')) = 10.05
Sun, 22 Mar 2026 19:08:27 font_manager.py[line:1483] DEBUG findfont: score(FontEntry(fname='C:\\Windows\\Fonts\\AGENCYR.TTF', name='Agency FB', style='normal', variant='normal', weight=400, stretch='normal', size='scalable')) = 10.05
Sun, 22 Mar 2026 19:08:27 font_manager.py[line:1483] DEBUG findfont: score(FontEntry(fname='C:\\Windows\\Fonts\\ntailub.ttf', name='Microsoft New Tai Lue', style='normal', variant='normal', weight=700, stretch='normal', size='scalable')) = 10.335
Sun, 22 Mar 2026 19:08:27 font_manager.py[line:1483] DEBUG findfont: score(FontEntry(fname='C:\\Windows\\Fonts\\LCALLIG.TTF', name='Lucida Calligraphy', style='italic', variant='normal', weight=400, stretch='normal', size='scalable')) = 11.05
Sun, 22 Mar 2026 19:08:27 font_manager.py[line:1483] DEBUG findfont: score(FontEntry(fname='C:\\Windows\\Fonts\\ERASDEMI.TTF', name='Eras Demi ITC', style='normal', variant='normal', weight=400, stretch='normal', size='scalable')) = 10.05
Sun, 22 Mar 2026 19:08:27 font_manager.py[line:1483] DEBUG findfont: score(FontEntry(fname='C:\\Windows\\Fonts\\LTYPEB.TTF', name='Lucida Sans Typewriter', style='normal', variant='normal', weight=600, stretch='normal', size='scalable')) = 10.24
Sun, 22 Mar 2026 19:08:27 font_manager.py[line:1483] DEBUG findfont: score(FontEntry(fname='C:\\Windows\\Fonts\\PAPYRUS.TTF', name='Papyrus', style='normal', variant='normal', weight=400, stretch='normal', size='scalable')) = 10.05
Sun, 22 Mar 2026 19:08:27 font_manager.py[line:1483] DEBUG findfont: score(FontEntry(fname='C:\\Windows\\Fonts\\COPRGTB.TTF', name='Copperplate Gothic Bold', style='normal', variant='normal', weight=400, stretch='normal', size='scalable')) = 10.05
Sun, 22 Mar 2026 19:08:27 font_manager.py[line:1483] DEBUG findfont: score(FontEntry(fname='C:\\Windows\\Fonts\\BSSYM7.TTF', name='Bookshelf Symbol 7', style='normal', variant='normal', weight=400, stretch='normal', size='scalable')) = 10.05
Sun, 22 Mar 2026 19:08:27 font_manager.py[line:1483] DEBUG findfont: score(FontEntry(fname='C:\\Windows\\Fonts\\seguibli.ttf', name='Segoe UI', style='italic', variant='normal', weight=900, stretch='normal', size='scalable')) = 11.525
Sun, 22 Mar 2026 19:08:27 font_manager.py[line:1483] DEBUG findfont: score(FontEntry(fname='C:\\Windows\\Fonts\\ARIALN.TTF', name='Arial', style='normal', variant='normal', weight=400, stretch='condensed', size='scalable')) = 6.613636363636363
Sun, 22 Mar 2026 19:08:27 font_manager.py[line:1483] DEBUG findfont: score(FontEntry(fname='C:\\Windows\\Fonts\\SegoeIcons.ttf', name='Segoe Fluent Icons', style='normal', variant='normal', weight=400, stretch='normal', size='scalable')) = 10.05
Sun, 22 Mar 2026 19:08:27 font_manager.py[line:1483] DEBUG findfont: score(FontEntry(fname='C:\\Windows\\Fonts\\MAIAN.TTF', name='Maiandra GD', style='normal', variant='normal', weight=400, stretch='normal', size='scalable')) = 10.05
Sun, 22 Mar 2026 19:08:27 font_manager.py[line:1483] DEBUG findfont: score(FontEntry(fname='C:\\Windows\\Fonts\\seguihis.ttf', name='Segoe UI Historic', style='normal', variant='normal', weight=400, stretch='normal', size='scalable')) = 10.05
Sun, 22 Mar 2026 19:08:27 font_manager.py[line:1483] DEBUG findfont: score(FontEntry(fname='C:\\Windows\\Fonts\\trebucbi.ttf', name='Trebuchet MS', style='italic', variant='normal', weight=700, stretch='normal', size='scalable')) = 11.335
Sun, 22 Mar 2026 19:08:27 font_manager.py[line:1483] DEBUG findfont: score(FontEntry(fname='C:\\Windows\\Fonts\\segoeuil.ttf', name='Segoe UI', style='normal', variant='normal', weight=300, stretch='normal', size='scalable')) = 10.145
Sun, 22 Mar 2026 19:08:27 font_manager.py[line:1483] DEBUG findfont: score(FontEntry(fname='C:\\Windows\\Fonts\\consolab.ttf', name='Consolas', style='normal', variant='normal', weight=700, stretch='normal', size='scalable')) = 10.335
Sun, 22 Mar 2026 19:08:27 font_manager.py[line:1483] DEBUG findfont: score(FontEntry(fname='C:\\Windows\\Fonts\\OLDENGL.TTF', name='Old English Text MT', style='normal', variant='normal', weight=400, stretch='normal', size='scalable')) = 10.05
Sun, 22 Mar 2026 19:08:27 font_manager.py[line:1483] DEBUG findfont: score(FontEntry(fname='C:\\Windows\\Fonts\\DUBAI-MEDIUM.TTF', name='Dubai', style='normal', variant='normal', weight=500, stretch='normal', size='scalable')) = 10.145
Sun, 22 Mar 2026 19:08:27 font_manager.py[line:1483] DEBUG findfont: score(FontEntry(fname='C:\\Windows\\Fonts\\mingliub.ttc', name='MingLiU-ExtB', style='normal', variant='normal', weight=400, stretch='normal', size='scalable')) = 10.05
Sun, 22 Mar 2026 19:08:27 font_manager.py[line:1483] DEBUG findfont: score(FontEntry(fname='C:\\Windows\\Fonts\\RAVIE.TTF', name='Ravie', style='normal', variant='normal', weight=400, stretch='normal', size='scalable')) = 10.05
Sun, 22 Mar 2026 19:08:27 font_manager.py[line:1483] DEBUG findfont: score(FontEntry(fname='C:\\Windows\\Fonts\\VIVALDII.TTF', name='Vivaldi', style='italic', variant='normal', weight=400, stretch='normal', size='scalable')) = 11.05
Sun, 22 Mar 2026 19:08:27 font_manager.py[line:1483] DEBUG findfont: score(FontEntry(fname='C:\\Windows\\Fonts\\BOD_CI.TTF', name='Bodoni MT', style='italic', variant='normal', weight=400, stretch='condensed', size='scalable')) = 11.25
Sun, 22 Mar 2026 19:08:27 font_manager.py[line:1483] DEBUG findfont: score(FontEntry(fname='C:\\Windows\\Fonts\\BELL.TTF', name='Bell MT', style='normal', variant='normal', weight=400, stretch='normal', size='scalable')) = 10.05
Sun, 22 Mar 2026 19:08:27 font_manager.py[line:1483] DEBUG findfont: score(FontEntry(fname='C:\\Windows\\Fonts\\malgunsl.ttf', name='Malgun Gothic', style='normal', variant='normal', weight=300, stretch='normal', size='scalable')) = 10.145
Sun, 22 Mar 2026 19:08:27 font_manager.py[line:1483] DEBUG findfont: score(FontEntry(fname='C:\\Windows\\Fonts\\ROCC____.TTF', name='Rockwell Condensed', style='normal', variant='normal', weight=400, stretch='condensed', size='scalable')) = 10.25
Sun, 22 Mar 2026 19:08:27 font_manager.py[line:1483] DEBUG findfont: score(FontEntry(fname='C:\\Windows\\Fonts\\SCHLBKI.TTF', name='Century Schoolbook', style='italic', variant='normal', weight=400, stretch='normal', size='scalable')) = 11.05
Sun, 22 Mar 2026 19:08:27 font_manager.py[line:1483] DEBUG findfont: score(FontEntry(fname='C:\\Windows\\Fonts\\GILSANUB.TTF', name='Gill Sans Ultra Bold', style='normal', variant='normal', weight=400, stretch='normal', size='scalable')) = 10.05
Sun, 22 Mar 2026 19:08:27 font_manager.py[line:1483] DEBUG findfont: score(FontEntry(fname='C:\\Windows\\Fonts\\ITCKRIST.TTF', name='Kristen ITC', style='normal', variant='normal', weight=400, stretch='normal', size='scalable')) = 10.05
Sun, 22 Mar 2026 19:08:27 font_manager.py[line:1483] DEBUG findfont: score(FontEntry(fname='C:\\Windows\\Fonts\\calibrii.ttf', name='Calibri', style='italic', variant='normal', weight=400, stretch='normal', size='scalable')) = 11.05
Sun, 22 Mar 2026 19:08:27 font_manager.py[line:1483] DEBUG findfont: score(FontEntry(fname='C:\\Windows\\Fonts\\PARCHM.TTF', name='Parchment', style='normal', variant='normal', weight=400, stretch='normal', size='scalable')) = 10.05
Sun, 22 Mar 2026 19:08:27 font_manager.py[line:1483] DEBUG findfont: score(FontEntry(fname='C:\\Windows\\Fonts\\TCCM____.TTF', name='Tw Cen MT Condensed', style='normal', variant='normal', weight=400, stretch='condensed', size='scalable')) = 10.25
Sun, 22 Mar 2026 19:08:27 font_manager.py[line:1483] DEBUG findfont: score(FontEntry(fname='C:\\Windows\\Fonts\\micross.ttf', name='Microsoft Sans Serif', style='normal', variant='normal', weight=400, stretch='normal', size='scalable')) = 10.05
Sun, 22 Mar 2026 19:08:27 font_manager.py[line:1483] DEBUG findfont: score(FontEntry(fname='C:\\Windows\\Fonts\\trebucbd.ttf', name='Trebuchet MS', style='normal', variant='normal', weight=700, stretch='normal', size='scalable')) = 10.335
Sun, 22 Mar 2026 19:08:27 font_manager.py[line:1483] DEBUG findfont: score(FontEntry(fname='C:\\Windows\\Fonts\\cambriai.ttf', name='Cambria', style='italic', variant='normal', weight=400, stretch='normal', size='scalable')) = 11.05
Sun, 22 Mar 2026 19:08:27 font_manager.py[line:1483] DEBUG findfont: score(FontEntry(fname='C:\\Windows\\Fonts\\ebrimabd.ttf', name='Ebrima', style='normal', variant='normal', weight=700, stretch='normal', size='scalable')) = 10.335
Sun, 22 Mar 2026 19:08:27 font_manager.py[line:1483] DEBUG findfont: score(FontEntry(fname='C:\\Windows\\Fonts\\CALIFR.TTF', name='Californian FB', style='normal', variant='normal', weight=400, stretch='normal', size='scalable')) = 10.05
Sun, 22 Mar 2026 19:08:27 font_manager.py[line:1483] DEBUG findfont: score(FontEntry(fname='C:\\Windows\\Fonts\\monbaiti.ttf', name='Mongolian Baiti', style='normal', variant='normal', weight=400, stretch='normal', size='scalable')) = 10.05
Sun, 22 Mar 2026 19:08:27 font_manager.py[line:1483] DEBUG findfont: score(FontEntry(fname='C:\\Windows\\Fonts\\BASKVILL.TTF', name='Baskerville Old Face', style='normal', variant='normal', weight=400, stretch='normal', size='scalable')) = 10.05
Sun, 22 Mar 2026 19:08:27 font_manager.py[line:1483] DEBUG findfont: score(FontEntry(fname='C:\\Windows\\Fonts\\BRLNSR.TTF', name='Berlin Sans FB', style='normal', variant='normal', weight=400, stretch='normal', size='scalable')) = 10.05
Sun, 22 Mar 2026 19:08:27 font_manager.py[line:1483] DEBUG findfont: score(FontEntry(fname='C:\\Windows\\Fonts\\ITCEDSCR.TTF', name='Edwardian Script ITC', style='normal', variant='normal', weight=400, stretch='normal', size='scalable')) = 10.05
Sun, 22 Mar 2026 19:08:27 font_manager.py[line:1483] DEBUG findfont: score(FontEntry(fname='C:\\Windows\\Fonts\\SHOWG.TTF', name='Showcard Gothic', style='normal', variant='normal', weight=400, stretch='normal', size='scalable')) = 10.05
Sun, 22 Mar 2026 19:08:27 font_manager.py[line:1483] DEBUG findfont: score(FontEntry(fname='C:\\Windows\\Fonts\\courbi.ttf', name='Courier New', style='italic', variant='normal', weight=700, stretch='normal', size='scalable')) = 11.335
Sun, 22 Mar 2026 19:08:27 font_manager.py[line:1483] DEBUG findfont: score(FontEntry(fname='C:\\Windows\\Fonts\\verdanab.ttf', name='Verdana', style='normal', variant='normal', weight=700, stretch='normal', size='scalable')) = 3.9713636363636367
Sun, 22 Mar 2026 19:08:27 font_manager.py[line:1483] DEBUG findfont: score(FontEntry(fname='C:\\Windows\\Fonts\\corbelli.ttf', name='Corbel', style='italic', variant='normal', weight=300, stretch='normal', size='scalable')) = 11.145
Sun, 22 Mar 2026 19:08:27 font_manager.py[line:1483] DEBUG findfont: score(FontEntry(fname='C:\\Windows\\Fonts\\BOD_BLAI.TTF', name='Bodoni MT', style='italic', variant='normal', weight=900, stretch='normal', size='scalable')) = 11.525
Sun, 22 Mar 2026 19:08:27 font_manager.py[line:1483] DEBUG findfont: score(FontEntry(fname='C:\\Windows\\Fonts\\BOD_BI.TTF', name='Bodoni MT', style='italic', variant='normal', weight=700, stretch='normal', size='scalable')) = 11.335
Sun, 22 Mar 2026 19:08:27 font_manager.py[line:1483] DEBUG findfont: score(FontEntry(fname='C:\\Windows\\Fonts\\gadugib.ttf', name='Gadugi', style='normal', variant='normal', weight=700, stretch='normal', size='scalable')) = 10.335
Sun, 22 Mar 2026 19:08:27 font_manager.py[line:1483] DEBUG findfont: score(FontEntry(fname='C:\\Windows\\Fonts\\ANTQUAB.TTF', name='Book Antiqua', style='normal', variant='normal', weight=700, stretch='normal', size='scalable')) = 10.335
Sun, 22 Mar 2026 19:08:27 font_manager.py[line:1483] DEBUG findfont: score(FontEntry(fname='C:\\Windows\\Fonts\\PER_____.TTF', name='Perpetua', style='normal', variant='normal', weight=400, stretch='normal', size='scalable')) = 10.05
Sun, 22 Mar 2026 19:08:27 font_manager.py[line:1483] DEBUG findfont: score(FontEntry(fname='C:\\Windows\\Fonts\\WINGDNG2.TTF', name='Wingdings 2', style='normal', variant='normal', weight=400, stretch='normal', size='scalable')) = 10.05
Sun, 22 Mar 2026 19:08:27 font_manager.py[line:1483] DEBUG findfont: score(FontEntry(fname='C:\\Windows\\Fonts\\Candaraz.ttf', name='Candara', style='italic', variant='normal', weight=700, stretch='normal', size='scalable')) = 11.335
Sun, 22 Mar 2026 19:08:27 font_manager.py[line:1483] DEBUG findfont: score(FontEntry(fname='C:\\Windows\\Fonts\\ntailu.ttf', name='Microsoft New Tai Lue', style='normal', variant='normal', weight=400, stretch='normal', size='scalable')) = 10.05
Sun, 22 Mar 2026 19:08:27 font_manager.py[line:1483] DEBUG findfont: score(FontEntry(fname='C:\\Windows\\Fonts\\GILB____.TTF', name='Gill Sans MT', style='normal', variant='normal', weight=700, stretch='normal', size='scalable')) = 10.335
Sun, 22 Mar 2026 19:08:27 font_manager.py[line:1483] DEBUG findfont: score(FontEntry(fname='C:\\Windows\\Fonts\\Candarali.ttf', name='Candara', style='italic', variant='normal', weight=400, stretch='normal', size='scalable')) = 11.05
Sun, 22 Mar 2026 19:08:27 font_manager.py[line:1483] DEBUG findfont: score(FontEntry(fname='C:\\Windows\\Fonts\\taile.ttf', name='Microsoft Tai Le', style='normal', variant='normal', weight=400, stretch='normal', size='scalable')) = 10.05
Sun, 22 Mar 2026 19:08:27 font_manager.py[line:1483] DEBUG findfont: score(FontEntry(fname='C:\\Windows\\Fonts\\simsun.ttc', name='SimSun', style='normal', variant='normal', weight=400, stretch='normal', size='scalable')) = 10.05
Sun, 22 Mar 2026 19:08:27 font_manager.py[line:1483] DEBUG findfont: score(FontEntry(fname='C:\\Windows\\Fonts\\ROCK.TTF', name='Rockwell', style='normal', variant='normal', weight=400, stretch='normal', size='scalable')) = 10.05
Sun, 22 Mar 2026 19:08:27 font_manager.py[line:1483] DEBUG findfont: score(FontEntry(fname='C:\\Windows\\Fonts\\PALSCRI.TTF', name='Palace Script MT', style='normal', variant='normal', weight=400, stretch='normal', size='scalable')) = 10.05
Sun, 22 Mar 2026 19:08:27 font_manager.py[line:1483] DEBUG findfont: score(FontEntry(fname='C:\\Windows\\Fonts\\comicz.ttf', name='Comic Sans MS', style='italic', variant='normal', weight=700, stretch='normal', size='scalable')) = 11.335
Sun, 22 Mar 2026 19:08:27 font_manager.py[line:1483] DEBUG findfont: score(FontEntry(fname='C:\\Windows\\Fonts\\FRSCRIPT.TTF', name='French Script MT', style='normal', variant='normal', weight=400, stretch='normal', size='scalable')) = 10.05
Sun, 22 Mar 2026 19:08:27 font_manager.py[line:1483] DEBUG findfont: score(FontEntry(fname='C:\\Windows\\Fonts\\arialbd.ttf', name='Arial', style='normal', variant='normal', weight=700, stretch='normal', size='scalable')) = 6.698636363636363
Sun, 22 Mar 2026 19:08:27 font_manager.py[line:1483] DEBUG findfont: score(FontEntry(fname='C:\\Windows\\Fonts\\SCHLBKB.TTF', name='Century Schoolbook', style='normal', variant='normal', weight=700, stretch='normal', size='scalable')) = 10.335
Sun, 22 Mar 2026 19:08:27 font_manager.py[line:1483] DEBUG findfont: score(FontEntry(fname='C:\\Windows\\Fonts\\PERI____.TTF', name='Perpetua', style='italic', variant='normal', weight=400, stretch='normal', size='scalable')) = 11.05
Sun, 22 Mar 2026 19:08:27 font_manager.py[line:1483] DEBUG findfont: score(FontEntry(fname='C:\\Windows\\Fonts\\SegUIVar.ttf', name='Segoe UI Variable', style='normal', variant='normal', weight=400, stretch='normal', size='scalable')) = 10.05
Sun, 22 Mar 2026 19:08:27 font_manager.py[line:1483] DEBUG findfont: score(FontEntry(fname='C:\\Windows\\Fonts\\timesbd.ttf', name='Times New Roman', style='normal', variant='normal', weight=700, stretch='normal', size='scalable')) = 10.335
Sun, 22 Mar 2026 19:08:27 font_manager.py[line:1483] DEBUG findfont: score(FontEntry(fname='C:\\Windows\\Fonts\\msyi.ttf', name='Microsoft Yi Baiti', style='normal', variant='normal', weight=400, stretch='normal', size='scalable')) = 10.05
Sun, 22 Mar 2026 19:08:27 font_manager.py[line:1483] DEBUG findfont: score(FontEntry(fname='C:\\Windows\\Fonts\\PERBI___.TTF', name='Perpetua', style='italic', variant='normal', weight=700, stretch='normal', size='scalable')) = 11.335
Sun, 22 Mar 2026 19:08:27 font_manager.py[line:1483] DEBUG findfont: score(FontEntry(fname='C:\\Windows\\Fonts\\GOUDOSI.TTF', name='Goudy Old Style', style='italic', variant='normal', weight=400, stretch='normal', size='scalable')) = 11.05
Sun, 22 Mar 2026 19:08:27 font_manager.py[line:1483] DEBUG findfont: score(FontEntry(fname='C:\\Windows\\Fonts\\mmrtextb.ttf', name='Myanmar Text', style='normal', variant='normal', weight=700, stretch='normal', size='scalable')) = 10.335
Sun, 22 Mar 2026 19:08:27 font_manager.py[line:1483] DEBUG findfont: score(FontEntry(fname='C:\\Windows\\Fonts\\msyhbd.ttc', name='Microsoft YaHei', style='normal', variant='normal', weight=700, stretch='normal', size='scalable')) = 10.335
Sun, 22 Mar 2026 19:08:27 font_manager.py[line:1483] DEBUG findfont: score(FontEntry(fname='C:\\Windows\\Fonts\\ONYX.TTF', name='Onyx', style='normal', variant='normal', weight=400, stretch='normal', size='scalable')) = 10.05
Sun, 22 Mar 2026 19:08:27 font_manager.py[line:1483] DEBUG findfont: score(FontEntry(fname='C:\\Windows\\Fonts\\BRADHITC.TTF', name='Bradley Hand ITC', style='normal', variant='normal', weight=400, stretch='normal', size='scalable')) = 10.05
Sun, 22 Mar 2026 19:08:27 font_manager.py[line:1483] DEBUG findfont: score(FontEntry(fname='C:\\Windows\\Fonts\\LFAXDI.TTF', name='Lucida Fax', style='italic', variant='normal', weight=600, stretch='normal', size='scalable')) = 11.24
Sun, 22 Mar 2026 19:08:27 font_manager.py[line:1483] DEBUG findfont: score(FontEntry(fname='C:\\Windows\\Fonts\\NIAGENG.TTF', name='Niagara Engraved', style='normal', variant='normal', weight=400, stretch='normal', size='scalable')) = 10.05
Sun, 22 Mar 2026 19:08:27 font_manager.py[line:1483] DEBUG findfont: score(FontEntry(fname='C:\\Windows\\Fonts\\phagspab.ttf', name='Microsoft PhagsPa', style='normal', variant='normal', weight=700, stretch='normal', size='scalable')) = 10.335
Sun, 22 Mar 2026 19:08:27 font_manager.py[line:1483] DEBUG findfont: score(FontEntry(fname='C:\\Windows\\Fonts\\TCM_____.TTF', name='Tw Cen MT', style='normal', variant='normal', weight=400, stretch='normal', size='scalable')) = 10.05
Sun, 22 Mar 2026 19:08:27 font_manager.py[line:1483] DEBUG findfont: score(FontEntry(fname='C:\\Windows\\Fonts\\tahomabd.ttf', name='Tahoma', style='normal', variant='normal', weight=700, stretch='normal', size='scalable')) = 10.335
Sun, 22 Mar 2026 19:08:27 font_manager.py[line:1483] DEBUG findfont: score(FontEntry(fname='C:\\Windows\\Fonts\\GLECB.TTF', name='Gloucester MT Extra Condensed', style='normal', variant='normal', weight=400, stretch='condensed', size='scalable')) = 10.25
Sun, 22 Mar 2026 19:08:27 font_manager.py[line:1483] DEBUG findfont: score(FontEntry(fname='C:\\Windows\\Fonts\\LSANSD.TTF', name='Lucida Sans', style='normal', variant='normal', weight=600, stretch='normal', size='scalable')) = 10.24
Sun, 22 Mar 2026 19:08:27 font_manager.py[line:1483] DEBUG findfont: score(FontEntry(fname='C:\\Windows\\Fonts\\AGENCYB.TTF', name='Agency FB', style='normal', variant='normal', weight=700, stretch='normal', size='scalable')) = 10.335
Sun, 22 Mar 2026 19:08:27 font_manager.py[line:1483] DEBUG findfont: score(FontEntry(fname='C:\\Windows\\Fonts\\LSANSDI.TTF', name='Lucida Sans', style='italic', variant='normal', weight=600, stretch='normal', size='scalable')) = 11.24
Sun, 22 Mar 2026 19:08:27 font_manager.py[line:1483] DEBUG findfont: score(FontEntry(fname='C:\\Windows\\Fonts\\msyhl.ttc', name='Microsoft YaHei', style='normal', variant='normal', weight=290, stretch='normal', size='scalable')) = 10.1545
Sun, 22 Mar 2026 19:08:27 font_manager.py[line:1483] DEBUG findfont: score(FontEntry(fname='C:\\Windows\\Fonts\\BOOKOSB.TTF', name='Bookman Old Style', style='normal', variant='normal', weight=600, stretch='normal', size='scalable')) = 10.24
Sun, 22 Mar 2026 19:08:27 font_manager.py[line:1483] DEBUG findfont: score(FontEntry(fname='C:\\Windows\\Fonts\\SitkaVF-Italic.ttf', name='Sitka', style='italic', variant='normal', weight=400, stretch='normal', size='scalable')) = 11.05
Sun, 22 Mar 2026 19:08:27 font_manager.py[line:1483] DEBUG findfont: score(FontEntry(fname='C:\\Windows\\Fonts\\HARNGTON.TTF', name='Harrington', style='normal', variant='normal', weight=400, stretch='normal', size='scalable')) = 10.05
Sun, 22 Mar 2026 19:08:27 font_manager.py[line:1483] DEBUG findfont: score(FontEntry(fname='C:\\Windows\\Fonts\\BOD_CB.TTF', name='Bodoni MT', style='normal', variant='normal', weight=700, stretch='condensed', size='scalable')) = 10.535
Sun, 22 Mar 2026 19:08:27 font_manager.py[line:1483] DEBUG findfont: score(FontEntry(fname='C:\\Windows\\Fonts\\Gabriola.ttf', name='Gabriola', style='normal', variant='normal', weight=400, stretch='normal', size='scalable')) = 10.05
Sun, 22 Mar 2026 19:08:27 font_manager.py[line:1483] DEBUG findfont: score(FontEntry(fname='C:\\Windows\\Fonts\\pala.ttf', name='Palatino Linotype', style='normal', variant='normal', weight=400, stretch='normal', size='scalable')) = 10.05
Sun, 22 Mar 2026 19:08:27 font_manager.py[line:1483] DEBUG findfont: score(FontEntry(fname='C:\\Windows\\Fonts\\JOKERMAN.TTF', name='Jokerman', style='normal', variant='normal', weight=400, stretch='normal', size='scalable')) = 10.05
Sun, 22 Mar 2026 19:08:27 font_manager.py[line:1483] DEBUG findfont: score(FontEntry(fname='C:\\Windows\\Fonts\\segoeuib.ttf', name='Segoe UI', style='normal', variant='normal', weight=700, stretch='normal', size='scalable')) = 10.335
Sun, 22 Mar 2026 19:08:27 font_manager.py[line:1483] DEBUG findfont: score(FontEntry(fname='C:\\Windows\\Fonts\\ROCKBI.TTF', name='Rockwell', style='italic', variant='normal', weight=700, stretch='normal', size='scalable')) = 11.335
Sun, 22 Mar 2026 19:08:27 font_manager.py[line:1483] DEBUG findfont: score(FontEntry(fname='C:\\Windows\\Fonts\\BAUHS93.TTF', name='Bauhaus 93', style='normal', variant='normal', weight=400, stretch='normal', size='scalable')) = 10.05
Sun, 22 Mar 2026 19:08:27 font_manager.py[line:1483] DEBUG findfont: score(FontEntry(fname='C:\\Windows\\Fonts\\TEMPSITC.TTF', name='Tempus Sans ITC', style='normal', variant='normal', weight=400, stretch='normal', size='scalable')) = 10.05
Sun, 22 Mar 2026 19:08:27 font_manager.py[line:1483] DEBUG findfont: score(FontEntry(fname='C:\\Windows\\Fonts\\LeelUIsl.ttf', name='Leelawadee UI', style='normal', variant='normal', weight=350, stretch='normal', size='scalable')) = 10.0975
Sun, 22 Mar 2026 19:08:27 font_manager.py[line:1483] DEBUG findfont: score(FontEntry(fname='C:\\Windows\\Fonts\\PERTILI.TTF', name='Perpetua Titling MT', style='normal', variant='normal', weight=300, stretch='normal', size='scalable')) = 10.145
Sun, 22 Mar 2026 19:08:27 font_manager.py[line:1483] DEBUG findfont: score(FontEntry(fname='C:\\Windows\\Fonts\\CURLZ___.TTF', name='Curlz MT', style='normal', variant='normal', weight=400, stretch='normal', size='scalable')) = 10.05
Sun, 22 Mar 2026 19:08:27 font_manager.py[line:1483] DEBUG findfont: score(FontEntry(fname='C:\\Windows\\Fonts\\mmrtext.ttf', name='Myanmar Text', style='normal', variant='normal', weight=400, stretch='normal', size='scalable')) = 10.05
Sun, 22 Mar 2026 19:08:27 font_manager.py[line:1483] DEBUG findfont: score(FontEntry(fname='C:\\Windows\\Fonts\\FRAHV.TTF', name='Franklin Gothic Heavy', style='normal', variant='normal', weight=400, stretch='normal', size='scalable')) = 10.05
Sun, 22 Mar 2026 19:08:27 font_manager.py[line:1483] DEBUG findfont: score(FontEntry(fname='C:\\Windows\\Fonts\\ALGER.TTF', name='Algerian', style='normal', variant='normal', weight=400, stretch='normal', size='scalable')) = 10.05
Sun, 22 Mar 2026 19:08:27 font_manager.py[line:1483] DEBUG findfont: score(FontEntry(fname='C:\\Windows\\Fonts\\MATURASC.TTF', name='Matura MT Script Capitals', style='normal', variant='normal', weight=400, stretch='normal', size='scalable')) = 10.05
Sun, 22 Mar 2026 19:08:27 font_manager.py[line:1483] DEBUG findfont: score(FontEntry(fname='C:\\Windows\\Fonts\\GIGI.TTF', name='Gigi', style='normal', variant='normal', weight=400, stretch='normal', size='scalable')) = 10.05
Sun, 22 Mar 2026 19:08:27 font_manager.py[line:1483] DEBUG findfont: score(FontEntry(fname='C:\\Windows\\Fonts\\segoeuii.ttf', name='Segoe UI', style='italic', variant='normal', weight=400, stretch='normal', size='scalable')) = 11.05
Sun, 22 Mar 2026 19:08:27 font_manager.py[line:1483] DEBUG findfont: score(FontEntry(fname='C:\\Windows\\Fonts\\verdanai.ttf', name='Verdana', style='italic', variant='normal', weight=400, stretch='normal', size='scalable')) = 4.6863636363636365
Sun, 22 Mar 2026 19:08:27 font_manager.py[line:1483] DEBUG findfont: score(FontEntry(fname='C:\\Windows\\Fonts\\verdanaz.ttf', name='Verdana', style='italic', variant='normal', weight=700, stretch='normal', size='scalable')) = 4.971363636363637
Sun, 22 Mar 2026 19:08:27 font_manager.py[line:1483] DEBUG findfont: score(FontEntry(fname='C:\\Windows\\Fonts\\georgia.ttf', name='Georgia', style='normal', variant='normal', weight=400, stretch='normal', size='scalable')) = 10.05
Sun, 22 Mar 2026 19:08:27 font_manager.py[line:1483] DEBUG findfont: score(FontEntry(fname='C:\\Windows\\Fonts\\georgiab.ttf', name='Georgia', style='normal', variant='normal', weight=700, stretch='normal', size='scalable')) = 10.335
Sun, 22 Mar 2026 19:08:27 font_manager.py[line:1483] DEBUG findfont: score(FontEntry(fname='C:\\Windows\\Fonts\\FREESCPT.TTF', name='Freestyle Script', style='normal', variant='normal', weight=400, stretch='normal', size='scalable')) = 10.05
Sun, 22 Mar 2026 19:08:27 font_manager.py[line:1483] DEBUG findfont: score(FontEntry(fname='C:\\Windows\\Fonts\\segoeui.ttf', name='Segoe UI', style='normal', variant='normal', weight=400, stretch='normal', size='scalable')) = 10.05
Sun, 22 Mar 2026 19:08:27 font_manager.py[line:1483] DEBUG findfont: score(FontEntry(fname='C:\\Windows\\Fonts\\PRISTINA.TTF', name='Pristina', style='normal', variant='normal', weight=400, stretch='normal', size='scalable')) = 10.05
Sun, 22 Mar 2026 19:08:27 font_manager.py[line:1483] DEBUG findfont: score(FontEntry(fname='C:\\Windows\\Fonts\\corbeli.ttf', name='Corbel', style='italic', variant='normal', weight=400, stretch='normal', size='scalable')) = 11.05
Sun, 22 Mar 2026 19:08:27 font_manager.py[line:1483] DEBUG findfont: score(FontEntry(fname='C:\\Windows\\Fonts\\PERTIBD.TTF', name='Perpetua Titling MT', style='normal', variant='normal', weight=700, stretch='normal', size='scalable')) = 10.335
Sun, 22 Mar 2026 19:08:27 font_manager.py[line:1483] DEBUG findfont: score(FontEntry(fname='C:\\Windows\\Fonts\\HATTEN.TTF', name='Haettenschweiler', style='normal', variant='normal', weight=400, stretch='normal', size='scalable')) = 10.05
Sun, 22 Mar 2026 19:08:27 font_manager.py[line:1483] DEBUG findfont: score(FontEntry(fname='C:\\Windows\\Fonts\\lucon.ttf', name='Lucida Console', style='normal', variant='normal', weight=400, stretch='normal', size='scalable')) = 10.05
Sun, 22 Mar 2026 19:08:27 font_manager.py[line:1483] DEBUG findfont: score(FontEntry(fname='C:\\Windows\\Fonts\\INFROMAN.TTF', name='Informal Roman', style='normal', variant='normal', weight=400, stretch='normal', size='scalable')) = 10.05
Sun, 22 Mar 2026 19:08:27 font_manager.py[line:1483] DEBUG findfont: score(FontEntry(fname='C:\\Windows\\Fonts\\MTEXTRA.TTF', name='MT Extra', style='normal', variant='normal', weight=400, stretch='normal', size='scalable')) = 10.05
Sun, 22 Mar 2026 19:08:27 font_manager.py[line:1483] DEBUG findfont: score(FontEntry(fname='C:\\Windows\\Fonts\\GOUDOSB.TTF', name='Goudy Old Style', style='normal', variant='normal', weight=700, stretch='normal', size='scalable')) = 10.335
Sun, 22 Mar 2026 19:08:27 font_manager.py[line:1483] DEBUG findfont: score(FontEntry(fname='C:\\Windows\\Fonts\\FRAHVIT.TTF', name='Franklin Gothic Heavy', style='italic', variant='normal', weight=400, stretch='normal', size='scalable')) = 11.05
Sun, 22 Mar 2026 19:08:27 font_manager.py[line:1483] DEBUG findfont: score(FontEntry(fname='C:\\Windows\\Fonts\\GOTHICI.TTF', name='Century Gothic', style='italic', variant='normal', weight=400, stretch='normal', size='scalable')) = 11.05
Sun, 22 Mar 2026 19:08:27 font_manager.py[line:1483] DEBUG findfont: score(FontEntry(fname='C:\\Windows\\Fonts\\BROADW.TTF', name='Broadway', style='normal', variant='normal', weight=400, stretch='normal', size='scalable')) = 10.05
Sun, 22 Mar 2026 19:08:27 font_manager.py[line:1483] DEBUG findfont: score(FontEntry(fname='C:\\Windows\\Fonts\\verdana.ttf', name='Verdana', style='normal', variant='normal', weight=400, stretch='normal', size='scalable')) = 3.6863636363636365
Sun, 22 Mar 2026 19:08:27 font_manager.py[line:1483] DEBUG findfont: score(FontEntry(fname='C:\\Windows\\Fonts\\seguili.ttf', name='Segoe UI', style='italic', variant='normal', weight=300, stretch='normal', size='scalable')) = 11.145
Sun, 22 Mar 2026 19:08:27 font_manager.py[line:1483] DEBUG findfont: score(FontEntry(fname='C:\\Windows\\Fonts\\LeelawUI.ttf', name='Leelawadee UI', style='normal', variant='normal', weight=400, stretch='normal', size='scalable')) = 10.05
Sun, 22 Mar 2026 19:08:27 font_manager.py[line:1483] DEBUG findfont: score(FontEntry(fname='C:\\Windows\\Fonts\\calibrib.ttf', name='Calibri', style='normal', variant='normal', weight=700, stretch='normal', size='scalable')) = 10.335
Sun, 22 Mar 2026 19:08:27 font_manager.py[line:1483] DEBUG findfont: score(FontEntry(fname='C:\\Windows\\Fonts\\LBRITEI.TTF', name='Lucida Bright', style='italic', variant='normal', weight=400, stretch='normal', size='scalable')) = 11.05
Sun, 22 Mar 2026 19:08:27 font_manager.py[line:1483] DEBUG findfont: score(FontEntry(fname='C:\\Windows\\Fonts\\taileb.ttf', name='Microsoft Tai Le', style='normal', variant='normal', weight=700, stretch='normal', size='scalable')) = 10.335
Sun, 22 Mar 2026 19:08:27 font_manager.py[line:1483] DEBUG findfont: score(FontEntry(fname='C:\\Windows\\Fonts\\Nirmala.ttc', name='Nirmala UI', style='normal', variant='normal', weight=400, stretch='normal', size='scalable')) = 10.05
Sun, 22 Mar 2026 19:08:27 font_manager.py[line:1483] DEBUG findfont: score(FontEntry(fname='C:\\Windows\\Fonts\\ENGR.TTF', name='Engravers MT', style='normal', variant='normal', weight=500, stretch='normal', size='scalable')) = 10.145
Sun, 22 Mar 2026 19:08:27 font_manager.py[line:1483] DEBUG findfont: score(FontEntry(fname='C:\\Windows\\Fonts\\CENTAUR.TTF', name='Centaur', style='normal', variant='normal', weight=400, stretch='normal', size='scalable')) = 10.05
Sun, 22 Mar 2026 19:08:27 font_manager.py[line:1483] DEBUG findfont: score(FontEntry(fname='C:\\Windows\\Fonts\\msjhl.ttc', name='Microsoft JhengHei', style='normal', variant='normal', weight=290, stretch='normal', size='scalable')) = 10.1545
Sun, 22 Mar 2026 19:08:27 font_manager.py[line:1483] DEBUG findfont: score(FontEntry(fname='C:\\Windows\\Fonts\\GILLUBCD.TTF', name='Gill Sans Ultra Bold Condensed', style='normal', variant='normal', weight=400, stretch='condensed', size='scalable')) = 10.25
Sun, 22 Mar 2026 19:08:27 font_manager.py[line:1483] DEBUG findfont: score(FontEntry(fname='C:\\Windows\\Fonts\\CENTURY.TTF', name='Century', style='normal', variant='normal', weight=400, stretch='normal', size='scalable')) = 10.05
Sun, 22 Mar 2026 19:08:27 font_manager.py[line:1483] DEBUG findfont: score(FontEntry(fname='C:\\Windows\\Fonts\\GOTHICBI.TTF', name='Century Gothic', style='italic', variant='normal', weight=700, stretch='normal', size='scalable')) = 11.335
Sun, 22 Mar 2026 19:08:27 font_manager.py[line:1483] DEBUG findfont: score(FontEntry(fname='C:\\Windows\\Fonts\\FRADM.TTF', name='Franklin Gothic Demi', style='normal', variant='normal', weight=400, stretch='normal', size='scalable')) = 10.05
Sun, 22 Mar 2026 19:08:27 font_manager.py[line:1483] DEBUG findfont: score(FontEntry(fname='C:\\Windows\\Fonts\\ERASLGHT.TTF', name='Eras Light ITC', style='normal', variant='normal', weight=400, stretch='normal', size='scalable')) = 10.05
Sun, 22 Mar 2026 19:08:27 font_manager.py[line:1483] DEBUG findfont: score(FontEntry(fname='C:\\Windows\\Fonts\\symbol.ttf', name='Symbol', style='normal', variant='normal', weight=400, stretch='normal', size='scalable')) = 10.05
Sun, 22 Mar 2026 19:08:27 font_manager.py[line:1483] DEBUG findfont: score(FontEntry(fname='C:\\Windows\\Fonts\\BOD_R.TTF', name='Bodoni MT', style='normal', variant='normal', weight=400, stretch='normal', size='scalable')) = 10.05
Sun, 22 Mar 2026 19:08:27 font_manager.py[line:1483] DEBUG findfont: score(FontEntry(fname='C:\\Windows\\Fonts\\LBRITE.TTF', name='Lucida Bright', style='normal', variant='normal', weight=400, stretch='normal', size='scalable')) = 10.05
Sun, 22 Mar 2026 19:08:27 font_manager.py[line:1483] DEBUG findfont: score(FontEntry(fname='C:\\Windows\\Fonts\\CALIFB.TTF', name='Californian FB', style='normal', variant='normal', weight=700, stretch='normal', size='scalable')) = 10.335
Sun, 22 Mar 2026 19:08:27 font_manager.py[line:1483] DEBUG findfont: score(FontEntry(fname='C:\\Windows\\Fonts\\sylfaen.ttf', name='Sylfaen', style='normal', variant='normal', weight=400, stretch='normal', size='scalable')) = 10.05
Sun, 22 Mar 2026 19:08:27 font_manager.py[line:1483] DEBUG findfont: score(FontEntry(fname='C:\\Windows\\Fonts\\l_10646.ttf', name='Lucida Sans Unicode', style='normal', variant='normal', weight=400, stretch='normal', size='scalable')) = 10.05
Sun, 22 Mar 2026 19:08:27 font_manager.py[line:1483] DEBUG findfont: score(FontEntry(fname='C:\\Windows\\Fonts\\segoeuiz.ttf', name='Segoe UI', style='italic', variant='normal', weight=700, stretch='normal', size='scalable')) = 11.335
Sun, 22 Mar 2026 19:08:27 font_manager.py[line:1483] DEBUG findfont: score(FontEntry(fname='C:\\Windows\\Fonts\\GOUDOS.TTF', name='Goudy Old Style', style='normal', variant='normal', weight=400, stretch='normal', size='scalable')) = 10.05
Sun, 22 Mar 2026 19:08:27 font_manager.py[line:1483] DEBUG findfont: score(FontEntry(fname='C:\\Windows\\Fonts\\constani.ttf', name='Constantia', style='italic', variant='normal', weight=400, stretch='normal', size='scalable')) = 11.05
Sun, 22 Mar 2026 19:08:27 font_manager.py[line:1483] DEBUG findfont: score(FontEntry(fname='C:\\Windows\\Fonts\\BRUSHSCI.TTF', name='Brush Script MT', style='italic', variant='normal', weight=400, stretch='normal', size='scalable')) = 11.05
Sun, 22 Mar 2026 19:08:27 font_manager.py[line:1483] DEBUG findfont: score(FontEntry(fname='C:\\Windows\\Fonts\\seguisbi.ttf', name='Segoe UI', style='italic', variant='normal', weight=600, stretch='normal', size='scalable')) = 11.24
Sun, 22 Mar 2026 19:08:27 font_manager.py[line:1483] DEBUG findfont: score(FontEntry(fname='C:\\Windows\\Fonts\\FELIXTI.TTF', name='Felix Titling', style='normal', variant='normal', weight=400, stretch='normal', size='scalable')) = 10.05
Sun, 22 Mar 2026 19:08:27 font_manager.py[line:1483] DEBUG findfont: score(FontEntry(fname='C:\\Windows\\Fonts\\comicbd.ttf', name='Comic Sans MS', style='normal', variant='normal', weight=700, stretch='normal', size='scalable')) = 10.335
Sun, 22 Mar 2026 19:08:27 font_manager.py[line:1483] DEBUG findfont: score(FontEntry(fname='C:\\Windows\\Fonts\\OCRAEXT.TTF', name='OCR A Extended', style='normal', variant='normal', weight=400, stretch='expanded', size='scalable')) = 10.25
Sun, 22 Mar 2026 19:08:27 font_manager.py[line:1483] DEBUG findfont: score(FontEntry(fname='C:\\Windows\\Fonts\\SansSerifCollection.ttf', name='Sans Serif Collection', style='normal', variant='normal', weight=400, stretch='normal', size='scalable')) = 10.05
Sun, 22 Mar 2026 19:08:27 font_manager.py[line:1483] DEBUG findfont: score(FontEntry(fname='C:\\Windows\\Fonts\\times.ttf', name='Times New Roman', style='normal', variant='normal', weight=400, stretch='normal', size='scalable')) = 10.05
Sun, 22 Mar 2026 19:08:27 font_manager.py[line:1483] DEBUG findfont: score(FontEntry(fname='C:\\Windows\\Fonts\\seguibl.ttf', name='Segoe UI', style='normal', variant='normal', weight=900, stretch='normal', size='scalable')) = 10.525
Sun, 22 Mar 2026 19:08:27 font_manager.py[line:1483] DEBUG findfont: score(FontEntry(fname='C:\\Windows\\Fonts\\LFAXI.TTF', name='Lucida Fax', style='italic', variant='normal', weight=400, stretch='normal', size='scalable')) = 11.05
Sun, 22 Mar 2026 19:08:27 font_manager.py[line:1483] DEBUG findfont: score(FontEntry(fname='C:\\Windows\\Fonts\\ROCKB.TTF', name='Rockwell', style='normal', variant='normal', weight=700, stretch='normal', size='scalable')) = 10.335
Sun, 22 Mar 2026 19:08:27 font_manager.py[line:1483] DEBUG findfont: score(FontEntry(fname='C:\\Windows\\Fonts\\BRLNSB.TTF', name='Berlin Sans FB', style='normal', variant='normal', weight=700, stretch='normal', size='scalable')) = 10.335
Sun, 22 Mar 2026 19:08:27 font_manager.py[line:1483] DEBUG findfont: score(FontEntry(fname='C:\\Windows\\Fonts\\TCCB____.TTF', name='Tw Cen MT Condensed', style='normal', variant='normal', weight=700, stretch='condensed', size='scalable')) = 10.535
Sun, 22 Mar 2026 19:08:27 font_manager.py[line:1483] DEBUG findfont: score(FontEntry(fname='C:\\Windows\\Fonts\\himalaya.ttf', name='Microsoft Himalaya', style='normal', variant='normal', weight=400, stretch='normal', size='scalable')) = 10.05
Sun, 22 Mar 2026 19:08:27 font_manager.py[line:1483] DEBUG findfont: score(FontEntry(fname='C:\\Windows\\Fonts\\msgothic.ttc', name='MS Gothic', style='normal', variant='normal', weight=400, stretch='normal', size='scalable')) = 10.05
Sun, 22 Mar 2026 19:08:27 font_manager.py[line:1483] DEBUG findfont: score(FontEntry(fname='C:\\Windows\\Fonts\\corbelz.ttf', name='Corbel', style='italic', variant='normal', weight=700, stretch='normal', size='scalable')) = 11.335
Sun, 22 Mar 2026 19:08:27 font_manager.py[line:1483] DEBUG findfont: score(FontEntry(fname='C:\\Windows\\Fonts\\ERASBD.TTF', name='Eras Bold ITC', style='normal', variant='normal', weight=400, stretch='normal', size='scalable')) = 10.05
Sun, 22 Mar 2026 19:08:27 font_manager.py[line:1483] DEBUG findfont: score(FontEntry(fname='C:\\Windows\\Fonts\\VLADIMIR.TTF', name='Vladimir Script', style='normal', variant='normal', weight=400, stretch='normal', size='scalable')) = 10.05
Sun, 22 Mar 2026 19:08:27 font_manager.py[line:1483] DEBUG findfont: score(FontEntry(fname='C:\\Windows\\Fonts\\simsunb.ttf', name='SimSun-ExtB', style='normal', variant='normal', weight=400, stretch='normal', size='scalable')) = 10.05
Sun, 22 Mar 2026 19:08:27 font_manager.py[line:1483] DEBUG findfont: score(FontEntry(fname='C:\\Windows\\Fonts\\JUICE___.TTF', name='Juice ITC', style='normal', variant='normal', weight=400, stretch='normal', size='scalable')) = 10.05
Sun, 22 Mar 2026 19:08:27 font_manager.py[line:1483] DEBUG findfont: score(FontEntry(fname='C:\\Windows\\Fonts\\SCRIPTBL.TTF', name='Script MT Bold', style='normal', variant='normal', weight=700, stretch='normal', size='scalable')) = 10.335
Sun, 22 Mar 2026 19:08:27 font_manager.py[line:1483] DEBUG findfont: score(FontEntry(fname='C:\\Windows\\Fonts\\msjh.ttc', name='Microsoft JhengHei', style='normal', variant='normal', weight=400, stretch='normal', size='scalable')) = 10.05
Sun, 22 Mar 2026 19:08:27 font_manager.py[line:1483] DEBUG findfont: score(FontEntry(fname='C:\\Windows\\Fonts\\MISTRAL.TTF', name='Mistral', style='normal', variant='normal', weight=400, stretch='normal', size='scalable')) = 10.05
Sun, 22 Mar 2026 19:08:27 font_manager.py[line:1483] DEBUG findfont: score(FontEntry(fname='C:\\Windows\\Fonts\\ROCKEB.TTF', name='Rockwell Extra Bold', style='normal', variant='normal', weight=800, stretch='normal', size='scalable')) = 10.43
Sun, 22 Mar 2026 19:08:27 font_manager.py[line:1483] DEBUG findfont: score(FontEntry(fname='C:\\Windows\\Fonts\\consola.ttf', name='Consolas', style='normal', variant='normal', weight=400, stretch='normal', size='scalable')) = 10.05
Sun, 22 Mar 2026 19:08:27 font_manager.py[line:1483] DEBUG findfont: score(FontEntry(fname='C:\\Windows\\Fonts\\REFSAN.TTF', name='MS Reference Sans Serif', style='normal', variant='normal', weight=400, stretch='normal', size='scalable')) = 10.05
Sun, 22 Mar 2026 19:08:27 font_manager.py[line:1483] DEBUG findfont: score(FontEntry(fname='C:\\Windows\\Fonts\\seguisli.ttf', name='Segoe UI', style='italic', variant='normal', weight=350, stretch='normal', size='scalable')) = 11.0975
Sun, 22 Mar 2026 19:08:27 font_manager.py[line:1483] DEBUG findfont: score(FontEntry(fname='C:\\Windows\\Fonts\\TCBI____.TTF', name='Tw Cen MT', style='italic', variant='normal', weight=700, stretch='normal', size='scalable')) = 11.335
Sun, 22 Mar 2026 19:08:27 font_manager.py[line:1483] DEBUG findfont: score(FontEntry(fname='C:\\Windows\\Fonts\\ARIALNI.TTF', name='Arial', style='italic', variant='normal', weight=400, stretch='condensed', size='scalable')) = 7.613636363636363
Sun, 22 Mar 2026 19:08:27 font_manager.py[line:1483] DEBUG findfont: score(FontEntry(fname='C:\\Windows\\Fonts\\calibrili.ttf', name='Calibri', style='italic', variant='normal', weight=300, stretch='normal', size='scalable')) = 11.145
Sun, 22 Mar 2026 19:08:27 font_manager.py[line:1483] DEBUG findfont: score(FontEntry(fname='C:\\Windows\\Fonts\\cour.ttf', name='Courier New', style='normal', variant='normal', weight=400, stretch='normal', size='scalable')) = 10.05
Sun, 22 Mar 2026 19:08:27 font_manager.py[line:1483] DEBUG findfont: score(FontEntry(fname='C:\\Windows\\Fonts\\CHILLER.TTF', name='Chiller', style='normal', variant='normal', weight=400, stretch='normal', size='scalable')) = 10.05
Sun, 22 Mar 2026 19:08:27 font_manager.py[line:1483] DEBUG findfont: score(FontEntry(fname='C:\\Windows\\Fonts\\WINGDNG3.TTF', name='Wingdings 3', style='normal', variant='normal', weight=400, stretch='normal', size='scalable')) = 10.05
Sun, 22 Mar 2026 19:08:27 font_manager.py[line:1483] DEBUG findfont: score(FontEntry(fname='C:\\Windows\\Fonts\\Inkfree.ttf', name='Ink Free', style='normal', variant='normal', weight=400, stretch='normal', size='scalable')) = 10.05
Sun, 22 Mar 2026 19:08:27 font_manager.py[line:1483] DEBUG findfont: score(FontEntry(fname='C:\\Windows\\Fonts\\trebucit.ttf', name='Trebuchet MS', style='italic', variant='normal', weight=400, stretch='normal', size='scalable')) = 11.05
Sun, 22 Mar 2026 19:08:27 font_manager.py[line:1483] DEBUG findfont: score(FontEntry(fname='C:\\Windows\\Fonts\\seguisb.ttf', name='Segoe UI', style='normal', variant='normal', weight=600, stretch='normal', size='scalable')) = 10.24
Sun, 22 Mar 2026 19:08:27 font_manager.py[line:1483] DEBUG findfont: score(FontEntry(fname='C:\\Windows\\Fonts\\BOOKOSI.TTF', name='Bookman Old Style', style='italic', variant='normal', weight=300, stretch='normal', size='scalable')) = 11.145
Sun, 22 Mar 2026 19:08:27 font_manager.py[line:1483] DEBUG findfont: score(FontEntry(fname='C:\\Windows\\Fonts\\segoeprb.ttf', name='Segoe Print', style='normal', variant='normal', weight=700, stretch='normal', size='scalable')) = 10.335
Sun, 22 Mar 2026 19:08:27 font_manager.py[line:1483] DEBUG findfont: score(FontEntry(fname='C:\\Windows\\Fonts\\FORTE.TTF', name='Forte', style='normal', variant='normal', weight=400, stretch='normal', size='scalable')) = 10.05
Sun, 22 Mar 2026 19:08:27 font_manager.py[line:1483] DEBUG findfont: score(FontEntry(fname='C:\\Windows\\Fonts\\ANTQUABI.TTF', name='Book Antiqua', style='italic', variant='normal', weight=700, stretch='normal', size='scalable')) = 11.335
Sun, 22 Mar 2026 19:08:27 font_manager.py[line:1483] DEBUG findfont: score(FontEntry(fname='C:\\Windows\\Fonts\\ERASMD.TTF', name='Eras Medium ITC', style='normal', variant='normal', weight=400, stretch='normal', size='scalable')) = 10.05
Sun, 22 Mar 2026 19:08:27 font_manager.py[line:1483] DEBUG findfont: score(FontEntry(fname='C:\\Windows\\Fonts\\KUNSTLER.TTF', name='Kunstler Script', style='normal', variant='normal', weight=400, stretch='normal', size='scalable')) = 10.05
Sun, 22 Mar 2026 19:08:27 font_manager.py[line:1483] DEBUG findfont: score(FontEntry(fname='C:\\Windows\\Fonts\\GLSNECB.TTF', name='Gill Sans MT Ext Condensed Bold', style='normal', variant='normal', weight=400, stretch='condensed', size='scalable')) = 10.25
Sun, 22 Mar 2026 19:08:27 font_manager.py[line:1483] DEBUG findfont: score(FontEntry(fname='C:\\Windows\\Fonts\\TCCEB.TTF', name='Tw Cen MT Condensed Extra Bold', style='normal', variant='normal', weight=400, stretch='condensed', size='scalable')) = 10.25
Sun, 22 Mar 2026 19:08:27 font_manager.py[line:1483] DEBUG findfont: score(FontEntry(fname='C:\\Windows\\Fonts\\ELEPHNTI.TTF', name='Elephant', style='italic', variant='normal', weight=400, stretch='normal', size='scalable')) = 11.05
Sun, 22 Mar 2026 19:08:27 font_manager.py[line:1483] DEBUG findfont: score(FontEntry(fname='C:\\Windows\\Fonts\\LTYPEO.TTF', name='Lucida Sans Typewriter', style='oblique', variant='normal', weight=400, stretch='normal', size='scalable')) = 11.05
Sun, 22 Mar 2026 19:08:27 font_manager.py[line:1483] DEBUG findfont: score(FontEntry(fname='C:\\Windows\\Fonts\\DUBAI-LIGHT.TTF', name='Dubai', style='normal', variant='normal', weight=300, stretch='normal', size='scalable')) = 10.145
Sun, 22 Mar 2026 19:08:27 font_manager.py[line:1483] DEBUG findfont: score(FontEntry(fname='C:\\Windows\\Fonts\\palai.ttf', name='Palatino Linotype', style='italic', variant='normal', weight=400, stretch='normal', size='scalable')) = 11.05
Sun, 22 Mar 2026 19:08:27 font_manager.py[line:1483] DEBUG findfont: score(FontEntry(fname='C:\\Windows\\Fonts\\MOD20.TTF', name='Modern No. 20', style='normal', variant='normal', weight=400, stretch='normal', size='scalable')) = 10.05
Sun, 22 Mar 2026 19:08:27 font_manager.py[line:1483] DEBUG findfont: score(FontEntry(fname='C:\\Windows\\Fonts\\BOOKOS.TTF', name='Bookman Old Style', style='normal', variant='normal', weight=300, stretch='normal', size='scalable')) = 10.145
Sun, 22 Mar 2026 19:08:27 font_manager.py[line:1483] DEBUG findfont: score(FontEntry(fname='C:\\Windows\\Fonts\\BOD_BLAR.TTF', name='Bodoni MT', style='normal', variant='normal', weight=900, stretch='normal', size='scalable')) = 10.525
Sun, 22 Mar 2026 19:08:27 font_manager.py[line:1483] DEBUG findfont: score(FontEntry(fname='C:\\Windows\\Fonts\\GOTHIC.TTF', name='Century Gothic', style='normal', variant='normal', weight=400, stretch='normal', size='scalable')) = 10.05
Sun, 22 Mar 2026 19:08:27 font_manager.py[line:1483] DEBUG findfont: score(FontEntry(fname='C:\\Windows\\Fonts\\arial.ttf', name='Arial', style='normal', variant='normal', weight=400, stretch='normal', size='scalable')) = 6.413636363636363
Sun, 22 Mar 2026 19:08:27 font_manager.py[line:1483] DEBUG findfont: score(FontEntry(fname='C:\\Windows\\Fonts\\comici.ttf', name='Comic Sans MS', style='italic', variant='normal', weight=400, stretch='normal', size='scalable')) = 11.05
Sun, 22 Mar 2026 19:08:27 font_manager.py[line:1483] DEBUG findfont: score(FontEntry(fname='C:\\Windows\\Fonts\\Candara.ttf', name='Candara', style='normal', variant='normal', weight=400, stretch='normal', size='scalable')) = 10.05
Sun, 22 Mar 2026 19:08:27 font_manager.py[line:1483] DEBUG findfont: score(FontEntry(fname='C:\\Windows\\Fonts\\malgun.ttf', name='Malgun Gothic', style='normal', variant='normal', weight=400, stretch='normal', size='scalable')) = 10.05
Sun, 22 Mar 2026 19:08:27 font_manager.py[line:1483] DEBUG findfont: score(FontEntry(fname='C:\\Windows\\Fonts\\BRITANIC.TTF', name='Britannic Bold', style='normal', variant='normal', weight=400, stretch='normal', size='scalable')) = 10.05
Sun, 22 Mar 2026 19:08:27 font_manager.py[line:1483] DEBUG findfont: score(FontEntry(fname='C:\\Windows\\Fonts\\COPRGTL.TTF', name='Copperplate Gothic Light', style='normal', variant='normal', weight=400, stretch='normal', size='scalable')) = 10.05
Sun, 22 Mar 2026 19:08:27 font_manager.py[line:1483] DEBUG findfont: score(FontEntry(fname='C:\\Windows\\Fonts\\YuGothM.ttc', name='Yu Gothic', style='normal', variant='normal', weight=500, stretch='normal', size='scalable')) = 10.145
Sun, 22 Mar 2026 19:08:27 font_manager.py[line:1483] DEBUG findfont: score(FontEntry(fname='C:\\Windows\\Fonts\\VINERITC.TTF', name='Viner Hand ITC', style='normal', variant='normal', weight=400, stretch='normal', size='scalable')) = 10.05
Sun, 22 Mar 2026 19:08:27 font_manager.py[line:1483] DEBUG findfont: score(FontEntry(fname='C:\\Windows\\Fonts\\DUBAI-REGULAR.TTF', name='Dubai', style='normal', variant='normal', weight=400, stretch='normal', size='scalable')) = 10.05
Sun, 22 Mar 2026 19:08:27 font_manager.py[line:1483] DEBUG findfont: score(FontEntry(fname='C:\\Windows\\Fonts\\seguisym.ttf', name='Segoe UI Symbol', style='normal', variant='normal', weight=400, stretch='normal', size='scalable')) = 10.05
Sun, 22 Mar 2026 19:08:27 font_manager.py[line:1483] DEBUG findfont: score(FontEntry(fname='C:\\Windows\\Fonts\\BELLB.TTF', name='Bell MT', style='normal', variant='normal', weight=700, stretch='normal', size='scalable')) = 10.335
Sun, 22 Mar 2026 19:08:27 font_manager.py[line:1483] DEBUG findfont: score(FontEntry(fname='C:\\Windows\\Fonts\\georgiaz.ttf', name='Georgia', style='italic', variant='normal', weight=700, stretch='normal', size='scalable')) = 11.335
Sun, 22 Mar 2026 19:08:27 font_manager.py[line:1483] DEBUG findfont: score(FontEntry(fname='C:\\Windows\\Fonts\\RAGE.TTF', name='Rage Italic', style='italic', variant='normal', weight=400, stretch='normal', size='scalable')) = 11.05
Sun, 22 Mar 2026 19:08:27 font_manager.py[line:1483] DEBUG findfont: score(FontEntry(fname='C:\\Windows\\Fonts\\arialbi.ttf', name='Arial', style='italic', variant='normal', weight=700, stretch='normal', size='scalable')) = 7.698636363636363
Sun, 22 Mar 2026 19:08:27 font_manager.py[line:1483] DEBUG findfont: score(FontEntry(fname='C:\\Windows\\Fonts\\GOUDYSTO.TTF', name='Goudy Stout', style='normal', variant='normal', weight=400, stretch='normal', size='scalable')) = 10.05
Sun, 22 Mar 2026 19:08:27 font_manager.py[line:1483] DEBUG findfont: score(FontEntry(fname='C:\\Windows\\Fonts\\calibril.ttf', name='Calibri', style='normal', variant='normal', weight=300, stretch='normal', size='scalable')) = 10.145
Sun, 22 Mar 2026 19:08:27 font_manager.py[line:1483] DEBUG findfont: score(FontEntry(fname='C:\\Windows\\Fonts\\msyh.ttc', name='Microsoft YaHei', style='normal', variant='normal', weight=400, stretch='normal', size='scalable')) = 10.05
Sun, 22 Mar 2026 19:08:27 font_manager.py[line:1483] DEBUG findfont: score(FontEntry(fname='C:\\Windows\\Fonts\\ariblk.ttf', name='Arial', style='normal', variant='normal', weight=900, stretch='normal', size='scalable')) = 6.888636363636364
Sun, 22 Mar 2026 19:08:27 font_manager.py[line:1483] DEBUG findfont: score(FontEntry(fname='C:\\Windows\\Fonts\\TCMI____.TTF', name='Tw Cen MT', style='italic', variant='normal', weight=400, stretch='normal', size='scalable')) = 11.05
Sun, 22 Mar 2026 19:08:27 font_manager.py[line:1483] DEBUG findfont: score(FontEntry(fname='C:\\Windows\\Fonts\\phagspa.ttf', name='Microsoft PhagsPa', style='normal', variant='normal', weight=400, stretch='normal', size='scalable')) = 10.05
Sun, 22 Mar 2026 19:08:27 font_manager.py[line:1483] DEBUG findfont: score(FontEntry(fname='C:\\Windows\\Fonts\\webdings.ttf', name='Webdings', style='normal', variant='normal', weight=400, stretch='normal', size='scalable')) = 10.05
Sun, 22 Mar 2026 19:08:27 font_manager.py[line:1483] DEBUG findfont: score(FontEntry(fname='C:\\Windows\\Fonts\\couri.ttf', name='Courier New', style='italic', variant='normal', weight=400, stretch='normal', size='scalable')) = 11.05
Sun, 22 Mar 2026 19:08:27 font_manager.py[line:1483] DEBUG findfont: score(FontEntry(fname='C:\\Windows\\Fonts\\ITCBLKAD.TTF', name='Blackadder ITC', style='normal', variant='normal', weight=400, stretch='normal', size='scalable')) = 10.05
Sun, 22 Mar 2026 19:08:27 font_manager.py[line:1515] DEBUG findfont: Matching sans\-serif:style=normal:variant=normal:weight=normal:stretch=normal:size=13.0 to DejaVu Sans ('C:\\detect cough\\detect-cough-disease-with-CovNet\\.venv\\Lib\\site-packages\\matplotlib\\mpl-data\\fonts\\ttf\\DejaVuSans.ttf') with score of 0.050000.
Sun, 22 Mar 2026 19:08:27 font_manager.py[line:1471] DEBUG findfont: Matching sans\-serif:style=normal:variant=normal:weight=normal:stretch=normal:size=15.0.
Sun, 22 Mar 2026 19:08:27 font_manager.py[line:1483] DEBUG findfont: score(FontEntry(fname='C:\\detect cough\\detect-cough-disease-with-CovNet\\.venv\\Lib\\site-packages\\matplotlib\\mpl-data\\fonts\\ttf\\cmsy10.ttf', name='cmsy10', style='normal', variant='normal', weight=400, stretch='normal', size='scalable')) = 10.05
Sun, 22 Mar 2026 19:08:27 font_manager.py[line:1483] DEBUG findfont: score(FontEntry(fname='C:\\detect cough\\detect-cough-disease-with-CovNet\\.venv\\Lib\\site-packages\\matplotlib\\mpl-data\\fonts\\ttf\\DejaVuSerif.ttf', name='DejaVu Serif', style='normal', variant='normal', weight=400, stretch='normal', size='scalable')) = 10.05
Sun, 22 Mar 2026 19:08:27 font_manager.py[line:1483] DEBUG findfont: score(FontEntry(fname='C:\\detect cough\\detect-cough-disease-with-CovNet\\.venv\\Lib\\site-packages\\matplotlib\\mpl-data\\fonts\\ttf\\DejaVuSansMono-Oblique.ttf', name='DejaVu Sans Mono', style='oblique', variant='normal', weight=400, stretch='normal', size='scalable')) = 11.05
Sun, 22 Mar 2026 19:08:27 font_manager.py[line:1483] DEBUG findfont: score(FontEntry(fname='C:\\detect cough\\detect-cough-disease-with-CovNet\\.venv\\Lib\\site-packages\\matplotlib\\mpl-data\\fonts\\ttf\\cmr10.ttf', name='cmr10', style='normal', variant='normal', weight=400, stretch='normal', size='scalable')) = 10.05
Sun, 22 Mar 2026 19:08:27 font_manager.py[line:1483] DEBUG findfont: score(FontEntry(fname='C:\\detect cough\\detect-cough-disease-with-CovNet\\.venv\\Lib\\site-packages\\matplotlib\\mpl-data\\fonts\\ttf\\DejaVuSerif-BoldItalic.ttf', name='DejaVu Serif', style='italic', variant='normal', weight=700, stretch='normal', size='scalable')) = 11.335
Sun, 22 Mar 2026 19:08:27 font_manager.py[line:1483] DEBUG findfont: score(FontEntry(fname='C:\\detect cough\\detect-cough-disease-with-CovNet\\.venv\\Lib\\site-packages\\matplotlib\\mpl-data\\fonts\\ttf\\STIXGeneralBol.ttf', name='STIXGeneral', style='normal', variant='normal', weight=700, stretch='normal', size='scalable')) = 10.335
Sun, 22 Mar 2026 19:08:27 font_manager.py[line:1483] DEBUG findfont: score(FontEntry(fname='C:\\detect cough\\detect-cough-disease-with-CovNet\\.venv\\Lib\\site-packages\\matplotlib\\mpl-data\\fonts\\ttf\\DejaVuSerifDisplay.ttf', name='DejaVu Serif Display', style='normal', variant='normal', weight=400, stretch='normal', size='scalable')) = 10.05
Sun, 22 Mar 2026 19:08:27 font_manager.py[line:1483] DEBUG findfont: score(FontEntry(fname='C:\\detect cough\\detect-cough-disease-with-CovNet\\.venv\\Lib\\site-packages\\matplotlib\\mpl-data\\fonts\\ttf\\STIXGeneralBolIta.ttf', name='STIXGeneral', style='italic', variant='normal', weight=700, stretch='normal', size='scalable')) = 11.335
Sun, 22 Mar 2026 19:08:27 font_manager.py[line:1483] DEBUG findfont: score(FontEntry(fname='C:\\detect cough\\detect-cough-disease-with-CovNet\\.venv\\Lib\\site-packages\\matplotlib\\mpl-data\\fonts\\ttf\\STIXNonUniBolIta.ttf', name='STIXNonUnicode', style='italic', variant='normal', weight=700, stretch='normal', size='scalable')) = 11.335
Sun, 22 Mar 2026 19:08:27 font_manager.py[line:1483] DEBUG findfont: score(FontEntry(fname='C:\\detect cough\\detect-cough-disease-with-CovNet\\.venv\\Lib\\site-packages\\matplotlib\\mpl-data\\fonts\\ttf\\DejaVuSansMono-Bold.ttf', name='DejaVu Sans Mono', style='normal', variant='normal', weight=700, stretch='normal', size='scalable')) = 10.335
Sun, 22 Mar 2026 19:08:27 font_manager.py[line:1483] DEBUG findfont: score(FontEntry(fname='C:\\detect cough\\detect-cough-disease-with-CovNet\\.venv\\Lib\\site-packages\\matplotlib\\mpl-data\\fonts\\ttf\\DejaVuSansDisplay.ttf', name='DejaVu Sans Display', style='normal', variant='normal', weight=400, stretch='normal', size='scalable')) = 10.05
Sun, 22 Mar 2026 19:08:27 font_manager.py[line:1483] DEBUG findfont: score(FontEntry(fname='C:\\detect cough\\detect-cough-disease-with-CovNet\\.venv\\Lib\\site-packages\\matplotlib\\mpl-data\\fonts\\ttf\\DejaVuSerif-Bold.ttf', name='DejaVu Serif', style='normal', variant='normal', weight=700, stretch='normal', size='scalable')) = 10.335
Sun, 22 Mar 2026 19:08:27 font_manager.py[line:1483] DEBUG findfont: score(FontEntry(fname='C:\\detect cough\\detect-cough-disease-with-CovNet\\.venv\\Lib\\site-packages\\matplotlib\\mpl-data\\fonts\\ttf\\DejaVuSerif-Italic.ttf', name='DejaVu Serif', style='italic', variant='normal', weight=400, stretch='normal', size='scalable')) = 11.05
Sun, 22 Mar 2026 19:08:27 font_manager.py[line:1483] DEBUG findfont: score(FontEntry(fname='C:\\detect cough\\detect-cough-disease-with-CovNet\\.venv\\Lib\\site-packages\\matplotlib\\mpl-data\\fonts\\ttf\\cmb10.ttf', name='cmb10', style='normal', variant='normal', weight=400, stretch='normal', size='scalable')) = 10.05
Sun, 22 Mar 2026 19:08:27 font_manager.py[line:1483] DEBUG findfont: score(FontEntry(fname='C:\\detect cough\\detect-cough-disease-with-CovNet\\.venv\\Lib\\site-packages\\matplotlib\\mpl-data\\fonts\\ttf\\DejaVuSans.ttf', name='DejaVu Sans', style='normal', variant='normal', weight=400, stretch='normal', size='scalable')) = 0.05
Sun, 22 Mar 2026 19:08:27 font_manager.py[line:1483] DEBUG findfont: score(FontEntry(fname='C:\\detect cough\\detect-cough-disease-with-CovNet\\.venv\\Lib\\site-packages\\matplotlib\\mpl-data\\fonts\\ttf\\STIXSizFiveSymReg.ttf', name='STIXSizeFiveSym', style='normal', variant='normal', weight=400, stretch='normal', size='scalable')) = 10.05
Sun, 22 Mar 2026 19:08:27 font_manager.py[line:1483] DEBUG findfont: score(FontEntry(fname='C:\\detect cough\\detect-cough-disease-with-CovNet\\.venv\\Lib\\site-packages\\matplotlib\\mpl-data\\fonts\\ttf\\STIXNonUniIta.ttf', name='STIXNonUnicode', style='italic', variant='normal', weight=400, stretch='normal', size='scalable')) = 11.05
Sun, 22 Mar 2026 19:08:27 font_manager.py[line:1483] DEBUG findfont: score(FontEntry(fname='C:\\detect cough\\detect-cough-disease-with-CovNet\\.venv\\Lib\\site-packages\\matplotlib\\mpl-data\\fonts\\ttf\\DejaVuSansMono-BoldOblique.ttf', name='DejaVu Sans Mono', style='oblique', variant='normal', weight=700, stretch='normal', size='scalable')) = 11.335
Sun, 22 Mar 2026 19:08:27 font_manager.py[line:1483] DEBUG findfont: score(FontEntry(fname='C:\\detect cough\\detect-cough-disease-with-CovNet\\.venv\\Lib\\site-packages\\matplotlib\\mpl-data\\fonts\\ttf\\DejaVuSans-Oblique.ttf', name='DejaVu Sans', style='oblique', variant='normal', weight=400, stretch='normal', size='scalable')) = 1.05
Sun, 22 Mar 2026 19:08:27 font_manager.py[line:1483] DEBUG findfont: score(FontEntry(fname='C:\\detect cough\\detect-cough-disease-with-CovNet\\.venv\\Lib\\site-packages\\matplotlib\\mpl-data\\fonts\\ttf\\DejaVuSans-BoldOblique.ttf', name='DejaVu Sans', style='oblique', variant='normal', weight=700, stretch='normal', size='scalable')) = 1.335
Sun, 22 Mar 2026 19:08:27 font_manager.py[line:1483] DEBUG findfont: score(FontEntry(fname='C:\\detect cough\\detect-cough-disease-with-CovNet\\.venv\\Lib\\site-packages\\matplotlib\\mpl-data\\fonts\\ttf\\STIXSizOneSymReg.ttf', name='STIXSizeOneSym', style='normal', variant='normal', weight=400, stretch='normal', size='scalable')) = 10.05
Sun, 22 Mar 2026 19:08:27 font_manager.py[line:1483] DEBUG findfont: score(FontEntry(fname='C:\\detect cough\\detect-cough-disease-with-CovNet\\.venv\\Lib\\site-packages\\matplotlib\\mpl-data\\fonts\\ttf\\DejaVuSansMono.ttf', name='DejaVu Sans Mono', style='normal', variant='normal', weight=400, stretch='normal', size='scalable')) = 10.05
Sun, 22 Mar 2026 19:08:27 font_manager.py[line:1483] DEBUG findfont: score(FontEntry(fname='C:\\detect cough\\detect-cough-disease-with-CovNet\\.venv\\Lib\\site-packages\\matplotlib\\mpl-data\\fonts\\ttf\\STIXSizFourSymReg.ttf', name='STIXSizeFourSym', style='normal', variant='normal', weight=400, stretch='normal', size='scalable')) = 10.05
Sun, 22 Mar 2026 19:08:27 font_manager.py[line:1483] DEBUG findfont: score(FontEntry(fname='C:\\detect cough\\detect-cough-disease-with-CovNet\\.venv\\Lib\\site-packages\\matplotlib\\mpl-data\\fonts\\ttf\\STIXSizTwoSymReg.ttf', name='STIXSizeTwoSym', style='normal', variant='normal', weight=400, stretch='normal', size='scalable')) = 10.05
Sun, 22 Mar 2026 19:08:27 font_manager.py[line:1483] DEBUG findfont: score(FontEntry(fname='C:\\detect cough\\detect-cough-disease-with-CovNet\\.venv\\Lib\\site-packages\\matplotlib\\mpl-data\\fonts\\ttf\\STIXNonUniBol.ttf', name='STIXNonUnicode', style='normal', variant='normal', weight=700, stretch='normal', size='scalable')) = 10.335
Sun, 22 Mar 2026 19:08:27 font_manager.py[line:1483] DEBUG findfont: score(FontEntry(fname='C:\\detect cough\\detect-cough-disease-with-CovNet\\.venv\\Lib\\site-packages\\matplotlib\\mpl-data\\fonts\\ttf\\STIXSizTwoSymBol.ttf', name='STIXSizeTwoSym', style='normal', variant='normal', weight=700, stretch='normal', size='scalable')) = 10.335
Sun, 22 Mar 2026 19:08:27 font_manager.py[line:1483] DEBUG findfont: score(FontEntry(fname='C:\\detect cough\\detect-cough-disease-with-CovNet\\.venv\\Lib\\site-packages\\matplotlib\\mpl-data\\fonts\\ttf\\STIXSizThreeSymBol.ttf', name='STIXSizeThreeSym', style='normal', variant='normal', weight=700, stretch='normal', size='scalable')) = 10.335
Sun, 22 Mar 2026 19:08:27 font_manager.py[line:1483] DEBUG findfont: score(FontEntry(fname='C:\\detect cough\\detect-cough-disease-with-CovNet\\.venv\\Lib\\site-packages\\matplotlib\\mpl-data\\fonts\\ttf\\cmss10.ttf', name='cmss10', style='normal', variant='normal', weight=400, stretch='normal', size='scalable')) = 10.05
Sun, 22 Mar 2026 19:08:27 font_manager.py[line:1483] DEBUG findfont: score(FontEntry(fname='C:\\detect cough\\detect-cough-disease-with-CovNet\\.venv\\Lib\\site-packages\\matplotlib\\mpl-data\\fonts\\ttf\\STIXSizFourSymBol.ttf', name='STIXSizeFourSym', style='normal', variant='normal', weight=700, stretch='normal', size='scalable')) = 10.335
Sun, 22 Mar 2026 19:08:27 font_manager.py[line:1483] DEBUG findfont: score(FontEntry(fname='C:\\detect cough\\detect-cough-disease-with-CovNet\\.venv\\Lib\\site-packages\\matplotlib\\mpl-data\\fonts\\ttf\\cmmi10.ttf', name='cmmi10', style='normal', variant='normal', weight=400, stretch='normal', size='scalable')) = 10.05
Sun, 22 Mar 2026 19:08:27 font_manager.py[line:1483] DEBUG findfont: score(FontEntry(fname='C:\\detect cough\\detect-cough-disease-with-CovNet\\.venv\\Lib\\site-packages\\matplotlib\\mpl-data\\fonts\\ttf\\STIXNonUni.ttf', name='STIXNonUnicode', style='normal', variant='normal', weight=400, stretch='normal', size='scalable')) = 10.05
Sun, 22 Mar 2026 19:08:27 font_manager.py[line:1483] DEBUG findfont: score(FontEntry(fname='C:\\detect cough\\detect-cough-disease-with-CovNet\\.venv\\Lib\\site-packages\\matplotlib\\mpl-data\\fonts\\ttf\\cmex10.ttf', name='cmex10', style='normal', variant='normal', weight=400, stretch='normal', size='scalable')) = 10.05
Sun, 22 Mar 2026 19:08:27 font_manager.py[line:1483] DEBUG findfont: score(FontEntry(fname='C:\\detect cough\\detect-cough-disease-with-CovNet\\.venv\\Lib\\site-packages\\matplotlib\\mpl-data\\fonts\\ttf\\STIXSizOneSymBol.ttf', name='STIXSizeOneSym', style='normal', variant='normal', weight=700, stretch='normal', size='scalable')) = 10.335
Sun, 22 Mar 2026 19:08:27 font_manager.py[line:1483] DEBUG findfont: score(FontEntry(fname='C:\\detect cough\\detect-cough-disease-with-CovNet\\.venv\\Lib\\site-packages\\matplotlib\\mpl-data\\fonts\\ttf\\STIXGeneralItalic.ttf', name='STIXGeneral', style='italic', variant='normal', weight=400, stretch='normal', size='scalable')) = 11.05
Sun, 22 Mar 2026 19:08:27 font_manager.py[line:1483] DEBUG findfont: score(FontEntry(fname='C:\\detect cough\\detect-cough-disease-with-CovNet\\.venv\\Lib\\site-packages\\matplotlib\\mpl-data\\fonts\\ttf\\STIXSizThreeSymReg.ttf', name='STIXSizeThreeSym', style='normal', variant='normal', weight=400, stretch='normal', size='scalable')) = 10.05
Sun, 22 Mar 2026 19:08:27 font_manager.py[line:1483] DEBUG findfont: score(FontEntry(fname='C:\\detect cough\\detect-cough-disease-with-CovNet\\.venv\\Lib\\site-packages\\matplotlib\\mpl-data\\fonts\\ttf\\DejaVuSans-Bold.ttf', name='DejaVu Sans', style='normal', variant='normal', weight=700, stretch='normal', size='scalable')) = 0.33499999999999996
Sun, 22 Mar 2026 19:08:27 font_manager.py[line:1483] DEBUG findfont: score(FontEntry(fname='C:\\detect cough\\detect-cough-disease-with-CovNet\\.venv\\Lib\\site-packages\\matplotlib\\mpl-data\\fonts\\ttf\\cmtt10.ttf', name='cmtt10', style='normal', variant='normal', weight=400, stretch='normal', size='scalable')) = 10.05
Sun, 22 Mar 2026 19:08:27 font_manager.py[line:1483] DEBUG findfont: score(FontEntry(fname='C:\\detect cough\\detect-cough-disease-with-CovNet\\.venv\\Lib\\site-packages\\matplotlib\\mpl-data\\fonts\\ttf\\STIXGeneral.ttf', name='STIXGeneral', style='normal', variant='normal', weight=400, stretch='normal', size='scalable')) = 10.05
Sun, 22 Mar 2026 19:08:27 font_manager.py[line:1483] DEBUG findfont: score(FontEntry(fname='C:\\Windows\\Fonts\\HARLOWSI.TTF', name='Harlow Solid Italic', style='italic', variant='normal', weight=400, stretch='normal', size='scalable')) = 11.05
Sun, 22 Mar 2026 19:08:27 font_manager.py[line:1483] DEBUG findfont: score(FontEntry(fname='C:\\Windows\\Fonts\\trebuc.ttf', name='Trebuchet MS', style='normal', variant='normal', weight=400, stretch='normal', size='scalable')) = 10.05
Sun, 22 Mar 2026 19:08:27 font_manager.py[line:1483] DEBUG findfont: score(FontEntry(fname='C:\\Windows\\Fonts\\seguiemj.ttf', name='Segoe UI Emoji', style='normal', variant='normal', weight=400, stretch='normal', size='scalable')) = 10.05
Sun, 22 Mar 2026 19:08:27 font_manager.py[line:1483] DEBUG findfont: score(FontEntry(fname='C:\\Windows\\Fonts\\ROCCB___.TTF', name='Rockwell Condensed', style='normal', variant='normal', weight=700, stretch='condensed', size='scalable')) = 10.535
Sun, 22 Mar 2026 19:08:27 font_manager.py[line:1483] DEBUG findfont: score(FontEntry(fname='C:\\Windows\\Fonts\\FRABKIT.TTF', name='Franklin Gothic Book', style='italic', variant='normal', weight=400, stretch='normal', size='scalable')) = 11.05
Sun, 22 Mar 2026 19:08:27 font_manager.py[line:1483] DEBUG findfont: score(FontEntry(fname='C:\\Windows\\Fonts\\FRABK.TTF', name='Franklin Gothic Book', style='normal', variant='normal', weight=400, stretch='normal', size='scalable')) = 10.05
Sun, 22 Mar 2026 19:08:27 font_manager.py[line:1483] DEBUG findfont: score(FontEntry(fname='C:\\Windows\\Fonts\\georgiai.ttf', name='Georgia', style='italic', variant='normal', weight=400, stretch='normal', size='scalable')) = 11.05
Sun, 22 Mar 2026 19:08:27 font_manager.py[line:1483] DEBUG findfont: score(FontEntry(fname='C:\\Windows\\Fonts\\LSANS.TTF', name='Lucida Sans', style='normal', variant='normal', weight=400, stretch='normal', size='scalable')) = 10.05
Sun, 22 Mar 2026 19:08:27 font_manager.py[line:1483] DEBUG findfont: score(FontEntry(fname='C:\\Windows\\Fonts\\GOTHICB.TTF', name='Century Gothic', style='normal', variant='normal', weight=700, stretch='normal', size='scalable')) = 10.335
Sun, 22 Mar 2026 19:08:27 font_manager.py[line:1483] DEBUG findfont: score(FontEntry(fname='C:\\Windows\\Fonts\\malgunbd.ttf', name='Malgun Gothic', style='normal', variant='normal', weight=700, stretch='normal', size='scalable')) = 10.335
Sun, 22 Mar 2026 19:08:27 font_manager.py[line:1483] DEBUG findfont: score(FontEntry(fname='C:\\Windows\\Fonts\\LBRITEDI.TTF', name='Lucida Bright', style='italic', variant='normal', weight=600, stretch='normal', size='scalable')) = 11.24
Sun, 22 Mar 2026 19:08:27 font_manager.py[line:1483] DEBUG findfont: score(FontEntry(fname='C:\\Windows\\Fonts\\BKANT.TTF', name='Book Antiqua', style='normal', variant='normal', weight=400, stretch='normal', size='scalable')) = 10.05
Sun, 22 Mar 2026 19:08:27 font_manager.py[line:1483] DEBUG findfont: score(FontEntry(fname='C:\\Windows\\Fonts\\segoeuisl.ttf', name='Segoe UI', style='normal', variant='normal', weight=350, stretch='normal', size='scalable')) = 10.0975
Sun, 22 Mar 2026 19:08:27 font_manager.py[line:1483] DEBUG findfont: score(FontEntry(fname='C:\\Windows\\Fonts\\BOD_B.TTF', name='Bodoni MT', style='normal', variant='normal', weight=700, stretch='normal', size='scalable')) = 10.335
Sun, 22 Mar 2026 19:08:27 font_manager.py[line:1483] DEBUG findfont: score(FontEntry(fname='C:\\Windows\\Fonts\\FRADMCN.TTF', name='Franklin Gothic Demi Cond', style='normal', variant='normal', weight=400, stretch='condensed', size='scalable')) = 10.25
Sun, 22 Mar 2026 19:08:27 font_manager.py[line:1483] DEBUG findfont: score(FontEntry(fname='C:\\Windows\\Fonts\\REFSPCL.TTF', name='MS Reference Specialty', style='normal', variant='normal', weight=400, stretch='normal', size='scalable')) = 10.05
Sun, 22 Mar 2026 19:08:27 font_manager.py[line:1483] DEBUG findfont: score(FontEntry(fname='C:\\Windows\\Fonts\\msjhbd.ttc', name='Microsoft JhengHei', style='normal', variant='normal', weight=700, stretch='normal', size='scalable')) = 10.335
Sun, 22 Mar 2026 19:08:27 font_manager.py[line:1483] DEBUG findfont: score(FontEntry(fname='C:\\Windows\\Fonts\\timesi.ttf', name='Times New Roman', style='italic', variant='normal', weight=400, stretch='normal', size='scalable')) = 11.05
Sun, 22 Mar 2026 19:08:27 font_manager.py[line:1483] DEBUG findfont: score(FontEntry(fname='C:\\Windows\\Fonts\\wingding.ttf', name='Wingdings', style='normal', variant='normal', weight=400, stretch='normal', size='scalable')) = 10.05
Sun, 22 Mar 2026 19:08:27 font_manager.py[line:1483] DEBUG findfont: score(FontEntry(fname='C:\\Windows\\Fonts\\MTCORSVA.TTF', name='Monotype Corsiva', style='normal', variant='normal', weight=400, stretch='normal', size='scalable')) = 10.05
Sun, 22 Mar 2026 19:08:27 font_manager.py[line:1483] DEBUG findfont: score(FontEntry(fname='C:\\Windows\\Fonts\\tahoma.ttf', name='Tahoma', style='normal', variant='normal', weight=400, stretch='normal', size='scalable')) = 10.05
Sun, 22 Mar 2026 19:08:27 font_manager.py[line:1483] DEBUG findfont: score(FontEntry(fname='C:\\Windows\\Fonts\\CALISTBI.TTF', name='Calisto MT', style='italic', variant='normal', weight=700, stretch='normal', size='scalable')) = 11.335
Sun, 22 Mar 2026 19:08:27 font_manager.py[line:1483] DEBUG findfont: score(FontEntry(fname='C:\\Windows\\Fonts\\cambriaz.ttf', name='Cambria', style='italic', variant='normal', weight=700, stretch='normal', size='scalable')) = 11.335
Sun, 22 Mar 2026 19:08:27 font_manager.py[line:1483] DEBUG findfont: score(FontEntry(fname='C:\\Windows\\Fonts\\CALISTI.TTF', name='Calisto MT', style='italic', variant='normal', weight=400, stretch='normal', size='scalable')) = 11.05
Sun, 22 Mar 2026 19:08:27 font_manager.py[line:1483] DEBUG findfont: score(FontEntry(fname='C:\\Windows\\Fonts\\GILBI___.TTF', name='Gill Sans MT', style='italic', variant='normal', weight=700, stretch='normal', size='scalable')) = 11.335
Sun, 22 Mar 2026 19:08:27 font_manager.py[line:1483] DEBUG findfont: score(FontEntry(fname='C:\\Windows\\Fonts\\BOD_CBI.TTF', name='Bodoni MT', style='italic', variant='normal', weight=700, stretch='condensed', size='scalable')) = 11.535
Sun, 22 Mar 2026 19:08:27 font_manager.py[line:1483] DEBUG findfont: score(FontEntry(fname='C:\\Windows\\Fonts\\ARIALNB.TTF', name='Arial', style='normal', variant='normal', weight=700, stretch='condensed', size='scalable')) = 6.8986363636363635
Sun, 22 Mar 2026 19:08:27 font_manager.py[line:1483] DEBUG findfont: score(FontEntry(fname='C:\\Windows\\Fonts\\PLAYBILL.TTF', name='Playbill', style='normal', variant='normal', weight=400, stretch='normal', size='scalable')) = 10.05
Sun, 22 Mar 2026 19:08:27 font_manager.py[line:1483] DEBUG findfont: score(FontEntry(fname='C:\\Windows\\Fonts\\CALISTB.TTF', name='Calisto MT', style='normal', variant='normal', weight=700, stretch='normal', size='scalable')) = 10.335
Sun, 22 Mar 2026 19:08:27 font_manager.py[line:1483] DEBUG findfont: score(FontEntry(fname='C:\\Windows\\Fonts\\FRAMDCN.TTF', name='Franklin Gothic Medium Cond', style='normal', variant='normal', weight=400, stretch='condensed', size='scalable')) = 10.25
Sun, 22 Mar 2026 19:08:27 font_manager.py[line:1483] DEBUG findfont: score(FontEntry(fname='C:\\Windows\\Fonts\\mvboli.ttf', name='MV Boli', style='normal', variant='normal', weight=400, stretch='normal', size='scalable')) = 10.05
Sun, 22 Mar 2026 19:08:27 font_manager.py[line:1483] DEBUG findfont: score(FontEntry(fname='C:\\Windows\\Fonts\\BERNHC.TTF', name='Bernard MT Condensed', style='normal', variant='normal', weight=400, stretch='condensed', size='scalable')) = 10.25
Sun, 22 Mar 2026 19:08:27 font_manager.py[line:1483] DEBUG findfont: score(FontEntry(fname='C:\\Windows\\Fonts\\BOOKOSBI.TTF', name='Bookman Old Style', style='italic', variant='normal', weight=600, stretch='normal', size='scalable')) = 11.24
Sun, 22 Mar 2026 19:08:27 font_manager.py[line:1483] DEBUG findfont: score(FontEntry(fname='C:\\Windows\\Fonts\\javatext.ttf', name='Javanese Text', style='normal', variant='normal', weight=400, stretch='normal', size='scalable')) = 10.05
Sun, 22 Mar 2026 19:08:27 font_manager.py[line:1483] DEBUG findfont: score(FontEntry(fname='C:\\Windows\\Fonts\\corbelb.ttf', name='Corbel', style='normal', variant='normal', weight=700, stretch='normal', size='scalable')) = 10.335
Sun, 22 Mar 2026 19:08:27 font_manager.py[line:1483] DEBUG findfont: score(FontEntry(fname='C:\\Windows\\Fonts\\ROCKI.TTF', name='Rockwell', style='italic', variant='normal', weight=400, stretch='normal', size='scalable')) = 11.05
Sun, 22 Mar 2026 19:08:27 font_manager.py[line:1483] DEBUG findfont: score(FontEntry(fname='C:\\Windows\\Fonts\\constan.ttf', name='Constantia', style='normal', variant='normal', weight=400, stretch='normal', size='scalable')) = 10.05
Sun, 22 Mar 2026 19:08:27 font_manager.py[line:1483] DEBUG findfont: score(FontEntry(fname='C:\\Windows\\Fonts\\corbel.ttf', name='Corbel', style='normal', variant='normal', weight=400, stretch='normal', size='scalable')) = 10.05
Sun, 22 Mar 2026 19:08:27 font_manager.py[line:1483] DEBUG findfont: score(FontEntry(fname='C:\\Windows\\Fonts\\framd.ttf', name='Franklin Gothic Medium', style='normal', variant='normal', weight=400, stretch='normal', size='scalable')) = 10.05
Sun, 22 Mar 2026 19:08:27 font_manager.py[line:1483] DEBUG findfont: score(FontEntry(fname='C:\\Windows\\Fonts\\ELEPHNT.TTF', name='Elephant', style='normal', variant='normal', weight=400, stretch='normal', size='scalable')) = 10.05
Sun, 22 Mar 2026 19:08:27 font_manager.py[line:1483] DEBUG findfont: score(FontEntry(fname='C:\\Windows\\Fonts\\NIAGSOL.TTF', name='Niagara Solid', style='normal', variant='normal', weight=400, stretch='normal', size='scalable')) = 10.05
Sun, 22 Mar 2026 19:08:27 font_manager.py[line:1483] DEBUG findfont: score(FontEntry(fname='C:\\Windows\\Fonts\\COOPBL.TTF', name='Cooper Black', style='normal', variant='normal', weight=400, stretch='normal', size='scalable')) = 10.05
Sun, 22 Mar 2026 19:08:27 font_manager.py[line:1483] DEBUG findfont: score(FontEntry(fname='C:\\Windows\\Fonts\\impact.ttf', name='Impact', style='normal', variant='normal', weight=400, stretch='normal', size='scalable')) = 10.05
Sun, 22 Mar 2026 19:08:27 font_manager.py[line:1483] DEBUG findfont: score(FontEntry(fname='C:\\Windows\\Fonts\\CALIST.TTF', name='Calisto MT', style='normal', variant='normal', weight=400, stretch='normal', size='scalable')) = 10.05
Sun, 22 Mar 2026 19:08:27 font_manager.py[line:1483] DEBUG findfont: score(FontEntry(fname='C:\\Windows\\Fonts\\GIL_____.TTF', name='Gill Sans MT', style='normal', variant='normal', weight=400, stretch='normal', size='scalable')) = 10.05
Sun, 22 Mar 2026 19:08:27 font_manager.py[line:1483] DEBUG findfont: score(FontEntry(fname='C:\\Windows\\Fonts\\cambria.ttc', name='Cambria', style='normal', variant='normal', weight=400, stretch='normal', size='scalable')) = 10.05
Sun, 22 Mar 2026 19:08:27 font_manager.py[line:1483] DEBUG findfont: score(FontEntry(fname='C:\\Windows\\Fonts\\STENCIL.TTF', name='Stencil', style='normal', variant='normal', weight=400, stretch='normal', size='scalable')) = 10.05
Sun, 22 Mar 2026 19:08:27 font_manager.py[line:1483] DEBUG findfont: score(FontEntry(fname='C:\\Windows\\Fonts\\SNAP____.TTF', name='Snap ITC', style='normal', variant='normal', weight=400, stretch='normal', size='scalable')) = 10.05
Sun, 22 Mar 2026 19:08:27 font_manager.py[line:1483] DEBUG findfont: score(FontEntry(fname='C:\\Windows\\Fonts\\YuGothB.ttc', name='Yu Gothic', style='normal', variant='normal', weight=700, stretch='normal', size='scalable')) = 10.335
Sun, 22 Mar 2026 19:08:27 font_manager.py[line:1483] DEBUG findfont: score(FontEntry(fname='C:\\Windows\\Fonts\\SitkaVF.ttf', name='Sitka', style='normal', variant='normal', weight=400, stretch='normal', size='scalable')) = 10.05
Sun, 22 Mar 2026 19:08:27 font_manager.py[line:1483] DEBUG findfont: score(FontEntry(fname='C:\\Windows\\Fonts\\FTLTLT.TTF', name='Footlight MT Light', style='normal', variant='normal', weight=300, stretch='normal', size='scalable')) = 10.145
Sun, 22 Mar 2026 19:08:27 font_manager.py[line:1483] DEBUG findfont: score(FontEntry(fname='C:\\Windows\\Fonts\\BELLI.TTF', name='Bell MT', style='italic', variant='normal', weight=400, stretch='normal', size='scalable')) = 11.05
Sun, 22 Mar 2026 19:08:27 font_manager.py[line:1483] DEBUG findfont: score(FontEntry(fname='C:\\Windows\\Fonts\\BOD_PSTC.TTF', name='Bodoni MT', style='normal', variant='normal', weight=300, stretch='normal', size='scalable')) = 10.145
Sun, 22 Mar 2026 19:08:27 font_manager.py[line:1483] DEBUG findfont: score(FontEntry(fname='C:\\Windows\\Fonts\\calibriz.ttf', name='Calibri', style='italic', variant='normal', weight=700, stretch='normal', size='scalable')) = 11.335
Sun, 22 Mar 2026 19:08:27 font_manager.py[line:1483] DEBUG findfont: score(FontEntry(fname='C:\\Windows\\Fonts\\constanz.ttf', name='Constantia', style='italic', variant='normal', weight=700, stretch='normal', size='scalable')) = 11.335
Sun, 22 Mar 2026 19:08:27 font_manager.py[line:1483] DEBUG findfont: score(FontEntry(fname='C:\\Windows\\Fonts\\palabi.ttf', name='Palatino Linotype', style='italic', variant='normal', weight=700, stretch='normal', size='scalable')) = 11.335
Sun, 22 Mar 2026 19:08:27 font_manager.py[line:1483] DEBUG findfont: score(FontEntry(fname='C:\\Windows\\Fonts\\LHANDW.TTF', name='Lucida Handwriting', style='italic', variant='normal', weight=400, stretch='normal', size='scalable')) = 11.05
Sun, 22 Mar 2026 19:08:27 font_manager.py[line:1483] DEBUG findfont: score(FontEntry(fname='C:\\Windows\\Fonts\\CALIFI.TTF', name='Californian FB', style='italic', variant='normal', weight=400, stretch='normal', size='scalable')) = 11.05
Sun, 22 Mar 2026 19:08:27 font_manager.py[line:1483] DEBUG findfont: score(FontEntry(fname='C:\\Windows\\Fonts\\timesbi.ttf', name='Times New Roman', style='italic', variant='normal', weight=700, stretch='normal', size='scalable')) = 11.335
Sun, 22 Mar 2026 19:08:27 font_manager.py[line:1483] DEBUG findfont: score(FontEntry(fname='C:\\Windows\\Fonts\\POORICH.TTF', name='Poor Richard', style='normal', variant='normal', weight=400, stretch='normal', size='scalable')) = 10.05
Sun, 22 Mar 2026 19:08:27 font_manager.py[line:1483] DEBUG findfont: score(FontEntry(fname='C:\\Windows\\Fonts\\BOD_CR.TTF', name='Bodoni MT', style='normal', variant='normal', weight=400, stretch='condensed', size='scalable')) = 10.25
Sun, 22 Mar 2026 19:08:27 font_manager.py[line:1483] DEBUG findfont: score(FontEntry(fname='C:\\Windows\\Fonts\\MAGNETOB.TTF', name='Magneto', style='normal', variant='normal', weight=700, stretch='normal', size='scalable')) = 10.335
Sun, 22 Mar 2026 19:08:27 font_manager.py[line:1483] DEBUG findfont: score(FontEntry(fname='C:\\Windows\\Fonts\\LeelaUIb.ttf', name='Leelawadee UI', style='normal', variant='normal', weight=700, stretch='normal', size='scalable')) = 10.335
Sun, 22 Mar 2026 19:08:27 font_manager.py[line:1483] DEBUG findfont: score(FontEntry(fname='C:\\Windows\\Fonts\\segoescb.ttf', name='Segoe Script', style='normal', variant='normal', weight=700, stretch='normal', size='scalable')) = 10.335
Sun, 22 Mar 2026 19:08:27 font_manager.py[line:1483] DEBUG findfont: score(FontEntry(fname='C:\\Windows\\Fonts\\HTOWERTI.TTF', name='High Tower Text', style='italic', variant='normal', weight=400, stretch='normal', size='scalable')) = 11.05
Sun, 22 Mar 2026 19:08:27 font_manager.py[line:1483] DEBUG findfont: score(FontEntry(fname='C:\\Windows\\Fonts\\BOD_I.TTF', name='Bodoni MT', style='italic', variant='normal', weight=400, stretch='normal', size='scalable')) = 11.05
Sun, 22 Mar 2026 19:08:27 font_manager.py[line:1483] DEBUG findfont: score(FontEntry(fname='C:\\Windows\\Fonts\\COLONNA.TTF', name='Colonna MT', style='normal', variant='normal', weight=400, stretch='normal', size='scalable')) = 10.05
Sun, 22 Mar 2026 19:08:27 font_manager.py[line:1483] DEBUG findfont: score(FontEntry(fname='C:\\Windows\\Fonts\\FRADMIT.TTF', name='Franklin Gothic Demi', style='italic', variant='normal', weight=400, stretch='normal', size='scalable')) = 11.05
Sun, 22 Mar 2026 19:08:27 font_manager.py[line:1483] DEBUG findfont: score(FontEntry(fname='C:\\Windows\\Fonts\\GARAIT.TTF', name='Garamond', style='italic', variant='normal', weight=400, stretch='normal', size='scalable')) = 11.05
Sun, 22 Mar 2026 19:08:27 font_manager.py[line:1483] DEBUG findfont: score(FontEntry(fname='C:\\Windows\\Fonts\\constanb.ttf', name='Constantia', style='normal', variant='normal', weight=700, stretch='normal', size='scalable')) = 10.335
Sun, 22 Mar 2026 19:08:27 font_manager.py[line:1483] DEBUG findfont: score(FontEntry(fname='C:\\Windows\\Fonts\\LFAX.TTF', name='Lucida Fax', style='normal', variant='normal', weight=400, stretch='normal', size='scalable')) = 10.05
Sun, 22 Mar 2026 19:08:27 font_manager.py[line:1483] DEBUG findfont: score(FontEntry(fname='C:\\Windows\\Fonts\\SimsunExtG.ttf', name='SimSun-ExtG', style='normal', variant='normal', weight=400, stretch='normal', size='scalable')) = 10.05
Sun, 22 Mar 2026 19:08:27 font_manager.py[line:1483] DEBUG findfont: score(FontEntry(fname='C:\\Windows\\Fonts\\CENSCBK.TTF', name='Century Schoolbook', style='normal', variant='normal', weight=400, stretch='normal', size='scalable')) = 10.05
Sun, 22 Mar 2026 19:08:27 font_manager.py[line:1483] DEBUG findfont: score(FontEntry(fname='C:\\Windows\\Fonts\\LTYPEBO.TTF', name='Lucida Sans Typewriter', style='oblique', variant='normal', weight=600, stretch='normal', size='scalable')) = 11.24
Sun, 22 Mar 2026 19:08:27 font_manager.py[line:1483] DEBUG findfont: score(FontEntry(fname='C:\\Windows\\Fonts\\LFAXD.TTF', name='Lucida Fax', style='normal', variant='normal', weight=600, stretch='normal', size='scalable')) = 10.24
Sun, 22 Mar 2026 19:08:27 font_manager.py[line:1483] DEBUG findfont: score(FontEntry(fname='C:\\Windows\\Fonts\\ebrima.ttf', name='Ebrima', style='normal', variant='normal', weight=400, stretch='normal', size='scalable')) = 10.05
Sun, 22 Mar 2026 19:08:27 font_manager.py[line:1483] DEBUG findfont: score(FontEntry(fname='C:\\Windows\\Fonts\\BRLNSDB.TTF', name='Berlin Sans FB Demi', style='normal', variant='normal', weight=700, stretch='normal', size='scalable')) = 10.335
Sun, 22 Mar 2026 19:08:27 font_manager.py[line:1483] DEBUG findfont: score(FontEntry(fname='C:\\Windows\\Fonts\\calibri.ttf', name='Calibri', style='normal', variant='normal', weight=400, stretch='normal', size='scalable')) = 10.05
Sun, 22 Mar 2026 19:08:27 font_manager.py[line:1483] DEBUG findfont: score(FontEntry(fname='C:\\Windows\\Fonts\\courbd.ttf', name='Courier New', style='normal', variant='normal', weight=700, stretch='normal', size='scalable')) = 10.335
Sun, 22 Mar 2026 19:08:27 font_manager.py[line:1483] DEBUG findfont: score(FontEntry(fname='C:\\Windows\\Fonts\\framdit.ttf', name='Franklin Gothic Medium', style='italic', variant='normal', weight=400, stretch='normal', size='scalable')) = 11.05
Sun, 22 Mar 2026 19:08:27 font_manager.py[line:1483] DEBUG findfont: score(FontEntry(fname='C:\\Windows\\Fonts\\OUTLOOK.TTF', name='MS Outlook', style='normal', variant='normal', weight=400, stretch='normal', size='scalable')) = 10.05
Sun, 22 Mar 2026 19:08:27 font_manager.py[line:1483] DEBUG findfont: score(FontEntry(fname='C:\\Windows\\Fonts\\HTOWERT.TTF', name='High Tower Text', style='normal', variant='normal', weight=400, stretch='normal', size='scalable')) = 10.05
Sun, 22 Mar 2026 19:08:27 font_manager.py[line:1483] DEBUG findfont: score(FontEntry(fname='C:\\Windows\\Fonts\\Candarai.ttf', name='Candara', style='italic', variant='normal', weight=400, stretch='normal', size='scalable')) = 11.05
Sun, 22 Mar 2026 19:08:27 font_manager.py[line:1483] DEBUG findfont: score(FontEntry(fname='C:\\Windows\\Fonts\\segoepr.ttf', name='Segoe Print', style='normal', variant='normal', weight=400, stretch='normal', size='scalable')) = 10.05
Sun, 22 Mar 2026 19:08:27 font_manager.py[line:1483] DEBUG findfont: score(FontEntry(fname='C:\\Windows\\Fonts\\ARLRDBD.TTF', name='Arial Rounded MT Bold', style='normal', variant='normal', weight=400, stretch='normal', size='scalable')) = 10.05
Sun, 22 Mar 2026 19:08:27 font_manager.py[line:1483] DEBUG findfont: score(FontEntry(fname='C:\\Windows\\Fonts\\GILI____.TTF', name='Gill Sans MT', style='italic', variant='normal', weight=400, stretch='normal', size='scalable')) = 11.05
Sun, 22 Mar 2026 19:08:27 font_manager.py[line:1483] DEBUG findfont: score(FontEntry(fname='C:\\Windows\\Fonts\\Candaral.ttf', name='Candara', style='normal', variant='normal', weight=400, stretch='normal', size='scalable')) = 10.05
Sun, 22 Mar 2026 19:08:27 font_manager.py[line:1483] DEBUG findfont: score(FontEntry(fname='C:\\Windows\\Fonts\\LTYPE.TTF', name='Lucida Sans Typewriter', style='normal', variant='normal', weight=400, stretch='normal', size='scalable')) = 10.05
Sun, 22 Mar 2026 19:08:27 font_manager.py[line:1483] DEBUG findfont: score(FontEntry(fname='C:\\Windows\\Fonts\\LSANSI.TTF', name='Lucida Sans', style='italic', variant='normal', weight=400, stretch='normal', size='scalable')) = 11.05
Sun, 22 Mar 2026 19:08:27 font_manager.py[line:1483] DEBUG findfont: score(FontEntry(fname='C:\\Windows\\Fonts\\SCHLBKBI.TTF', name='Century Schoolbook', style='italic', variant='normal', weight=700, stretch='normal', size='scalable')) = 11.335
Sun, 22 Mar 2026 19:08:27 font_manager.py[line:1483] DEBUG findfont: score(FontEntry(fname='C:\\Windows\\Fonts\\GARABD.TTF', name='Garamond', style='normal', variant='normal', weight=700, stretch='normal', size='scalable')) = 10.335
Sun, 22 Mar 2026 19:08:27 font_manager.py[line:1483] DEBUG findfont: score(FontEntry(fname='C:\\Windows\\Fonts\\consolai.ttf', name='Consolas', style='italic', variant='normal', weight=400, stretch='normal', size='scalable')) = 11.05
Sun, 22 Mar 2026 19:08:27 font_manager.py[line:1483] DEBUG findfont: score(FontEntry(fname='C:\\Windows\\Fonts\\Candarab.ttf', name='Candara', style='normal', variant='normal', weight=700, stretch='normal', size='scalable')) = 10.335
Sun, 22 Mar 2026 19:08:27 font_manager.py[line:1483] DEBUG findfont: score(FontEntry(fname='C:\\Windows\\Fonts\\YuGothL.ttc', name='Yu Gothic', style='normal', variant='normal', weight=300, stretch='normal', size='scalable')) = 10.145
Sun, 22 Mar 2026 19:08:27 font_manager.py[line:1483] DEBUG findfont: score(FontEntry(fname='C:\\Windows\\Fonts\\segoesc.ttf', name='Segoe Script', style='normal', variant='normal', weight=400, stretch='normal', size='scalable')) = 10.05
Sun, 22 Mar 2026 19:08:27 font_manager.py[line:1483] DEBUG findfont: score(FontEntry(fname='C:\\Windows\\Fonts\\consolaz.ttf', name='Consolas', style='italic', variant='normal', weight=700, stretch='normal', size='scalable')) = 11.335
Sun, 22 Mar 2026 19:08:27 font_manager.py[line:1483] DEBUG findfont: score(FontEntry(fname='C:\\Windows\\Fonts\\CASTELAR.TTF', name='Castellar', style='normal', variant='normal', weight=400, stretch='normal', size='scalable')) = 10.05
Sun, 22 Mar 2026 19:08:27 font_manager.py[line:1483] DEBUG findfont: score(FontEntry(fname='C:\\Windows\\Fonts\\YuGothR.ttc', name='Yu Gothic', style='normal', variant='normal', weight=400, stretch='normal', size='scalable')) = 10.05
Sun, 22 Mar 2026 19:08:27 font_manager.py[line:1483] DEBUG findfont: score(FontEntry(fname='C:\\Windows\\Fonts\\gadugi.ttf', name='Gadugi', style='normal', variant='normal', weight=400, stretch='normal', size='scalable')) = 10.05
Sun, 22 Mar 2026 19:08:27 font_manager.py[line:1483] DEBUG findfont: score(FontEntry(fname='C:\\Windows\\Fonts\\ARIALNBI.TTF', name='Arial', style='italic', variant='normal', weight=700, stretch='condensed', size='scalable')) = 7.8986363636363635
Sun, 22 Mar 2026 19:08:27 font_manager.py[line:1483] DEBUG findfont: score(FontEntry(fname='C:\\Windows\\Fonts\\TCB_____.TTF', name='Tw Cen MT', style='normal', variant='normal', weight=700, stretch='normal', size='scalable')) = 10.335
Sun, 22 Mar 2026 19:08:27 font_manager.py[line:1483] DEBUG findfont: score(FontEntry(fname='C:\\Windows\\Fonts\\ariali.ttf', name='Arial', style='italic', variant='normal', weight=400, stretch='normal', size='scalable')) = 7.413636363636363
Sun, 22 Mar 2026 19:08:27 font_manager.py[line:1483] DEBUG findfont: score(FontEntry(fname='C:\\Windows\\Fonts\\segmdl2.ttf', name='Segoe MDL2 Assets', style='normal', variant='normal', weight=400, stretch='normal', size='scalable')) = 10.05
Sun, 22 Mar 2026 19:08:27 font_manager.py[line:1483] DEBUG findfont: score(FontEntry(fname='C:\\Windows\\Fonts\\PERB____.TTF', name='Perpetua', style='normal', variant='normal', weight=700, stretch='normal', size='scalable')) = 10.335
Sun, 22 Mar 2026 19:08:27 font_manager.py[line:1483] DEBUG findfont: score(FontEntry(fname='C:\\Windows\\Fonts\\DUBAI-BOLD.TTF', name='Dubai', style='normal', variant='normal', weight=700, stretch='normal', size='scalable')) = 10.335
Sun, 22 Mar 2026 19:08:27 font_manager.py[line:1483] DEBUG findfont: score(FontEntry(fname='C:\\Windows\\Fonts\\GILC____.TTF', name='Gill Sans MT Condensed', style='normal', variant='normal', weight=400, stretch='condensed', size='scalable')) = 10.25
Sun, 22 Mar 2026 19:08:27 font_manager.py[line:1483] DEBUG findfont: score(FontEntry(fname='C:\\Windows\\Fonts\\GARA.TTF', name='Garamond', style='normal', variant='normal', weight=400, stretch='normal', size='scalable')) = 10.05
Sun, 22 Mar 2026 19:08:27 font_manager.py[line:1483] DEBUG findfont: score(FontEntry(fname='C:\\Windows\\Fonts\\palab.ttf', name='Palatino Linotype', style='normal', variant='normal', weight=700, stretch='normal', size='scalable')) = 10.335
Sun, 22 Mar 2026 19:08:27 font_manager.py[line:1483] DEBUG findfont: score(FontEntry(fname='C:\\Windows\\Fonts\\cambriab.ttf', name='Cambria', style='normal', variant='normal', weight=700, stretch='normal', size='scalable')) = 10.335
Sun, 22 Mar 2026 19:08:27 font_manager.py[line:1483] DEBUG findfont: score(FontEntry(fname='C:\\Windows\\Fonts\\ANTQUAI.TTF', name='Book Antiqua', style='italic', variant='normal', weight=400, stretch='normal', size='scalable')) = 11.05
Sun, 22 Mar 2026 19:08:27 font_manager.py[line:1483] DEBUG findfont: score(FontEntry(fname='C:\\Windows\\Fonts\\comic.ttf', name='Comic Sans MS', style='normal', variant='normal', weight=400, stretch='normal', size='scalable')) = 10.05
Sun, 22 Mar 2026 19:08:27 font_manager.py[line:1483] DEBUG findfont: score(FontEntry(fname='C:\\Windows\\Fonts\\LBRITED.TTF', name='Lucida Bright', style='normal', variant='normal', weight=600, stretch='normal', size='scalable')) = 10.24
Sun, 22 Mar 2026 19:08:27 font_manager.py[line:1483] DEBUG findfont: score(FontEntry(fname='C:\\Windows\\Fonts\\LATINWD.TTF', name='Wide Latin', style='normal', variant='normal', weight=400, stretch='expanded', size='scalable')) = 10.25
Sun, 22 Mar 2026 19:08:27 font_manager.py[line:1483] DEBUG findfont: score(FontEntry(fname='C:\\Windows\\Fonts\\bahnschrift.ttf', name='Bahnschrift', style='normal', variant='normal', weight=400, stretch='normal', size='scalable')) = 10.05
Sun, 22 Mar 2026 19:08:27 font_manager.py[line:1483] DEBUG findfont: score(FontEntry(fname='C:\\Windows\\Fonts\\corbell.ttf', name='Corbel', style='normal', variant='normal', weight=300, stretch='normal', size='scalable')) = 10.145
Sun, 22 Mar 2026 19:08:27 font_manager.py[line:1483] DEBUG findfont: score(FontEntry(fname='C:\\Windows\\Fonts\\IMPRISHA.TTF', name='Imprint MT Shadow', style='normal', variant='normal', weight=400, stretch='normal', size='scalable')) = 10.05
Sun, 22 Mar 2026 19:08:27 font_manager.py[line:1483] DEBUG findfont: score(FontEntry(fname='C:\\Windows\\Fonts\\AGENCYR.TTF', name='Agency FB', style='normal', variant='normal', weight=400, stretch='normal', size='scalable')) = 10.05
Sun, 22 Mar 2026 19:08:27 font_manager.py[line:1483] DEBUG findfont: score(FontEntry(fname='C:\\Windows\\Fonts\\ntailub.ttf', name='Microsoft New Tai Lue', style='normal', variant='normal', weight=700, stretch='normal', size='scalable')) = 10.335
Sun, 22 Mar 2026 19:08:27 font_manager.py[line:1483] DEBUG findfont: score(FontEntry(fname='C:\\Windows\\Fonts\\LCALLIG.TTF', name='Lucida Calligraphy', style='italic', variant='normal', weight=400, stretch='normal', size='scalable')) = 11.05
Sun, 22 Mar 2026 19:08:27 font_manager.py[line:1483] DEBUG findfont: score(FontEntry(fname='C:\\Windows\\Fonts\\ERASDEMI.TTF', name='Eras Demi ITC', style='normal', variant='normal', weight=400, stretch='normal', size='scalable')) = 10.05
Sun, 22 Mar 2026 19:08:27 font_manager.py[line:1483] DEBUG findfont: score(FontEntry(fname='C:\\Windows\\Fonts\\LTYPEB.TTF', name='Lucida Sans Typewriter', style='normal', variant='normal', weight=600, stretch='normal', size='scalable')) = 10.24
Sun, 22 Mar 2026 19:08:27 font_manager.py[line:1483] DEBUG findfont: score(FontEntry(fname='C:\\Windows\\Fonts\\PAPYRUS.TTF', name='Papyrus', style='normal', variant='normal', weight=400, stretch='normal', size='scalable')) = 10.05
Sun, 22 Mar 2026 19:08:27 font_manager.py[line:1483] DEBUG findfont: score(FontEntry(fname='C:\\Windows\\Fonts\\COPRGTB.TTF', name='Copperplate Gothic Bold', style='normal', variant='normal', weight=400, stretch='normal', size='scalable')) = 10.05
Sun, 22 Mar 2026 19:08:27 font_manager.py[line:1483] DEBUG findfont: score(FontEntry(fname='C:\\Windows\\Fonts\\BSSYM7.TTF', name='Bookshelf Symbol 7', style='normal', variant='normal', weight=400, stretch='normal', size='scalable')) = 10.05
Sun, 22 Mar 2026 19:08:27 font_manager.py[line:1483] DEBUG findfont: score(FontEntry(fname='C:\\Windows\\Fonts\\seguibli.ttf', name='Segoe UI', style='italic', variant='normal', weight=900, stretch='normal', size='scalable')) = 11.525
Sun, 22 Mar 2026 19:08:27 font_manager.py[line:1483] DEBUG findfont: score(FontEntry(fname='C:\\Windows\\Fonts\\ARIALN.TTF', name='Arial', style='normal', variant='normal', weight=400, stretch='condensed', size='scalable')) = 6.613636363636363
Sun, 22 Mar 2026 19:08:27 font_manager.py[line:1483] DEBUG findfont: score(FontEntry(fname='C:\\Windows\\Fonts\\SegoeIcons.ttf', name='Segoe Fluent Icons', style='normal', variant='normal', weight=400, stretch='normal', size='scalable')) = 10.05
Sun, 22 Mar 2026 19:08:27 font_manager.py[line:1483] DEBUG findfont: score(FontEntry(fname='C:\\Windows\\Fonts\\MAIAN.TTF', name='Maiandra GD', style='normal', variant='normal', weight=400, stretch='normal', size='scalable')) = 10.05
Sun, 22 Mar 2026 19:08:27 font_manager.py[line:1483] DEBUG findfont: score(FontEntry(fname='C:\\Windows\\Fonts\\seguihis.ttf', name='Segoe UI Historic', style='normal', variant='normal', weight=400, stretch='normal', size='scalable')) = 10.05
Sun, 22 Mar 2026 19:08:27 font_manager.py[line:1483] DEBUG findfont: score(FontEntry(fname='C:\\Windows\\Fonts\\trebucbi.ttf', name='Trebuchet MS', style='italic', variant='normal', weight=700, stretch='normal', size='scalable')) = 11.335
Sun, 22 Mar 2026 19:08:27 font_manager.py[line:1483] DEBUG findfont: score(FontEntry(fname='C:\\Windows\\Fonts\\segoeuil.ttf', name='Segoe UI', style='normal', variant='normal', weight=300, stretch='normal', size='scalable')) = 10.145
Sun, 22 Mar 2026 19:08:27 font_manager.py[line:1483] DEBUG findfont: score(FontEntry(fname='C:\\Windows\\Fonts\\consolab.ttf', name='Consolas', style='normal', variant='normal', weight=700, stretch='normal', size='scalable')) = 10.335
Sun, 22 Mar 2026 19:08:27 font_manager.py[line:1483] DEBUG findfont: score(FontEntry(fname='C:\\Windows\\Fonts\\OLDENGL.TTF', name='Old English Text MT', style='normal', variant='normal', weight=400, stretch='normal', size='scalable')) = 10.05
Sun, 22 Mar 2026 19:08:27 font_manager.py[line:1483] DEBUG findfont: score(FontEntry(fname='C:\\Windows\\Fonts\\DUBAI-MEDIUM.TTF', name='Dubai', style='normal', variant='normal', weight=500, stretch='normal', size='scalable')) = 10.145
Sun, 22 Mar 2026 19:08:27 font_manager.py[line:1483] DEBUG findfont: score(FontEntry(fname='C:\\Windows\\Fonts\\mingliub.ttc', name='MingLiU-ExtB', style='normal', variant='normal', weight=400, stretch='normal', size='scalable')) = 10.05
Sun, 22 Mar 2026 19:08:27 font_manager.py[line:1483] DEBUG findfont: score(FontEntry(fname='C:\\Windows\\Fonts\\RAVIE.TTF', name='Ravie', style='normal', variant='normal', weight=400, stretch='normal', size='scalable')) = 10.05
Sun, 22 Mar 2026 19:08:27 font_manager.py[line:1483] DEBUG findfont: score(FontEntry(fname='C:\\Windows\\Fonts\\VIVALDII.TTF', name='Vivaldi', style='italic', variant='normal', weight=400, stretch='normal', size='scalable')) = 11.05
Sun, 22 Mar 2026 19:08:27 font_manager.py[line:1483] DEBUG findfont: score(FontEntry(fname='C:\\Windows\\Fonts\\BOD_CI.TTF', name='Bodoni MT', style='italic', variant='normal', weight=400, stretch='condensed', size='scalable')) = 11.25
Sun, 22 Mar 2026 19:08:27 font_manager.py[line:1483] DEBUG findfont: score(FontEntry(fname='C:\\Windows\\Fonts\\BELL.TTF', name='Bell MT', style='normal', variant='normal', weight=400, stretch='normal', size='scalable')) = 10.05
Sun, 22 Mar 2026 19:08:27 font_manager.py[line:1483] DEBUG findfont: score(FontEntry(fname='C:\\Windows\\Fonts\\malgunsl.ttf', name='Malgun Gothic', style='normal', variant='normal', weight=300, stretch='normal', size='scalable')) = 10.145
Sun, 22 Mar 2026 19:08:27 font_manager.py[line:1483] DEBUG findfont: score(FontEntry(fname='C:\\Windows\\Fonts\\ROCC____.TTF', name='Rockwell Condensed', style='normal', variant='normal', weight=400, stretch='condensed', size='scalable')) = 10.25
Sun, 22 Mar 2026 19:08:27 font_manager.py[line:1483] DEBUG findfont: score(FontEntry(fname='C:\\Windows\\Fonts\\SCHLBKI.TTF', name='Century Schoolbook', style='italic', variant='normal', weight=400, stretch='normal', size='scalable')) = 11.05
Sun, 22 Mar 2026 19:08:27 font_manager.py[line:1483] DEBUG findfont: score(FontEntry(fname='C:\\Windows\\Fonts\\GILSANUB.TTF', name='Gill Sans Ultra Bold', style='normal', variant='normal', weight=400, stretch='normal', size='scalable')) = 10.05
Sun, 22 Mar 2026 19:08:27 font_manager.py[line:1483] DEBUG findfont: score(FontEntry(fname='C:\\Windows\\Fonts\\ITCKRIST.TTF', name='Kristen ITC', style='normal', variant='normal', weight=400, stretch='normal', size='scalable')) = 10.05
Sun, 22 Mar 2026 19:08:27 font_manager.py[line:1483] DEBUG findfont: score(FontEntry(fname='C:\\Windows\\Fonts\\calibrii.ttf', name='Calibri', style='italic', variant='normal', weight=400, stretch='normal', size='scalable')) = 11.05
Sun, 22 Mar 2026 19:08:27 font_manager.py[line:1483] DEBUG findfont: score(FontEntry(fname='C:\\Windows\\Fonts\\PARCHM.TTF', name='Parchment', style='normal', variant='normal', weight=400, stretch='normal', size='scalable')) = 10.05
Sun, 22 Mar 2026 19:08:27 font_manager.py[line:1483] DEBUG findfont: score(FontEntry(fname='C:\\Windows\\Fonts\\TCCM____.TTF', name='Tw Cen MT Condensed', style='normal', variant='normal', weight=400, stretch='condensed', size='scalable')) = 10.25
Sun, 22 Mar 2026 19:08:27 font_manager.py[line:1483] DEBUG findfont: score(FontEntry(fname='C:\\Windows\\Fonts\\micross.ttf', name='Microsoft Sans Serif', style='normal', variant='normal', weight=400, stretch='normal', size='scalable')) = 10.05
Sun, 22 Mar 2026 19:08:27 font_manager.py[line:1483] DEBUG findfont: score(FontEntry(fname='C:\\Windows\\Fonts\\trebucbd.ttf', name='Trebuchet MS', style='normal', variant='normal', weight=700, stretch='normal', size='scalable')) = 10.335
Sun, 22 Mar 2026 19:08:27 font_manager.py[line:1483] DEBUG findfont: score(FontEntry(fname='C:\\Windows\\Fonts\\cambriai.ttf', name='Cambria', style='italic', variant='normal', weight=400, stretch='normal', size='scalable')) = 11.05
Sun, 22 Mar 2026 19:08:27 font_manager.py[line:1483] DEBUG findfont: score(FontEntry(fname='C:\\Windows\\Fonts\\ebrimabd.ttf', name='Ebrima', style='normal', variant='normal', weight=700, stretch='normal', size='scalable')) = 10.335
Sun, 22 Mar 2026 19:08:27 font_manager.py[line:1483] DEBUG findfont: score(FontEntry(fname='C:\\Windows\\Fonts\\CALIFR.TTF', name='Californian FB', style='normal', variant='normal', weight=400, stretch='normal', size='scalable')) = 10.05
Sun, 22 Mar 2026 19:08:27 font_manager.py[line:1483] DEBUG findfont: score(FontEntry(fname='C:\\Windows\\Fonts\\monbaiti.ttf', name='Mongolian Baiti', style='normal', variant='normal', weight=400, stretch='normal', size='scalable')) = 10.05
Sun, 22 Mar 2026 19:08:27 font_manager.py[line:1483] DEBUG findfont: score(FontEntry(fname='C:\\Windows\\Fonts\\BASKVILL.TTF', name='Baskerville Old Face', style='normal', variant='normal', weight=400, stretch='normal', size='scalable')) = 10.05
Sun, 22 Mar 2026 19:08:27 font_manager.py[line:1483] DEBUG findfont: score(FontEntry(fname='C:\\Windows\\Fonts\\BRLNSR.TTF', name='Berlin Sans FB', style='normal', variant='normal', weight=400, stretch='normal', size='scalable')) = 10.05
Sun, 22 Mar 2026 19:08:27 font_manager.py[line:1483] DEBUG findfont: score(FontEntry(fname='C:\\Windows\\Fonts\\ITCEDSCR.TTF', name='Edwardian Script ITC', style='normal', variant='normal', weight=400, stretch='normal', size='scalable')) = 10.05
Sun, 22 Mar 2026 19:08:27 font_manager.py[line:1483] DEBUG findfont: score(FontEntry(fname='C:\\Windows\\Fonts\\SHOWG.TTF', name='Showcard Gothic', style='normal', variant='normal', weight=400, stretch='normal', size='scalable')) = 10.05
Sun, 22 Mar 2026 19:08:27 font_manager.py[line:1483] DEBUG findfont: score(FontEntry(fname='C:\\Windows\\Fonts\\courbi.ttf', name='Courier New', style='italic', variant='normal', weight=700, stretch='normal', size='scalable')) = 11.335
Sun, 22 Mar 2026 19:08:27 font_manager.py[line:1483] DEBUG findfont: score(FontEntry(fname='C:\\Windows\\Fonts\\verdanab.ttf', name='Verdana', style='normal', variant='normal', weight=700, stretch='normal', size='scalable')) = 3.9713636363636367
Sun, 22 Mar 2026 19:08:27 font_manager.py[line:1483] DEBUG findfont: score(FontEntry(fname='C:\\Windows\\Fonts\\corbelli.ttf', name='Corbel', style='italic', variant='normal', weight=300, stretch='normal', size='scalable')) = 11.145
Sun, 22 Mar 2026 19:08:27 font_manager.py[line:1483] DEBUG findfont: score(FontEntry(fname='C:\\Windows\\Fonts\\BOD_BLAI.TTF', name='Bodoni MT', style='italic', variant='normal', weight=900, stretch='normal', size='scalable')) = 11.525
Sun, 22 Mar 2026 19:08:27 font_manager.py[line:1483] DEBUG findfont: score(FontEntry(fname='C:\\Windows\\Fonts\\BOD_BI.TTF', name='Bodoni MT', style='italic', variant='normal', weight=700, stretch='normal', size='scalable')) = 11.335
Sun, 22 Mar 2026 19:08:27 font_manager.py[line:1483] DEBUG findfont: score(FontEntry(fname='C:\\Windows\\Fonts\\gadugib.ttf', name='Gadugi', style='normal', variant='normal', weight=700, stretch='normal', size='scalable')) = 10.335
Sun, 22 Mar 2026 19:08:27 font_manager.py[line:1483] DEBUG findfont: score(FontEntry(fname='C:\\Windows\\Fonts\\ANTQUAB.TTF', name='Book Antiqua', style='normal', variant='normal', weight=700, stretch='normal', size='scalable')) = 10.335
Sun, 22 Mar 2026 19:08:27 font_manager.py[line:1483] DEBUG findfont: score(FontEntry(fname='C:\\Windows\\Fonts\\PER_____.TTF', name='Perpetua', style='normal', variant='normal', weight=400, stretch='normal', size='scalable')) = 10.05
Sun, 22 Mar 2026 19:08:27 font_manager.py[line:1483] DEBUG findfont: score(FontEntry(fname='C:\\Windows\\Fonts\\WINGDNG2.TTF', name='Wingdings 2', style='normal', variant='normal', weight=400, stretch='normal', size='scalable')) = 10.05
Sun, 22 Mar 2026 19:08:27 font_manager.py[line:1483] DEBUG findfont: score(FontEntry(fname='C:\\Windows\\Fonts\\Candaraz.ttf', name='Candara', style='italic', variant='normal', weight=700, stretch='normal', size='scalable')) = 11.335
Sun, 22 Mar 2026 19:08:27 font_manager.py[line:1483] DEBUG findfont: score(FontEntry(fname='C:\\Windows\\Fonts\\ntailu.ttf', name='Microsoft New Tai Lue', style='normal', variant='normal', weight=400, stretch='normal', size='scalable')) = 10.05
Sun, 22 Mar 2026 19:08:27 font_manager.py[line:1483] DEBUG findfont: score(FontEntry(fname='C:\\Windows\\Fonts\\GILB____.TTF', name='Gill Sans MT', style='normal', variant='normal', weight=700, stretch='normal', size='scalable')) = 10.335
Sun, 22 Mar 2026 19:08:27 font_manager.py[line:1483] DEBUG findfont: score(FontEntry(fname='C:\\Windows\\Fonts\\Candarali.ttf', name='Candara', style='italic', variant='normal', weight=400, stretch='normal', size='scalable')) = 11.05
Sun, 22 Mar 2026 19:08:27 font_manager.py[line:1483] DEBUG findfont: score(FontEntry(fname='C:\\Windows\\Fonts\\taile.ttf', name='Microsoft Tai Le', style='normal', variant='normal', weight=400, stretch='normal', size='scalable')) = 10.05
Sun, 22 Mar 2026 19:08:27 font_manager.py[line:1483] DEBUG findfont: score(FontEntry(fname='C:\\Windows\\Fonts\\simsun.ttc', name='SimSun', style='normal', variant='normal', weight=400, stretch='normal', size='scalable')) = 10.05
Sun, 22 Mar 2026 19:08:27 font_manager.py[line:1483] DEBUG findfont: score(FontEntry(fname='C:\\Windows\\Fonts\\ROCK.TTF', name='Rockwell', style='normal', variant='normal', weight=400, stretch='normal', size='scalable')) = 10.05
Sun, 22 Mar 2026 19:08:27 font_manager.py[line:1483] DEBUG findfont: score(FontEntry(fname='C:\\Windows\\Fonts\\PALSCRI.TTF', name='Palace Script MT', style='normal', variant='normal', weight=400, stretch='normal', size='scalable')) = 10.05
Sun, 22 Mar 2026 19:08:27 font_manager.py[line:1483] DEBUG findfont: score(FontEntry(fname='C:\\Windows\\Fonts\\comicz.ttf', name='Comic Sans MS', style='italic', variant='normal', weight=700, stretch='normal', size='scalable')) = 11.335
Sun, 22 Mar 2026 19:08:27 font_manager.py[line:1483] DEBUG findfont: score(FontEntry(fname='C:\\Windows\\Fonts\\FRSCRIPT.TTF', name='French Script MT', style='normal', variant='normal', weight=400, stretch='normal', size='scalable')) = 10.05
Sun, 22 Mar 2026 19:08:27 font_manager.py[line:1483] DEBUG findfont: score(FontEntry(fname='C:\\Windows\\Fonts\\arialbd.ttf', name='Arial', style='normal', variant='normal', weight=700, stretch='normal', size='scalable')) = 6.698636363636363
Sun, 22 Mar 2026 19:08:27 font_manager.py[line:1483] DEBUG findfont: score(FontEntry(fname='C:\\Windows\\Fonts\\SCHLBKB.TTF', name='Century Schoolbook', style='normal', variant='normal', weight=700, stretch='normal', size='scalable')) = 10.335
Sun, 22 Mar 2026 19:08:27 font_manager.py[line:1483] DEBUG findfont: score(FontEntry(fname='C:\\Windows\\Fonts\\PERI____.TTF', name='Perpetua', style='italic', variant='normal', weight=400, stretch='normal', size='scalable')) = 11.05
Sun, 22 Mar 2026 19:08:27 font_manager.py[line:1483] DEBUG findfont: score(FontEntry(fname='C:\\Windows\\Fonts\\SegUIVar.ttf', name='Segoe UI Variable', style='normal', variant='normal', weight=400, stretch='normal', size='scalable')) = 10.05
Sun, 22 Mar 2026 19:08:27 font_manager.py[line:1483] DEBUG findfont: score(FontEntry(fname='C:\\Windows\\Fonts\\timesbd.ttf', name='Times New Roman', style='normal', variant='normal', weight=700, stretch='normal', size='scalable')) = 10.335
Sun, 22 Mar 2026 19:08:27 font_manager.py[line:1483] DEBUG findfont: score(FontEntry(fname='C:\\Windows\\Fonts\\msyi.ttf', name='Microsoft Yi Baiti', style='normal', variant='normal', weight=400, stretch='normal', size='scalable')) = 10.05
Sun, 22 Mar 2026 19:08:27 font_manager.py[line:1483] DEBUG findfont: score(FontEntry(fname='C:\\Windows\\Fonts\\PERBI___.TTF', name='Perpetua', style='italic', variant='normal', weight=700, stretch='normal', size='scalable')) = 11.335
Sun, 22 Mar 2026 19:08:27 font_manager.py[line:1483] DEBUG findfont: score(FontEntry(fname='C:\\Windows\\Fonts\\GOUDOSI.TTF', name='Goudy Old Style', style='italic', variant='normal', weight=400, stretch='normal', size='scalable')) = 11.05
Sun, 22 Mar 2026 19:08:27 font_manager.py[line:1483] DEBUG findfont: score(FontEntry(fname='C:\\Windows\\Fonts\\mmrtextb.ttf', name='Myanmar Text', style='normal', variant='normal', weight=700, stretch='normal', size='scalable')) = 10.335
Sun, 22 Mar 2026 19:08:27 font_manager.py[line:1483] DEBUG findfont: score(FontEntry(fname='C:\\Windows\\Fonts\\msyhbd.ttc', name='Microsoft YaHei', style='normal', variant='normal', weight=700, stretch='normal', size='scalable')) = 10.335
Sun, 22 Mar 2026 19:08:27 font_manager.py[line:1483] DEBUG findfont: score(FontEntry(fname='C:\\Windows\\Fonts\\ONYX.TTF', name='Onyx', style='normal', variant='normal', weight=400, stretch='normal', size='scalable')) = 10.05
Sun, 22 Mar 2026 19:08:27 font_manager.py[line:1483] DEBUG findfont: score(FontEntry(fname='C:\\Windows\\Fonts\\BRADHITC.TTF', name='Bradley Hand ITC', style='normal', variant='normal', weight=400, stretch='normal', size='scalable')) = 10.05
Sun, 22 Mar 2026 19:08:27 font_manager.py[line:1483] DEBUG findfont: score(FontEntry(fname='C:\\Windows\\Fonts\\LFAXDI.TTF', name='Lucida Fax', style='italic', variant='normal', weight=600, stretch='normal', size='scalable')) = 11.24
Sun, 22 Mar 2026 19:08:27 font_manager.py[line:1483] DEBUG findfont: score(FontEntry(fname='C:\\Windows\\Fonts\\NIAGENG.TTF', name='Niagara Engraved', style='normal', variant='normal', weight=400, stretch='normal', size='scalable')) = 10.05
Sun, 22 Mar 2026 19:08:27 font_manager.py[line:1483] DEBUG findfont: score(FontEntry(fname='C:\\Windows\\Fonts\\phagspab.ttf', name='Microsoft PhagsPa', style='normal', variant='normal', weight=700, stretch='normal', size='scalable')) = 10.335
Sun, 22 Mar 2026 19:08:27 font_manager.py[line:1483] DEBUG findfont: score(FontEntry(fname='C:\\Windows\\Fonts\\TCM_____.TTF', name='Tw Cen MT', style='normal', variant='normal', weight=400, stretch='normal', size='scalable')) = 10.05
Sun, 22 Mar 2026 19:08:27 font_manager.py[line:1483] DEBUG findfont: score(FontEntry(fname='C:\\Windows\\Fonts\\tahomabd.ttf', name='Tahoma', style='normal', variant='normal', weight=700, stretch='normal', size='scalable')) = 10.335
Sun, 22 Mar 2026 19:08:27 font_manager.py[line:1483] DEBUG findfont: score(FontEntry(fname='C:\\Windows\\Fonts\\GLECB.TTF', name='Gloucester MT Extra Condensed', style='normal', variant='normal', weight=400, stretch='condensed', size='scalable')) = 10.25
Sun, 22 Mar 2026 19:08:27 font_manager.py[line:1483] DEBUG findfont: score(FontEntry(fname='C:\\Windows\\Fonts\\LSANSD.TTF', name='Lucida Sans', style='normal', variant='normal', weight=600, stretch='normal', size='scalable')) = 10.24
Sun, 22 Mar 2026 19:08:27 font_manager.py[line:1483] DEBUG findfont: score(FontEntry(fname='C:\\Windows\\Fonts\\AGENCYB.TTF', name='Agency FB', style='normal', variant='normal', weight=700, stretch='normal', size='scalable')) = 10.335
Sun, 22 Mar 2026 19:08:27 font_manager.py[line:1483] DEBUG findfont: score(FontEntry(fname='C:\\Windows\\Fonts\\LSANSDI.TTF', name='Lucida Sans', style='italic', variant='normal', weight=600, stretch='normal', size='scalable')) = 11.24
Sun, 22 Mar 2026 19:08:27 font_manager.py[line:1483] DEBUG findfont: score(FontEntry(fname='C:\\Windows\\Fonts\\msyhl.ttc', name='Microsoft YaHei', style='normal', variant='normal', weight=290, stretch='normal', size='scalable')) = 10.1545
Sun, 22 Mar 2026 19:08:27 font_manager.py[line:1483] DEBUG findfont: score(FontEntry(fname='C:\\Windows\\Fonts\\BOOKOSB.TTF', name='Bookman Old Style', style='normal', variant='normal', weight=600, stretch='normal', size='scalable')) = 10.24
Sun, 22 Mar 2026 19:08:27 font_manager.py[line:1483] DEBUG findfont: score(FontEntry(fname='C:\\Windows\\Fonts\\SitkaVF-Italic.ttf', name='Sitka', style='italic', variant='normal', weight=400, stretch='normal', size='scalable')) = 11.05
Sun, 22 Mar 2026 19:08:27 font_manager.py[line:1483] DEBUG findfont: score(FontEntry(fname='C:\\Windows\\Fonts\\HARNGTON.TTF', name='Harrington', style='normal', variant='normal', weight=400, stretch='normal', size='scalable')) = 10.05
Sun, 22 Mar 2026 19:08:27 font_manager.py[line:1483] DEBUG findfont: score(FontEntry(fname='C:\\Windows\\Fonts\\BOD_CB.TTF', name='Bodoni MT', style='normal', variant='normal', weight=700, stretch='condensed', size='scalable')) = 10.535
Sun, 22 Mar 2026 19:08:27 font_manager.py[line:1483] DEBUG findfont: score(FontEntry(fname='C:\\Windows\\Fonts\\Gabriola.ttf', name='Gabriola', style='normal', variant='normal', weight=400, stretch='normal', size='scalable')) = 10.05
Sun, 22 Mar 2026 19:08:27 font_manager.py[line:1483] DEBUG findfont: score(FontEntry(fname='C:\\Windows\\Fonts\\pala.ttf', name='Palatino Linotype', style='normal', variant='normal', weight=400, stretch='normal', size='scalable')) = 10.05
Sun, 22 Mar 2026 19:08:27 font_manager.py[line:1483] DEBUG findfont: score(FontEntry(fname='C:\\Windows\\Fonts\\JOKERMAN.TTF', name='Jokerman', style='normal', variant='normal', weight=400, stretch='normal', size='scalable')) = 10.05
Sun, 22 Mar 2026 19:08:27 font_manager.py[line:1483] DEBUG findfont: score(FontEntry(fname='C:\\Windows\\Fonts\\segoeuib.ttf', name='Segoe UI', style='normal', variant='normal', weight=700, stretch='normal', size='scalable')) = 10.335
Sun, 22 Mar 2026 19:08:27 font_manager.py[line:1483] DEBUG findfont: score(FontEntry(fname='C:\\Windows\\Fonts\\ROCKBI.TTF', name='Rockwell', style='italic', variant='normal', weight=700, stretch='normal', size='scalable')) = 11.335
Sun, 22 Mar 2026 19:08:27 font_manager.py[line:1483] DEBUG findfont: score(FontEntry(fname='C:\\Windows\\Fonts\\BAUHS93.TTF', name='Bauhaus 93', style='normal', variant='normal', weight=400, stretch='normal', size='scalable')) = 10.05
Sun, 22 Mar 2026 19:08:27 font_manager.py[line:1483] DEBUG findfont: score(FontEntry(fname='C:\\Windows\\Fonts\\TEMPSITC.TTF', name='Tempus Sans ITC', style='normal', variant='normal', weight=400, stretch='normal', size='scalable')) = 10.05
Sun, 22 Mar 2026 19:08:27 font_manager.py[line:1483] DEBUG findfont: score(FontEntry(fname='C:\\Windows\\Fonts\\LeelUIsl.ttf', name='Leelawadee UI', style='normal', variant='normal', weight=350, stretch='normal', size='scalable')) = 10.0975
Sun, 22 Mar 2026 19:08:27 font_manager.py[line:1483] DEBUG findfont: score(FontEntry(fname='C:\\Windows\\Fonts\\PERTILI.TTF', name='Perpetua Titling MT', style='normal', variant='normal', weight=300, stretch='normal', size='scalable')) = 10.145
Sun, 22 Mar 2026 19:08:27 font_manager.py[line:1483] DEBUG findfont: score(FontEntry(fname='C:\\Windows\\Fonts\\CURLZ___.TTF', name='Curlz MT', style='normal', variant='normal', weight=400, stretch='normal', size='scalable')) = 10.05
Sun, 22 Mar 2026 19:08:27 font_manager.py[line:1483] DEBUG findfont: score(FontEntry(fname='C:\\Windows\\Fonts\\mmrtext.ttf', name='Myanmar Text', style='normal', variant='normal', weight=400, stretch='normal', size='scalable')) = 10.05
Sun, 22 Mar 2026 19:08:27 font_manager.py[line:1483] DEBUG findfont: score(FontEntry(fname='C:\\Windows\\Fonts\\FRAHV.TTF', name='Franklin Gothic Heavy', style='normal', variant='normal', weight=400, stretch='normal', size='scalable')) = 10.05
Sun, 22 Mar 2026 19:08:27 font_manager.py[line:1483] DEBUG findfont: score(FontEntry(fname='C:\\Windows\\Fonts\\ALGER.TTF', name='Algerian', style='normal', variant='normal', weight=400, stretch='normal', size='scalable')) = 10.05
Sun, 22 Mar 2026 19:08:27 font_manager.py[line:1483] DEBUG findfont: score(FontEntry(fname='C:\\Windows\\Fonts\\MATURASC.TTF', name='Matura MT Script Capitals', style='normal', variant='normal', weight=400, stretch='normal', size='scalable')) = 10.05
Sun, 22 Mar 2026 19:08:27 font_manager.py[line:1483] DEBUG findfont: score(FontEntry(fname='C:\\Windows\\Fonts\\GIGI.TTF', name='Gigi', style='normal', variant='normal', weight=400, stretch='normal', size='scalable')) = 10.05
Sun, 22 Mar 2026 19:08:27 font_manager.py[line:1483] DEBUG findfont: score(FontEntry(fname='C:\\Windows\\Fonts\\segoeuii.ttf', name='Segoe UI', style='italic', variant='normal', weight=400, stretch='normal', size='scalable')) = 11.05
Sun, 22 Mar 2026 19:08:27 font_manager.py[line:1483] DEBUG findfont: score(FontEntry(fname='C:\\Windows\\Fonts\\verdanai.ttf', name='Verdana', style='italic', variant='normal', weight=400, stretch='normal', size='scalable')) = 4.6863636363636365
Sun, 22 Mar 2026 19:08:27 font_manager.py[line:1483] DEBUG findfont: score(FontEntry(fname='C:\\Windows\\Fonts\\verdanaz.ttf', name='Verdana', style='italic', variant='normal', weight=700, stretch='normal', size='scalable')) = 4.971363636363637
Sun, 22 Mar 2026 19:08:27 font_manager.py[line:1483] DEBUG findfont: score(FontEntry(fname='C:\\Windows\\Fonts\\georgia.ttf', name='Georgia', style='normal', variant='normal', weight=400, stretch='normal', size='scalable')) = 10.05
Sun, 22 Mar 2026 19:08:27 font_manager.py[line:1483] DEBUG findfont: score(FontEntry(fname='C:\\Windows\\Fonts\\georgiab.ttf', name='Georgia', style='normal', variant='normal', weight=700, stretch='normal', size='scalable')) = 10.335
Sun, 22 Mar 2026 19:08:27 font_manager.py[line:1483] DEBUG findfont: score(FontEntry(fname='C:\\Windows\\Fonts\\FREESCPT.TTF', name='Freestyle Script', style='normal', variant='normal', weight=400, stretch='normal', size='scalable')) = 10.05
Sun, 22 Mar 2026 19:08:27 font_manager.py[line:1483] DEBUG findfont: score(FontEntry(fname='C:\\Windows\\Fonts\\segoeui.ttf', name='Segoe UI', style='normal', variant='normal', weight=400, stretch='normal', size='scalable')) = 10.05
Sun, 22 Mar 2026 19:08:27 font_manager.py[line:1483] DEBUG findfont: score(FontEntry(fname='C:\\Windows\\Fonts\\PRISTINA.TTF', name='Pristina', style='normal', variant='normal', weight=400, stretch='normal', size='scalable')) = 10.05
Sun, 22 Mar 2026 19:08:27 font_manager.py[line:1483] DEBUG findfont: score(FontEntry(fname='C:\\Windows\\Fonts\\corbeli.ttf', name='Corbel', style='italic', variant='normal', weight=400, stretch='normal', size='scalable')) = 11.05
Sun, 22 Mar 2026 19:08:27 font_manager.py[line:1483] DEBUG findfont: score(FontEntry(fname='C:\\Windows\\Fonts\\PERTIBD.TTF', name='Perpetua Titling MT', style='normal', variant='normal', weight=700, stretch='normal', size='scalable')) = 10.335
Sun, 22 Mar 2026 19:08:27 font_manager.py[line:1483] DEBUG findfont: score(FontEntry(fname='C:\\Windows\\Fonts\\HATTEN.TTF', name='Haettenschweiler', style='normal', variant='normal', weight=400, stretch='normal', size='scalable')) = 10.05
Sun, 22 Mar 2026 19:08:27 font_manager.py[line:1483] DEBUG findfont: score(FontEntry(fname='C:\\Windows\\Fonts\\lucon.ttf', name='Lucida Console', style='normal', variant='normal', weight=400, stretch='normal', size='scalable')) = 10.05
Sun, 22 Mar 2026 19:08:27 font_manager.py[line:1483] DEBUG findfont: score(FontEntry(fname='C:\\Windows\\Fonts\\INFROMAN.TTF', name='Informal Roman', style='normal', variant='normal', weight=400, stretch='normal', size='scalable')) = 10.05
Sun, 22 Mar 2026 19:08:27 font_manager.py[line:1483] DEBUG findfont: score(FontEntry(fname='C:\\Windows\\Fonts\\MTEXTRA.TTF', name='MT Extra', style='normal', variant='normal', weight=400, stretch='normal', size='scalable')) = 10.05
Sun, 22 Mar 2026 19:08:27 font_manager.py[line:1483] DEBUG findfont: score(FontEntry(fname='C:\\Windows\\Fonts\\GOUDOSB.TTF', name='Goudy Old Style', style='normal', variant='normal', weight=700, stretch='normal', size='scalable')) = 10.335
Sun, 22 Mar 2026 19:08:27 font_manager.py[line:1483] DEBUG findfont: score(FontEntry(fname='C:\\Windows\\Fonts\\FRAHVIT.TTF', name='Franklin Gothic Heavy', style='italic', variant='normal', weight=400, stretch='normal', size='scalable')) = 11.05
Sun, 22 Mar 2026 19:08:27 font_manager.py[line:1483] DEBUG findfont: score(FontEntry(fname='C:\\Windows\\Fonts\\GOTHICI.TTF', name='Century Gothic', style='italic', variant='normal', weight=400, stretch='normal', size='scalable')) = 11.05
Sun, 22 Mar 2026 19:08:27 font_manager.py[line:1483] DEBUG findfont: score(FontEntry(fname='C:\\Windows\\Fonts\\BROADW.TTF', name='Broadway', style='normal', variant='normal', weight=400, stretch='normal', size='scalable')) = 10.05
Sun, 22 Mar 2026 19:08:27 font_manager.py[line:1483] DEBUG findfont: score(FontEntry(fname='C:\\Windows\\Fonts\\verdana.ttf', name='Verdana', style='normal', variant='normal', weight=400, stretch='normal', size='scalable')) = 3.6863636363636365
Sun, 22 Mar 2026 19:08:27 font_manager.py[line:1483] DEBUG findfont: score(FontEntry(fname='C:\\Windows\\Fonts\\seguili.ttf', name='Segoe UI', style='italic', variant='normal', weight=300, stretch='normal', size='scalable')) = 11.145
Sun, 22 Mar 2026 19:08:27 font_manager.py[line:1483] DEBUG findfont: score(FontEntry(fname='C:\\Windows\\Fonts\\LeelawUI.ttf', name='Leelawadee UI', style='normal', variant='normal', weight=400, stretch='normal', size='scalable')) = 10.05
Sun, 22 Mar 2026 19:08:27 font_manager.py[line:1483] DEBUG findfont: score(FontEntry(fname='C:\\Windows\\Fonts\\calibrib.ttf', name='Calibri', style='normal', variant='normal', weight=700, stretch='normal', size='scalable')) = 10.335
Sun, 22 Mar 2026 19:08:27 font_manager.py[line:1483] DEBUG findfont: score(FontEntry(fname='C:\\Windows\\Fonts\\LBRITEI.TTF', name='Lucida Bright', style='italic', variant='normal', weight=400, stretch='normal', size='scalable')) = 11.05
Sun, 22 Mar 2026 19:08:27 font_manager.py[line:1483] DEBUG findfont: score(FontEntry(fname='C:\\Windows\\Fonts\\taileb.ttf', name='Microsoft Tai Le', style='normal', variant='normal', weight=700, stretch='normal', size='scalable')) = 10.335
Sun, 22 Mar 2026 19:08:27 font_manager.py[line:1483] DEBUG findfont: score(FontEntry(fname='C:\\Windows\\Fonts\\Nirmala.ttc', name='Nirmala UI', style='normal', variant='normal', weight=400, stretch='normal', size='scalable')) = 10.05
Sun, 22 Mar 2026 19:08:27 font_manager.py[line:1483] DEBUG findfont: score(FontEntry(fname='C:\\Windows\\Fonts\\ENGR.TTF', name='Engravers MT', style='normal', variant='normal', weight=500, stretch='normal', size='scalable')) = 10.145
Sun, 22 Mar 2026 19:08:27 font_manager.py[line:1483] DEBUG findfont: score(FontEntry(fname='C:\\Windows\\Fonts\\CENTAUR.TTF', name='Centaur', style='normal', variant='normal', weight=400, stretch='normal', size='scalable')) = 10.05
Sun, 22 Mar 2026 19:08:27 font_manager.py[line:1483] DEBUG findfont: score(FontEntry(fname='C:\\Windows\\Fonts\\msjhl.ttc', name='Microsoft JhengHei', style='normal', variant='normal', weight=290, stretch='normal', size='scalable')) = 10.1545
Sun, 22 Mar 2026 19:08:27 font_manager.py[line:1483] DEBUG findfont: score(FontEntry(fname='C:\\Windows\\Fonts\\GILLUBCD.TTF', name='Gill Sans Ultra Bold Condensed', style='normal', variant='normal', weight=400, stretch='condensed', size='scalable')) = 10.25
Sun, 22 Mar 2026 19:08:27 font_manager.py[line:1483] DEBUG findfont: score(FontEntry(fname='C:\\Windows\\Fonts\\CENTURY.TTF', name='Century', style='normal', variant='normal', weight=400, stretch='normal', size='scalable')) = 10.05
Sun, 22 Mar 2026 19:08:27 font_manager.py[line:1483] DEBUG findfont: score(FontEntry(fname='C:\\Windows\\Fonts\\GOTHICBI.TTF', name='Century Gothic', style='italic', variant='normal', weight=700, stretch='normal', size='scalable')) = 11.335
Sun, 22 Mar 2026 19:08:27 font_manager.py[line:1483] DEBUG findfont: score(FontEntry(fname='C:\\Windows\\Fonts\\FRADM.TTF', name='Franklin Gothic Demi', style='normal', variant='normal', weight=400, stretch='normal', size='scalable')) = 10.05
Sun, 22 Mar 2026 19:08:27 font_manager.py[line:1483] DEBUG findfont: score(FontEntry(fname='C:\\Windows\\Fonts\\ERASLGHT.TTF', name='Eras Light ITC', style='normal', variant='normal', weight=400, stretch='normal', size='scalable')) = 10.05
Sun, 22 Mar 2026 19:08:27 font_manager.py[line:1483] DEBUG findfont: score(FontEntry(fname='C:\\Windows\\Fonts\\symbol.ttf', name='Symbol', style='normal', variant='normal', weight=400, stretch='normal', size='scalable')) = 10.05
Sun, 22 Mar 2026 19:08:27 font_manager.py[line:1483] DEBUG findfont: score(FontEntry(fname='C:\\Windows\\Fonts\\BOD_R.TTF', name='Bodoni MT', style='normal', variant='normal', weight=400, stretch='normal', size='scalable')) = 10.05
Sun, 22 Mar 2026 19:08:27 font_manager.py[line:1483] DEBUG findfont: score(FontEntry(fname='C:\\Windows\\Fonts\\LBRITE.TTF', name='Lucida Bright', style='normal', variant='normal', weight=400, stretch='normal', size='scalable')) = 10.05
Sun, 22 Mar 2026 19:08:27 font_manager.py[line:1483] DEBUG findfont: score(FontEntry(fname='C:\\Windows\\Fonts\\CALIFB.TTF', name='Californian FB', style='normal', variant='normal', weight=700, stretch='normal', size='scalable')) = 10.335
Sun, 22 Mar 2026 19:08:27 font_manager.py[line:1483] DEBUG findfont: score(FontEntry(fname='C:\\Windows\\Fonts\\sylfaen.ttf', name='Sylfaen', style='normal', variant='normal', weight=400, stretch='normal', size='scalable')) = 10.05
Sun, 22 Mar 2026 19:08:27 font_manager.py[line:1483] DEBUG findfont: score(FontEntry(fname='C:\\Windows\\Fonts\\l_10646.ttf', name='Lucida Sans Unicode', style='normal', variant='normal', weight=400, stretch='normal', size='scalable')) = 10.05
Sun, 22 Mar 2026 19:08:27 font_manager.py[line:1483] DEBUG findfont: score(FontEntry(fname='C:\\Windows\\Fonts\\segoeuiz.ttf', name='Segoe UI', style='italic', variant='normal', weight=700, stretch='normal', size='scalable')) = 11.335
Sun, 22 Mar 2026 19:08:27 font_manager.py[line:1483] DEBUG findfont: score(FontEntry(fname='C:\\Windows\\Fonts\\GOUDOS.TTF', name='Goudy Old Style', style='normal', variant='normal', weight=400, stretch='normal', size='scalable')) = 10.05
Sun, 22 Mar 2026 19:08:27 font_manager.py[line:1483] DEBUG findfont: score(FontEntry(fname='C:\\Windows\\Fonts\\constani.ttf', name='Constantia', style='italic', variant='normal', weight=400, stretch='normal', size='scalable')) = 11.05
Sun, 22 Mar 2026 19:08:27 font_manager.py[line:1483] DEBUG findfont: score(FontEntry(fname='C:\\Windows\\Fonts\\BRUSHSCI.TTF', name='Brush Script MT', style='italic', variant='normal', weight=400, stretch='normal', size='scalable')) = 11.05
Sun, 22 Mar 2026 19:08:27 font_manager.py[line:1483] DEBUG findfont: score(FontEntry(fname='C:\\Windows\\Fonts\\seguisbi.ttf', name='Segoe UI', style='italic', variant='normal', weight=600, stretch='normal', size='scalable')) = 11.24
Sun, 22 Mar 2026 19:08:27 font_manager.py[line:1483] DEBUG findfont: score(FontEntry(fname='C:\\Windows\\Fonts\\FELIXTI.TTF', name='Felix Titling', style='normal', variant='normal', weight=400, stretch='normal', size='scalable')) = 10.05
Sun, 22 Mar 2026 19:08:27 font_manager.py[line:1483] DEBUG findfont: score(FontEntry(fname='C:\\Windows\\Fonts\\comicbd.ttf', name='Comic Sans MS', style='normal', variant='normal', weight=700, stretch='normal', size='scalable')) = 10.335
Sun, 22 Mar 2026 19:08:27 font_manager.py[line:1483] DEBUG findfont: score(FontEntry(fname='C:\\Windows\\Fonts\\OCRAEXT.TTF', name='OCR A Extended', style='normal', variant='normal', weight=400, stretch='expanded', size='scalable')) = 10.25
Sun, 22 Mar 2026 19:08:27 font_manager.py[line:1483] DEBUG findfont: score(FontEntry(fname='C:\\Windows\\Fonts\\SansSerifCollection.ttf', name='Sans Serif Collection', style='normal', variant='normal', weight=400, stretch='normal', size='scalable')) = 10.05
Sun, 22 Mar 2026 19:08:27 font_manager.py[line:1483] DEBUG findfont: score(FontEntry(fname='C:\\Windows\\Fonts\\times.ttf', name='Times New Roman', style='normal', variant='normal', weight=400, stretch='normal', size='scalable')) = 10.05
Sun, 22 Mar 2026 19:08:27 font_manager.py[line:1483] DEBUG findfont: score(FontEntry(fname='C:\\Windows\\Fonts\\seguibl.ttf', name='Segoe UI', style='normal', variant='normal', weight=900, stretch='normal', size='scalable')) = 10.525
Sun, 22 Mar 2026 19:08:27 font_manager.py[line:1483] DEBUG findfont: score(FontEntry(fname='C:\\Windows\\Fonts\\LFAXI.TTF', name='Lucida Fax', style='italic', variant='normal', weight=400, stretch='normal', size='scalable')) = 11.05
Sun, 22 Mar 2026 19:08:27 font_manager.py[line:1483] DEBUG findfont: score(FontEntry(fname='C:\\Windows\\Fonts\\ROCKB.TTF', name='Rockwell', style='normal', variant='normal', weight=700, stretch='normal', size='scalable')) = 10.335
Sun, 22 Mar 2026 19:08:27 font_manager.py[line:1483] DEBUG findfont: score(FontEntry(fname='C:\\Windows\\Fonts\\BRLNSB.TTF', name='Berlin Sans FB', style='normal', variant='normal', weight=700, stretch='normal', size='scalable')) = 10.335
Sun, 22 Mar 2026 19:08:27 font_manager.py[line:1483] DEBUG findfont: score(FontEntry(fname='C:\\Windows\\Fonts\\TCCB____.TTF', name='Tw Cen MT Condensed', style='normal', variant='normal', weight=700, stretch='condensed', size='scalable')) = 10.535
Sun, 22 Mar 2026 19:08:27 font_manager.py[line:1483] DEBUG findfont: score(FontEntry(fname='C:\\Windows\\Fonts\\himalaya.ttf', name='Microsoft Himalaya', style='normal', variant='normal', weight=400, stretch='normal', size='scalable')) = 10.05
Sun, 22 Mar 2026 19:08:27 font_manager.py[line:1483] DEBUG findfont: score(FontEntry(fname='C:\\Windows\\Fonts\\msgothic.ttc', name='MS Gothic', style='normal', variant='normal', weight=400, stretch='normal', size='scalable')) = 10.05
Sun, 22 Mar 2026 19:08:27 font_manager.py[line:1483] DEBUG findfont: score(FontEntry(fname='C:\\Windows\\Fonts\\corbelz.ttf', name='Corbel', style='italic', variant='normal', weight=700, stretch='normal', size='scalable')) = 11.335
Sun, 22 Mar 2026 19:08:27 font_manager.py[line:1483] DEBUG findfont: score(FontEntry(fname='C:\\Windows\\Fonts\\ERASBD.TTF', name='Eras Bold ITC', style='normal', variant='normal', weight=400, stretch='normal', size='scalable')) = 10.05
Sun, 22 Mar 2026 19:08:27 font_manager.py[line:1483] DEBUG findfont: score(FontEntry(fname='C:\\Windows\\Fonts\\VLADIMIR.TTF', name='Vladimir Script', style='normal', variant='normal', weight=400, stretch='normal', size='scalable')) = 10.05
Sun, 22 Mar 2026 19:08:27 font_manager.py[line:1483] DEBUG findfont: score(FontEntry(fname='C:\\Windows\\Fonts\\simsunb.ttf', name='SimSun-ExtB', style='normal', variant='normal', weight=400, stretch='normal', size='scalable')) = 10.05
Sun, 22 Mar 2026 19:08:27 font_manager.py[line:1483] DEBUG findfont: score(FontEntry(fname='C:\\Windows\\Fonts\\JUICE___.TTF', name='Juice ITC', style='normal', variant='normal', weight=400, stretch='normal', size='scalable')) = 10.05
Sun, 22 Mar 2026 19:08:27 font_manager.py[line:1483] DEBUG findfont: score(FontEntry(fname='C:\\Windows\\Fonts\\SCRIPTBL.TTF', name='Script MT Bold', style='normal', variant='normal', weight=700, stretch='normal', size='scalable')) = 10.335
Sun, 22 Mar 2026 19:08:27 font_manager.py[line:1483] DEBUG findfont: score(FontEntry(fname='C:\\Windows\\Fonts\\msjh.ttc', name='Microsoft JhengHei', style='normal', variant='normal', weight=400, stretch='normal', size='scalable')) = 10.05
Sun, 22 Mar 2026 19:08:27 font_manager.py[line:1483] DEBUG findfont: score(FontEntry(fname='C:\\Windows\\Fonts\\MISTRAL.TTF', name='Mistral', style='normal', variant='normal', weight=400, stretch='normal', size='scalable')) = 10.05
Sun, 22 Mar 2026 19:08:27 font_manager.py[line:1483] DEBUG findfont: score(FontEntry(fname='C:\\Windows\\Fonts\\ROCKEB.TTF', name='Rockwell Extra Bold', style='normal', variant='normal', weight=800, stretch='normal', size='scalable')) = 10.43
Sun, 22 Mar 2026 19:08:27 font_manager.py[line:1483] DEBUG findfont: score(FontEntry(fname='C:\\Windows\\Fonts\\consola.ttf', name='Consolas', style='normal', variant='normal', weight=400, stretch='normal', size='scalable')) = 10.05
Sun, 22 Mar 2026 19:08:27 font_manager.py[line:1483] DEBUG findfont: score(FontEntry(fname='C:\\Windows\\Fonts\\REFSAN.TTF', name='MS Reference Sans Serif', style='normal', variant='normal', weight=400, stretch='normal', size='scalable')) = 10.05
Sun, 22 Mar 2026 19:08:27 font_manager.py[line:1483] DEBUG findfont: score(FontEntry(fname='C:\\Windows\\Fonts\\seguisli.ttf', name='Segoe UI', style='italic', variant='normal', weight=350, stretch='normal', size='scalable')) = 11.0975
Sun, 22 Mar 2026 19:08:27 font_manager.py[line:1483] DEBUG findfont: score(FontEntry(fname='C:\\Windows\\Fonts\\TCBI____.TTF', name='Tw Cen MT', style='italic', variant='normal', weight=700, stretch='normal', size='scalable')) = 11.335
Sun, 22 Mar 2026 19:08:27 font_manager.py[line:1483] DEBUG findfont: score(FontEntry(fname='C:\\Windows\\Fonts\\ARIALNI.TTF', name='Arial', style='italic', variant='normal', weight=400, stretch='condensed', size='scalable')) = 7.613636363636363
Sun, 22 Mar 2026 19:08:27 font_manager.py[line:1483] DEBUG findfont: score(FontEntry(fname='C:\\Windows\\Fonts\\calibrili.ttf', name='Calibri', style='italic', variant='normal', weight=300, stretch='normal', size='scalable')) = 11.145
Sun, 22 Mar 2026 19:08:27 font_manager.py[line:1483] DEBUG findfont: score(FontEntry(fname='C:\\Windows\\Fonts\\cour.ttf', name='Courier New', style='normal', variant='normal', weight=400, stretch='normal', size='scalable')) = 10.05
Sun, 22 Mar 2026 19:08:27 font_manager.py[line:1483] DEBUG findfont: score(FontEntry(fname='C:\\Windows\\Fonts\\CHILLER.TTF', name='Chiller', style='normal', variant='normal', weight=400, stretch='normal', size='scalable')) = 10.05
Sun, 22 Mar 2026 19:08:27 font_manager.py[line:1483] DEBUG findfont: score(FontEntry(fname='C:\\Windows\\Fonts\\WINGDNG3.TTF', name='Wingdings 3', style='normal', variant='normal', weight=400, stretch='normal', size='scalable')) = 10.05
Sun, 22 Mar 2026 19:08:27 font_manager.py[line:1483] DEBUG findfont: score(FontEntry(fname='C:\\Windows\\Fonts\\Inkfree.ttf', name='Ink Free', style='normal', variant='normal', weight=400, stretch='normal', size='scalable')) = 10.05
Sun, 22 Mar 2026 19:08:27 font_manager.py[line:1483] DEBUG findfont: score(FontEntry(fname='C:\\Windows\\Fonts\\trebucit.ttf', name='Trebuchet MS', style='italic', variant='normal', weight=400, stretch='normal', size='scalable')) = 11.05
Sun, 22 Mar 2026 19:08:27 font_manager.py[line:1483] DEBUG findfont: score(FontEntry(fname='C:\\Windows\\Fonts\\seguisb.ttf', name='Segoe UI', style='normal', variant='normal', weight=600, stretch='normal', size='scalable')) = 10.24
Sun, 22 Mar 2026 19:08:27 font_manager.py[line:1483] DEBUG findfont: score(FontEntry(fname='C:\\Windows\\Fonts\\BOOKOSI.TTF', name='Bookman Old Style', style='italic', variant='normal', weight=300, stretch='normal', size='scalable')) = 11.145
Sun, 22 Mar 2026 19:08:27 font_manager.py[line:1483] DEBUG findfont: score(FontEntry(fname='C:\\Windows\\Fonts\\segoeprb.ttf', name='Segoe Print', style='normal', variant='normal', weight=700, stretch='normal', size='scalable')) = 10.335
Sun, 22 Mar 2026 19:08:27 font_manager.py[line:1483] DEBUG findfont: score(FontEntry(fname='C:\\Windows\\Fonts\\FORTE.TTF', name='Forte', style='normal', variant='normal', weight=400, stretch='normal', size='scalable')) = 10.05
Sun, 22 Mar 2026 19:08:27 font_manager.py[line:1483] DEBUG findfont: score(FontEntry(fname='C:\\Windows\\Fonts\\ANTQUABI.TTF', name='Book Antiqua', style='italic', variant='normal', weight=700, stretch='normal', size='scalable')) = 11.335
Sun, 22 Mar 2026 19:08:27 font_manager.py[line:1483] DEBUG findfont: score(FontEntry(fname='C:\\Windows\\Fonts\\ERASMD.TTF', name='Eras Medium ITC', style='normal', variant='normal', weight=400, stretch='normal', size='scalable')) = 10.05
Sun, 22 Mar 2026 19:08:27 font_manager.py[line:1483] DEBUG findfont: score(FontEntry(fname='C:\\Windows\\Fonts\\KUNSTLER.TTF', name='Kunstler Script', style='normal', variant='normal', weight=400, stretch='normal', size='scalable')) = 10.05
Sun, 22 Mar 2026 19:08:27 font_manager.py[line:1483] DEBUG findfont: score(FontEntry(fname='C:\\Windows\\Fonts\\GLSNECB.TTF', name='Gill Sans MT Ext Condensed Bold', style='normal', variant='normal', weight=400, stretch='condensed', size='scalable')) = 10.25
Sun, 22 Mar 2026 19:08:27 font_manager.py[line:1483] DEBUG findfont: score(FontEntry(fname='C:\\Windows\\Fonts\\TCCEB.TTF', name='Tw Cen MT Condensed Extra Bold', style='normal', variant='normal', weight=400, stretch='condensed', size='scalable')) = 10.25
Sun, 22 Mar 2026 19:08:27 font_manager.py[line:1483] DEBUG findfont: score(FontEntry(fname='C:\\Windows\\Fonts\\ELEPHNTI.TTF', name='Elephant', style='italic', variant='normal', weight=400, stretch='normal', size='scalable')) = 11.05
Sun, 22 Mar 2026 19:08:27 font_manager.py[line:1483] DEBUG findfont: score(FontEntry(fname='C:\\Windows\\Fonts\\LTYPEO.TTF', name='Lucida Sans Typewriter', style='oblique', variant='normal', weight=400, stretch='normal', size='scalable')) = 11.05
Sun, 22 Mar 2026 19:08:27 font_manager.py[line:1483] DEBUG findfont: score(FontEntry(fname='C:\\Windows\\Fonts\\DUBAI-LIGHT.TTF', name='Dubai', style='normal', variant='normal', weight=300, stretch='normal', size='scalable')) = 10.145
Sun, 22 Mar 2026 19:08:27 font_manager.py[line:1483] DEBUG findfont: score(FontEntry(fname='C:\\Windows\\Fonts\\palai.ttf', name='Palatino Linotype', style='italic', variant='normal', weight=400, stretch='normal', size='scalable')) = 11.05
Sun, 22 Mar 2026 19:08:27 font_manager.py[line:1483] DEBUG findfont: score(FontEntry(fname='C:\\Windows\\Fonts\\MOD20.TTF', name='Modern No. 20', style='normal', variant='normal', weight=400, stretch='normal', size='scalable')) = 10.05
Sun, 22 Mar 2026 19:08:27 font_manager.py[line:1483] DEBUG findfont: score(FontEntry(fname='C:\\Windows\\Fonts\\BOOKOS.TTF', name='Bookman Old Style', style='normal', variant='normal', weight=300, stretch='normal', size='scalable')) = 10.145
Sun, 22 Mar 2026 19:08:27 font_manager.py[line:1483] DEBUG findfont: score(FontEntry(fname='C:\\Windows\\Fonts\\BOD_BLAR.TTF', name='Bodoni MT', style='normal', variant='normal', weight=900, stretch='normal', size='scalable')) = 10.525
Sun, 22 Mar 2026 19:08:27 font_manager.py[line:1483] DEBUG findfont: score(FontEntry(fname='C:\\Windows\\Fonts\\GOTHIC.TTF', name='Century Gothic', style='normal', variant='normal', weight=400, stretch='normal', size='scalable')) = 10.05
Sun, 22 Mar 2026 19:08:27 font_manager.py[line:1483] DEBUG findfont: score(FontEntry(fname='C:\\Windows\\Fonts\\arial.ttf', name='Arial', style='normal', variant='normal', weight=400, stretch='normal', size='scalable')) = 6.413636363636363
Sun, 22 Mar 2026 19:08:27 font_manager.py[line:1483] DEBUG findfont: score(FontEntry(fname='C:\\Windows\\Fonts\\comici.ttf', name='Comic Sans MS', style='italic', variant='normal', weight=400, stretch='normal', size='scalable')) = 11.05
Sun, 22 Mar 2026 19:08:27 font_manager.py[line:1483] DEBUG findfont: score(FontEntry(fname='C:\\Windows\\Fonts\\Candara.ttf', name='Candara', style='normal', variant='normal', weight=400, stretch='normal', size='scalable')) = 10.05
Sun, 22 Mar 2026 19:08:27 font_manager.py[line:1483] DEBUG findfont: score(FontEntry(fname='C:\\Windows\\Fonts\\malgun.ttf', name='Malgun Gothic', style='normal', variant='normal', weight=400, stretch='normal', size='scalable')) = 10.05
Sun, 22 Mar 2026 19:08:27 font_manager.py[line:1483] DEBUG findfont: score(FontEntry(fname='C:\\Windows\\Fonts\\BRITANIC.TTF', name='Britannic Bold', style='normal', variant='normal', weight=400, stretch='normal', size='scalable')) = 10.05
Sun, 22 Mar 2026 19:08:27 font_manager.py[line:1483] DEBUG findfont: score(FontEntry(fname='C:\\Windows\\Fonts\\COPRGTL.TTF', name='Copperplate Gothic Light', style='normal', variant='normal', weight=400, stretch='normal', size='scalable')) = 10.05
Sun, 22 Mar 2026 19:08:27 font_manager.py[line:1483] DEBUG findfont: score(FontEntry(fname='C:\\Windows\\Fonts\\YuGothM.ttc', name='Yu Gothic', style='normal', variant='normal', weight=500, stretch='normal', size='scalable')) = 10.145
Sun, 22 Mar 2026 19:08:27 font_manager.py[line:1483] DEBUG findfont: score(FontEntry(fname='C:\\Windows\\Fonts\\VINERITC.TTF', name='Viner Hand ITC', style='normal', variant='normal', weight=400, stretch='normal', size='scalable')) = 10.05
Sun, 22 Mar 2026 19:08:27 font_manager.py[line:1483] DEBUG findfont: score(FontEntry(fname='C:\\Windows\\Fonts\\DUBAI-REGULAR.TTF', name='Dubai', style='normal', variant='normal', weight=400, stretch='normal', size='scalable')) = 10.05
Sun, 22 Mar 2026 19:08:27 font_manager.py[line:1483] DEBUG findfont: score(FontEntry(fname='C:\\Windows\\Fonts\\seguisym.ttf', name='Segoe UI Symbol', style='normal', variant='normal', weight=400, stretch='normal', size='scalable')) = 10.05
Sun, 22 Mar 2026 19:08:27 font_manager.py[line:1483] DEBUG findfont: score(FontEntry(fname='C:\\Windows\\Fonts\\BELLB.TTF', name='Bell MT', style='normal', variant='normal', weight=700, stretch='normal', size='scalable')) = 10.335
Sun, 22 Mar 2026 19:08:27 font_manager.py[line:1483] DEBUG findfont: score(FontEntry(fname='C:\\Windows\\Fonts\\georgiaz.ttf', name='Georgia', style='italic', variant='normal', weight=700, stretch='normal', size='scalable')) = 11.335
Sun, 22 Mar 2026 19:08:27 font_manager.py[line:1483] DEBUG findfont: score(FontEntry(fname='C:\\Windows\\Fonts\\RAGE.TTF', name='Rage Italic', style='italic', variant='normal', weight=400, stretch='normal', size='scalable')) = 11.05
Sun, 22 Mar 2026 19:08:27 font_manager.py[line:1483] DEBUG findfont: score(FontEntry(fname='C:\\Windows\\Fonts\\arialbi.ttf', name='Arial', style='italic', variant='normal', weight=700, stretch='normal', size='scalable')) = 7.698636363636363
Sun, 22 Mar 2026 19:08:27 font_manager.py[line:1483] DEBUG findfont: score(FontEntry(fname='C:\\Windows\\Fonts\\GOUDYSTO.TTF', name='Goudy Stout', style='normal', variant='normal', weight=400, stretch='normal', size='scalable')) = 10.05
Sun, 22 Mar 2026 19:08:27 font_manager.py[line:1483] DEBUG findfont: score(FontEntry(fname='C:\\Windows\\Fonts\\calibril.ttf', name='Calibri', style='normal', variant='normal', weight=300, stretch='normal', size='scalable')) = 10.145
Sun, 22 Mar 2026 19:08:27 font_manager.py[line:1483] DEBUG findfont: score(FontEntry(fname='C:\\Windows\\Fonts\\msyh.ttc', name='Microsoft YaHei', style='normal', variant='normal', weight=400, stretch='normal', size='scalable')) = 10.05
Sun, 22 Mar 2026 19:08:27 font_manager.py[line:1483] DEBUG findfont: score(FontEntry(fname='C:\\Windows\\Fonts\\ariblk.ttf', name='Arial', style='normal', variant='normal', weight=900, stretch='normal', size='scalable')) = 6.888636363636364
Sun, 22 Mar 2026 19:08:27 font_manager.py[line:1483] DEBUG findfont: score(FontEntry(fname='C:\\Windows\\Fonts\\TCMI____.TTF', name='Tw Cen MT', style='italic', variant='normal', weight=400, stretch='normal', size='scalable')) = 11.05
Sun, 22 Mar 2026 19:08:27 font_manager.py[line:1483] DEBUG findfont: score(FontEntry(fname='C:\\Windows\\Fonts\\phagspa.ttf', name='Microsoft PhagsPa', style='normal', variant='normal', weight=400, stretch='normal', size='scalable')) = 10.05
Sun, 22 Mar 2026 19:08:27 font_manager.py[line:1483] DEBUG findfont: score(FontEntry(fname='C:\\Windows\\Fonts\\webdings.ttf', name='Webdings', style='normal', variant='normal', weight=400, stretch='normal', size='scalable')) = 10.05
Sun, 22 Mar 2026 19:08:27 font_manager.py[line:1483] DEBUG findfont: score(FontEntry(fname='C:\\Windows\\Fonts\\couri.ttf', name='Courier New', style='italic', variant='normal', weight=400, stretch='normal', size='scalable')) = 11.05
Sun, 22 Mar 2026 19:08:27 font_manager.py[line:1483] DEBUG findfont: score(FontEntry(fname='C:\\Windows\\Fonts\\ITCBLKAD.TTF', name='Blackadder ITC', style='normal', variant='normal', weight=400, stretch='normal', size='scalable')) = 10.05
Sun, 22 Mar 2026 19:08:27 font_manager.py[line:1515] DEBUG findfont: Matching sans\-serif:style=normal:variant=normal:weight=normal:stretch=normal:size=15.0 to DejaVu Sans ('C:\\detect cough\\detect-cough-disease-with-CovNet\\.venv\\Lib\\site-packages\\matplotlib\\mpl-data\\fonts\\ttf\\DejaVuSans.ttf') with score of 0.050000.
Sun, 22 Mar 2026 19:08:27 font_manager.py[line:1471] DEBUG findfont: Matching sans\-serif:style=normal:variant=normal:weight=normal:stretch=normal:size=12.0.
Sun, 22 Mar 2026 19:08:27 font_manager.py[line:1483] DEBUG findfont: score(FontEntry(fname='C:\\detect cough\\detect-cough-disease-with-CovNet\\.venv\\Lib\\site-packages\\matplotlib\\mpl-data\\fonts\\ttf\\cmsy10.ttf', name='cmsy10', style='normal', variant='normal', weight=400, stretch='normal', size='scalable')) = 10.05
Sun, 22 Mar 2026 19:08:27 font_manager.py[line:1483] DEBUG findfont: score(FontEntry(fname='C:\\detect cough\\detect-cough-disease-with-CovNet\\.venv\\Lib\\site-packages\\matplotlib\\mpl-data\\fonts\\ttf\\DejaVuSerif.ttf', name='DejaVu Serif', style='normal', variant='normal', weight=400, stretch='normal', size='scalable')) = 10.05
Sun, 22 Mar 2026 19:08:27 font_manager.py[line:1483] DEBUG findfont: score(FontEntry(fname='C:\\detect cough\\detect-cough-disease-with-CovNet\\.venv\\Lib\\site-packages\\matplotlib\\mpl-data\\fonts\\ttf\\DejaVuSansMono-Oblique.ttf', name='DejaVu Sans Mono', style='oblique', variant='normal', weight=400, stretch='normal', size='scalable')) = 11.05
Sun, 22 Mar 2026 19:08:27 font_manager.py[line:1483] DEBUG findfont: score(FontEntry(fname='C:\\detect cough\\detect-cough-disease-with-CovNet\\.venv\\Lib\\site-packages\\matplotlib\\mpl-data\\fonts\\ttf\\cmr10.ttf', name='cmr10', style='normal', variant='normal', weight=400, stretch='normal', size='scalable')) = 10.05
Sun, 22 Mar 2026 19:08:27 font_manager.py[line:1483] DEBUG findfont: score(FontEntry(fname='C:\\detect cough\\detect-cough-disease-with-CovNet\\.venv\\Lib\\site-packages\\matplotlib\\mpl-data\\fonts\\ttf\\DejaVuSerif-BoldItalic.ttf', name='DejaVu Serif', style='italic', variant='normal', weight=700, stretch='normal', size='scalable')) = 11.335
Sun, 22 Mar 2026 19:08:27 font_manager.py[line:1483] DEBUG findfont: score(FontEntry(fname='C:\\detect cough\\detect-cough-disease-with-CovNet\\.venv\\Lib\\site-packages\\matplotlib\\mpl-data\\fonts\\ttf\\STIXGeneralBol.ttf', name='STIXGeneral', style='normal', variant='normal', weight=700, stretch='normal', size='scalable')) = 10.335
Sun, 22 Mar 2026 19:08:27 font_manager.py[line:1483] DEBUG findfont: score(FontEntry(fname='C:\\detect cough\\detect-cough-disease-with-CovNet\\.venv\\Lib\\site-packages\\matplotlib\\mpl-data\\fonts\\ttf\\DejaVuSerifDisplay.ttf', name='DejaVu Serif Display', style='normal', variant='normal', weight=400, stretch='normal', size='scalable')) = 10.05
Sun, 22 Mar 2026 19:08:27 font_manager.py[line:1483] DEBUG findfont: score(FontEntry(fname='C:\\detect cough\\detect-cough-disease-with-CovNet\\.venv\\Lib\\site-packages\\matplotlib\\mpl-data\\fonts\\ttf\\STIXGeneralBolIta.ttf', name='STIXGeneral', style='italic', variant='normal', weight=700, stretch='normal', size='scalable')) = 11.335
Sun, 22 Mar 2026 19:08:27 font_manager.py[line:1483] DEBUG findfont: score(FontEntry(fname='C:\\detect cough\\detect-cough-disease-with-CovNet\\.venv\\Lib\\site-packages\\matplotlib\\mpl-data\\fonts\\ttf\\STIXNonUniBolIta.ttf', name='STIXNonUnicode', style='italic', variant='normal', weight=700, stretch='normal', size='scalable')) = 11.335
Sun, 22 Mar 2026 19:08:27 font_manager.py[line:1483] DEBUG findfont: score(FontEntry(fname='C:\\detect cough\\detect-cough-disease-with-CovNet\\.venv\\Lib\\site-packages\\matplotlib\\mpl-data\\fonts\\ttf\\DejaVuSansMono-Bold.ttf', name='DejaVu Sans Mono', style='normal', variant='normal', weight=700, stretch='normal', size='scalable')) = 10.335
Sun, 22 Mar 2026 19:08:27 font_manager.py[line:1483] DEBUG findfont: score(FontEntry(fname='C:\\detect cough\\detect-cough-disease-with-CovNet\\.venv\\Lib\\site-packages\\matplotlib\\mpl-data\\fonts\\ttf\\DejaVuSansDisplay.ttf', name='DejaVu Sans Display', style='normal', variant='normal', weight=400, stretch='normal', size='scalable')) = 10.05
Sun, 22 Mar 2026 19:08:27 font_manager.py[line:1483] DEBUG findfont: score(FontEntry(fname='C:\\detect cough\\detect-cough-disease-with-CovNet\\.venv\\Lib\\site-packages\\matplotlib\\mpl-data\\fonts\\ttf\\DejaVuSerif-Bold.ttf', name='DejaVu Serif', style='normal', variant='normal', weight=700, stretch='normal', size='scalable')) = 10.335
Sun, 22 Mar 2026 19:08:27 font_manager.py[line:1483] DEBUG findfont: score(FontEntry(fname='C:\\detect cough\\detect-cough-disease-with-CovNet\\.venv\\Lib\\site-packages\\matplotlib\\mpl-data\\fonts\\ttf\\DejaVuSerif-Italic.ttf', name='DejaVu Serif', style='italic', variant='normal', weight=400, stretch='normal', size='scalable')) = 11.05
Sun, 22 Mar 2026 19:08:27 font_manager.py[line:1483] DEBUG findfont: score(FontEntry(fname='C:\\detect cough\\detect-cough-disease-with-CovNet\\.venv\\Lib\\site-packages\\matplotlib\\mpl-data\\fonts\\ttf\\cmb10.ttf', name='cmb10', style='normal', variant='normal', weight=400, stretch='normal', size='scalable')) = 10.05
Sun, 22 Mar 2026 19:08:27 font_manager.py[line:1483] DEBUG findfont: score(FontEntry(fname='C:\\detect cough\\detect-cough-disease-with-CovNet\\.venv\\Lib\\site-packages\\matplotlib\\mpl-data\\fonts\\ttf\\DejaVuSans.ttf', name='DejaVu Sans', style='normal', variant='normal', weight=400, stretch='normal', size='scalable')) = 0.05
Sun, 22 Mar 2026 19:08:27 font_manager.py[line:1483] DEBUG findfont: score(FontEntry(fname='C:\\detect cough\\detect-cough-disease-with-CovNet\\.venv\\Lib\\site-packages\\matplotlib\\mpl-data\\fonts\\ttf\\STIXSizFiveSymReg.ttf', name='STIXSizeFiveSym', style='normal', variant='normal', weight=400, stretch='normal', size='scalable')) = 10.05
Sun, 22 Mar 2026 19:08:27 font_manager.py[line:1483] DEBUG findfont: score(FontEntry(fname='C:\\detect cough\\detect-cough-disease-with-CovNet\\.venv\\Lib\\site-packages\\matplotlib\\mpl-data\\fonts\\ttf\\STIXNonUniIta.ttf', name='STIXNonUnicode', style='italic', variant='normal', weight=400, stretch='normal', size='scalable')) = 11.05
Sun, 22 Mar 2026 19:08:27 font_manager.py[line:1483] DEBUG findfont: score(FontEntry(fname='C:\\detect cough\\detect-cough-disease-with-CovNet\\.venv\\Lib\\site-packages\\matplotlib\\mpl-data\\fonts\\ttf\\DejaVuSansMono-BoldOblique.ttf', name='DejaVu Sans Mono', style='oblique', variant='normal', weight=700, stretch='normal', size='scalable')) = 11.335
Sun, 22 Mar 2026 19:08:27 font_manager.py[line:1483] DEBUG findfont: score(FontEntry(fname='C:\\detect cough\\detect-cough-disease-with-CovNet\\.venv\\Lib\\site-packages\\matplotlib\\mpl-data\\fonts\\ttf\\DejaVuSans-Oblique.ttf', name='DejaVu Sans', style='oblique', variant='normal', weight=400, stretch='normal', size='scalable')) = 1.05
Sun, 22 Mar 2026 19:08:27 font_manager.py[line:1483] DEBUG findfont: score(FontEntry(fname='C:\\detect cough\\detect-cough-disease-with-CovNet\\.venv\\Lib\\site-packages\\matplotlib\\mpl-data\\fonts\\ttf\\DejaVuSans-BoldOblique.ttf', name='DejaVu Sans', style='oblique', variant='normal', weight=700, stretch='normal', size='scalable')) = 1.335
Sun, 22 Mar 2026 19:08:27 font_manager.py[line:1483] DEBUG findfont: score(FontEntry(fname='C:\\detect cough\\detect-cough-disease-with-CovNet\\.venv\\Lib\\site-packages\\matplotlib\\mpl-data\\fonts\\ttf\\STIXSizOneSymReg.ttf', name='STIXSizeOneSym', style='normal', variant='normal', weight=400, stretch='normal', size='scalable')) = 10.05
Sun, 22 Mar 2026 19:08:27 font_manager.py[line:1483] DEBUG findfont: score(FontEntry(fname='C:\\detect cough\\detect-cough-disease-with-CovNet\\.venv\\Lib\\site-packages\\matplotlib\\mpl-data\\fonts\\ttf\\DejaVuSansMono.ttf', name='DejaVu Sans Mono', style='normal', variant='normal', weight=400, stretch='normal', size='scalable')) = 10.05
Sun, 22 Mar 2026 19:08:27 font_manager.py[line:1483] DEBUG findfont: score(FontEntry(fname='C:\\detect cough\\detect-cough-disease-with-CovNet\\.venv\\Lib\\site-packages\\matplotlib\\mpl-data\\fonts\\ttf\\STIXSizFourSymReg.ttf', name='STIXSizeFourSym', style='normal', variant='normal', weight=400, stretch='normal', size='scalable')) = 10.05
Sun, 22 Mar 2026 19:08:27 font_manager.py[line:1483] DEBUG findfont: score(FontEntry(fname='C:\\detect cough\\detect-cough-disease-with-CovNet\\.venv\\Lib\\site-packages\\matplotlib\\mpl-data\\fonts\\ttf\\STIXSizTwoSymReg.ttf', name='STIXSizeTwoSym', style='normal', variant='normal', weight=400, stretch='normal', size='scalable')) = 10.05
Sun, 22 Mar 2026 19:08:27 font_manager.py[line:1483] DEBUG findfont: score(FontEntry(fname='C:\\detect cough\\detect-cough-disease-with-CovNet\\.venv\\Lib\\site-packages\\matplotlib\\mpl-data\\fonts\\ttf\\STIXNonUniBol.ttf', name='STIXNonUnicode', style='normal', variant='normal', weight=700, stretch='normal', size='scalable')) = 10.335
Sun, 22 Mar 2026 19:08:27 font_manager.py[line:1483] DEBUG findfont: score(FontEntry(fname='C:\\detect cough\\detect-cough-disease-with-CovNet\\.venv\\Lib\\site-packages\\matplotlib\\mpl-data\\fonts\\ttf\\STIXSizTwoSymBol.ttf', name='STIXSizeTwoSym', style='normal', variant='normal', weight=700, stretch='normal', size='scalable')) = 10.335
Sun, 22 Mar 2026 19:08:27 font_manager.py[line:1483] DEBUG findfont: score(FontEntry(fname='C:\\detect cough\\detect-cough-disease-with-CovNet\\.venv\\Lib\\site-packages\\matplotlib\\mpl-data\\fonts\\ttf\\STIXSizThreeSymBol.ttf', name='STIXSizeThreeSym', style='normal', variant='normal', weight=700, stretch='normal', size='scalable')) = 10.335
Sun, 22 Mar 2026 19:08:27 font_manager.py[line:1483] DEBUG findfont: score(FontEntry(fname='C:\\detect cough\\detect-cough-disease-with-CovNet\\.venv\\Lib\\site-packages\\matplotlib\\mpl-data\\fonts\\ttf\\cmss10.ttf', name='cmss10', style='normal', variant='normal', weight=400, stretch='normal', size='scalable')) = 10.05
Sun, 22 Mar 2026 19:08:27 font_manager.py[line:1483] DEBUG findfont: score(FontEntry(fname='C:\\detect cough\\detect-cough-disease-with-CovNet\\.venv\\Lib\\site-packages\\matplotlib\\mpl-data\\fonts\\ttf\\STIXSizFourSymBol.ttf', name='STIXSizeFourSym', style='normal', variant='normal', weight=700, stretch='normal', size='scalable')) = 10.335
Sun, 22 Mar 2026 19:08:27 font_manager.py[line:1483] DEBUG findfont: score(FontEntry(fname='C:\\detect cough\\detect-cough-disease-with-CovNet\\.venv\\Lib\\site-packages\\matplotlib\\mpl-data\\fonts\\ttf\\cmmi10.ttf', name='cmmi10', style='normal', variant='normal', weight=400, stretch='normal', size='scalable')) = 10.05
Sun, 22 Mar 2026 19:08:27 font_manager.py[line:1483] DEBUG findfont: score(FontEntry(fname='C:\\detect cough\\detect-cough-disease-with-CovNet\\.venv\\Lib\\site-packages\\matplotlib\\mpl-data\\fonts\\ttf\\STIXNonUni.ttf', name='STIXNonUnicode', style='normal', variant='normal', weight=400, stretch='normal', size='scalable')) = 10.05
Sun, 22 Mar 2026 19:08:27 font_manager.py[line:1483] DEBUG findfont: score(FontEntry(fname='C:\\detect cough\\detect-cough-disease-with-CovNet\\.venv\\Lib\\site-packages\\matplotlib\\mpl-data\\fonts\\ttf\\cmex10.ttf', name='cmex10', style='normal', variant='normal', weight=400, stretch='normal', size='scalable')) = 10.05
Sun, 22 Mar 2026 19:08:27 font_manager.py[line:1483] DEBUG findfont: score(FontEntry(fname='C:\\detect cough\\detect-cough-disease-with-CovNet\\.venv\\Lib\\site-packages\\matplotlib\\mpl-data\\fonts\\ttf\\STIXSizOneSymBol.ttf', name='STIXSizeOneSym', style='normal', variant='normal', weight=700, stretch='normal', size='scalable')) = 10.335
Sun, 22 Mar 2026 19:08:27 font_manager.py[line:1483] DEBUG findfont: score(FontEntry(fname='C:\\detect cough\\detect-cough-disease-with-CovNet\\.venv\\Lib\\site-packages\\matplotlib\\mpl-data\\fonts\\ttf\\STIXGeneralItalic.ttf', name='STIXGeneral', style='italic', variant='normal', weight=400, stretch='normal', size='scalable')) = 11.05
Sun, 22 Mar 2026 19:08:27 font_manager.py[line:1483] DEBUG findfont: score(FontEntry(fname='C:\\detect cough\\detect-cough-disease-with-CovNet\\.venv\\Lib\\site-packages\\matplotlib\\mpl-data\\fonts\\ttf\\STIXSizThreeSymReg.ttf', name='STIXSizeThreeSym', style='normal', variant='normal', weight=400, stretch='normal', size='scalable')) = 10.05
Sun, 22 Mar 2026 19:08:27 font_manager.py[line:1483] DEBUG findfont: score(FontEntry(fname='C:\\detect cough\\detect-cough-disease-with-CovNet\\.venv\\Lib\\site-packages\\matplotlib\\mpl-data\\fonts\\ttf\\DejaVuSans-Bold.ttf', name='DejaVu Sans', style='normal', variant='normal', weight=700, stretch='normal', size='scalable')) = 0.33499999999999996
Sun, 22 Mar 2026 19:08:27 font_manager.py[line:1483] DEBUG findfont: score(FontEntry(fname='C:\\detect cough\\detect-cough-disease-with-CovNet\\.venv\\Lib\\site-packages\\matplotlib\\mpl-data\\fonts\\ttf\\cmtt10.ttf', name='cmtt10', style='normal', variant='normal', weight=400, stretch='normal', size='scalable')) = 10.05
Sun, 22 Mar 2026 19:08:27 font_manager.py[line:1483] DEBUG findfont: score(FontEntry(fname='C:\\detect cough\\detect-cough-disease-with-CovNet\\.venv\\Lib\\site-packages\\matplotlib\\mpl-data\\fonts\\ttf\\STIXGeneral.ttf', name='STIXGeneral', style='normal', variant='normal', weight=400, stretch='normal', size='scalable')) = 10.05
Sun, 22 Mar 2026 19:08:27 font_manager.py[line:1483] DEBUG findfont: score(FontEntry(fname='C:\\Windows\\Fonts\\HARLOWSI.TTF', name='Harlow Solid Italic', style='italic', variant='normal', weight=400, stretch='normal', size='scalable')) = 11.05
Sun, 22 Mar 2026 19:08:27 font_manager.py[line:1483] DEBUG findfont: score(FontEntry(fname='C:\\Windows\\Fonts\\trebuc.ttf', name='Trebuchet MS', style='normal', variant='normal', weight=400, stretch='normal', size='scalable')) = 10.05
Sun, 22 Mar 2026 19:08:27 font_manager.py[line:1483] DEBUG findfont: score(FontEntry(fname='C:\\Windows\\Fonts\\seguiemj.ttf', name='Segoe UI Emoji', style='normal', variant='normal', weight=400, stretch='normal', size='scalable')) = 10.05
Sun, 22 Mar 2026 19:08:27 font_manager.py[line:1483] DEBUG findfont: score(FontEntry(fname='C:\\Windows\\Fonts\\ROCCB___.TTF', name='Rockwell Condensed', style='normal', variant='normal', weight=700, stretch='condensed', size='scalable')) = 10.535
Sun, 22 Mar 2026 19:08:27 font_manager.py[line:1483] DEBUG findfont: score(FontEntry(fname='C:\\Windows\\Fonts\\FRABKIT.TTF', name='Franklin Gothic Book', style='italic', variant='normal', weight=400, stretch='normal', size='scalable')) = 11.05
Sun, 22 Mar 2026 19:08:27 font_manager.py[line:1483] DEBUG findfont: score(FontEntry(fname='C:\\Windows\\Fonts\\FRABK.TTF', name='Franklin Gothic Book', style='normal', variant='normal', weight=400, stretch='normal', size='scalable')) = 10.05
Sun, 22 Mar 2026 19:08:27 font_manager.py[line:1483] DEBUG findfont: score(FontEntry(fname='C:\\Windows\\Fonts\\georgiai.ttf', name='Georgia', style='italic', variant='normal', weight=400, stretch='normal', size='scalable')) = 11.05
Sun, 22 Mar 2026 19:08:27 font_manager.py[line:1483] DEBUG findfont: score(FontEntry(fname='C:\\Windows\\Fonts\\LSANS.TTF', name='Lucida Sans', style='normal', variant='normal', weight=400, stretch='normal', size='scalable')) = 10.05
Sun, 22 Mar 2026 19:08:27 font_manager.py[line:1483] DEBUG findfont: score(FontEntry(fname='C:\\Windows\\Fonts\\GOTHICB.TTF', name='Century Gothic', style='normal', variant='normal', weight=700, stretch='normal', size='scalable')) = 10.335
Sun, 22 Mar 2026 19:08:27 font_manager.py[line:1483] DEBUG findfont: score(FontEntry(fname='C:\\Windows\\Fonts\\malgunbd.ttf', name='Malgun Gothic', style='normal', variant='normal', weight=700, stretch='normal', size='scalable')) = 10.335
Sun, 22 Mar 2026 19:08:27 font_manager.py[line:1483] DEBUG findfont: score(FontEntry(fname='C:\\Windows\\Fonts\\LBRITEDI.TTF', name='Lucida Bright', style='italic', variant='normal', weight=600, stretch='normal', size='scalable')) = 11.24
Sun, 22 Mar 2026 19:08:27 font_manager.py[line:1483] DEBUG findfont: score(FontEntry(fname='C:\\Windows\\Fonts\\BKANT.TTF', name='Book Antiqua', style='normal', variant='normal', weight=400, stretch='normal', size='scalable')) = 10.05
Sun, 22 Mar 2026 19:08:27 font_manager.py[line:1483] DEBUG findfont: score(FontEntry(fname='C:\\Windows\\Fonts\\segoeuisl.ttf', name='Segoe UI', style='normal', variant='normal', weight=350, stretch='normal', size='scalable')) = 10.0975
Sun, 22 Mar 2026 19:08:27 font_manager.py[line:1483] DEBUG findfont: score(FontEntry(fname='C:\\Windows\\Fonts\\BOD_B.TTF', name='Bodoni MT', style='normal', variant='normal', weight=700, stretch='normal', size='scalable')) = 10.335
Sun, 22 Mar 2026 19:08:27 font_manager.py[line:1483] DEBUG findfont: score(FontEntry(fname='C:\\Windows\\Fonts\\FRADMCN.TTF', name='Franklin Gothic Demi Cond', style='normal', variant='normal', weight=400, stretch='condensed', size='scalable')) = 10.25
Sun, 22 Mar 2026 19:08:27 font_manager.py[line:1483] DEBUG findfont: score(FontEntry(fname='C:\\Windows\\Fonts\\REFSPCL.TTF', name='MS Reference Specialty', style='normal', variant='normal', weight=400, stretch='normal', size='scalable')) = 10.05
Sun, 22 Mar 2026 19:08:27 font_manager.py[line:1483] DEBUG findfont: score(FontEntry(fname='C:\\Windows\\Fonts\\msjhbd.ttc', name='Microsoft JhengHei', style='normal', variant='normal', weight=700, stretch='normal', size='scalable')) = 10.335
Sun, 22 Mar 2026 19:08:27 font_manager.py[line:1483] DEBUG findfont: score(FontEntry(fname='C:\\Windows\\Fonts\\timesi.ttf', name='Times New Roman', style='italic', variant='normal', weight=400, stretch='normal', size='scalable')) = 11.05
Sun, 22 Mar 2026 19:08:27 font_manager.py[line:1483] DEBUG findfont: score(FontEntry(fname='C:\\Windows\\Fonts\\wingding.ttf', name='Wingdings', style='normal', variant='normal', weight=400, stretch='normal', size='scalable')) = 10.05
Sun, 22 Mar 2026 19:08:27 font_manager.py[line:1483] DEBUG findfont: score(FontEntry(fname='C:\\Windows\\Fonts\\MTCORSVA.TTF', name='Monotype Corsiva', style='normal', variant='normal', weight=400, stretch='normal', size='scalable')) = 10.05
Sun, 22 Mar 2026 19:08:27 font_manager.py[line:1483] DEBUG findfont: score(FontEntry(fname='C:\\Windows\\Fonts\\tahoma.ttf', name='Tahoma', style='normal', variant='normal', weight=400, stretch='normal', size='scalable')) = 10.05
Sun, 22 Mar 2026 19:08:27 font_manager.py[line:1483] DEBUG findfont: score(FontEntry(fname='C:\\Windows\\Fonts\\CALISTBI.TTF', name='Calisto MT', style='italic', variant='normal', weight=700, stretch='normal', size='scalable')) = 11.335
Sun, 22 Mar 2026 19:08:27 font_manager.py[line:1483] DEBUG findfont: score(FontEntry(fname='C:\\Windows\\Fonts\\cambriaz.ttf', name='Cambria', style='italic', variant='normal', weight=700, stretch='normal', size='scalable')) = 11.335
Sun, 22 Mar 2026 19:08:27 font_manager.py[line:1483] DEBUG findfont: score(FontEntry(fname='C:\\Windows\\Fonts\\CALISTI.TTF', name='Calisto MT', style='italic', variant='normal', weight=400, stretch='normal', size='scalable')) = 11.05
Sun, 22 Mar 2026 19:08:27 font_manager.py[line:1483] DEBUG findfont: score(FontEntry(fname='C:\\Windows\\Fonts\\GILBI___.TTF', name='Gill Sans MT', style='italic', variant='normal', weight=700, stretch='normal', size='scalable')) = 11.335
Sun, 22 Mar 2026 19:08:27 font_manager.py[line:1483] DEBUG findfont: score(FontEntry(fname='C:\\Windows\\Fonts\\BOD_CBI.TTF', name='Bodoni MT', style='italic', variant='normal', weight=700, stretch='condensed', size='scalable')) = 11.535
Sun, 22 Mar 2026 19:08:27 font_manager.py[line:1483] DEBUG findfont: score(FontEntry(fname='C:\\Windows\\Fonts\\ARIALNB.TTF', name='Arial', style='normal', variant='normal', weight=700, stretch='condensed', size='scalable')) = 6.8986363636363635
Sun, 22 Mar 2026 19:08:27 font_manager.py[line:1483] DEBUG findfont: score(FontEntry(fname='C:\\Windows\\Fonts\\PLAYBILL.TTF', name='Playbill', style='normal', variant='normal', weight=400, stretch='normal', size='scalable')) = 10.05
Sun, 22 Mar 2026 19:08:27 font_manager.py[line:1483] DEBUG findfont: score(FontEntry(fname='C:\\Windows\\Fonts\\CALISTB.TTF', name='Calisto MT', style='normal', variant='normal', weight=700, stretch='normal', size='scalable')) = 10.335
Sun, 22 Mar 2026 19:08:27 font_manager.py[line:1483] DEBUG findfont: score(FontEntry(fname='C:\\Windows\\Fonts\\FRAMDCN.TTF', name='Franklin Gothic Medium Cond', style='normal', variant='normal', weight=400, stretch='condensed', size='scalable')) = 10.25
Sun, 22 Mar 2026 19:08:27 font_manager.py[line:1483] DEBUG findfont: score(FontEntry(fname='C:\\Windows\\Fonts\\mvboli.ttf', name='MV Boli', style='normal', variant='normal', weight=400, stretch='normal', size='scalable')) = 10.05
Sun, 22 Mar 2026 19:08:27 font_manager.py[line:1483] DEBUG findfont: score(FontEntry(fname='C:\\Windows\\Fonts\\BERNHC.TTF', name='Bernard MT Condensed', style='normal', variant='normal', weight=400, stretch='condensed', size='scalable')) = 10.25
Sun, 22 Mar 2026 19:08:27 font_manager.py[line:1483] DEBUG findfont: score(FontEntry(fname='C:\\Windows\\Fonts\\BOOKOSBI.TTF', name='Bookman Old Style', style='italic', variant='normal', weight=600, stretch='normal', size='scalable')) = 11.24
Sun, 22 Mar 2026 19:08:27 font_manager.py[line:1483] DEBUG findfont: score(FontEntry(fname='C:\\Windows\\Fonts\\javatext.ttf', name='Javanese Text', style='normal', variant='normal', weight=400, stretch='normal', size='scalable')) = 10.05
Sun, 22 Mar 2026 19:08:27 font_manager.py[line:1483] DEBUG findfont: score(FontEntry(fname='C:\\Windows\\Fonts\\corbelb.ttf', name='Corbel', style='normal', variant='normal', weight=700, stretch='normal', size='scalable')) = 10.335
Sun, 22 Mar 2026 19:08:27 font_manager.py[line:1483] DEBUG findfont: score(FontEntry(fname='C:\\Windows\\Fonts\\ROCKI.TTF', name='Rockwell', style='italic', variant='normal', weight=400, stretch='normal', size='scalable')) = 11.05
Sun, 22 Mar 2026 19:08:27 font_manager.py[line:1483] DEBUG findfont: score(FontEntry(fname='C:\\Windows\\Fonts\\constan.ttf', name='Constantia', style='normal', variant='normal', weight=400, stretch='normal', size='scalable')) = 10.05
Sun, 22 Mar 2026 19:08:27 font_manager.py[line:1483] DEBUG findfont: score(FontEntry(fname='C:\\Windows\\Fonts\\corbel.ttf', name='Corbel', style='normal', variant='normal', weight=400, stretch='normal', size='scalable')) = 10.05
Sun, 22 Mar 2026 19:08:27 font_manager.py[line:1483] DEBUG findfont: score(FontEntry(fname='C:\\Windows\\Fonts\\framd.ttf', name='Franklin Gothic Medium', style='normal', variant='normal', weight=400, stretch='normal', size='scalable')) = 10.05
Sun, 22 Mar 2026 19:08:27 font_manager.py[line:1483] DEBUG findfont: score(FontEntry(fname='C:\\Windows\\Fonts\\ELEPHNT.TTF', name='Elephant', style='normal', variant='normal', weight=400, stretch='normal', size='scalable')) = 10.05
Sun, 22 Mar 2026 19:08:27 font_manager.py[line:1483] DEBUG findfont: score(FontEntry(fname='C:\\Windows\\Fonts\\NIAGSOL.TTF', name='Niagara Solid', style='normal', variant='normal', weight=400, stretch='normal', size='scalable')) = 10.05
Sun, 22 Mar 2026 19:08:27 font_manager.py[line:1483] DEBUG findfont: score(FontEntry(fname='C:\\Windows\\Fonts\\COOPBL.TTF', name='Cooper Black', style='normal', variant='normal', weight=400, stretch='normal', size='scalable')) = 10.05
Sun, 22 Mar 2026 19:08:27 font_manager.py[line:1483] DEBUG findfont: score(FontEntry(fname='C:\\Windows\\Fonts\\impact.ttf', name='Impact', style='normal', variant='normal', weight=400, stretch='normal', size='scalable')) = 10.05
Sun, 22 Mar 2026 19:08:27 font_manager.py[line:1483] DEBUG findfont: score(FontEntry(fname='C:\\Windows\\Fonts\\CALIST.TTF', name='Calisto MT', style='normal', variant='normal', weight=400, stretch='normal', size='scalable')) = 10.05
Sun, 22 Mar 2026 19:08:27 font_manager.py[line:1483] DEBUG findfont: score(FontEntry(fname='C:\\Windows\\Fonts\\GIL_____.TTF', name='Gill Sans MT', style='normal', variant='normal', weight=400, stretch='normal', size='scalable')) = 10.05
Sun, 22 Mar 2026 19:08:27 font_manager.py[line:1483] DEBUG findfont: score(FontEntry(fname='C:\\Windows\\Fonts\\cambria.ttc', name='Cambria', style='normal', variant='normal', weight=400, stretch='normal', size='scalable')) = 10.05
Sun, 22 Mar 2026 19:08:27 font_manager.py[line:1483] DEBUG findfont: score(FontEntry(fname='C:\\Windows\\Fonts\\STENCIL.TTF', name='Stencil', style='normal', variant='normal', weight=400, stretch='normal', size='scalable')) = 10.05
Sun, 22 Mar 2026 19:08:27 font_manager.py[line:1483] DEBUG findfont: score(FontEntry(fname='C:\\Windows\\Fonts\\SNAP____.TTF', name='Snap ITC', style='normal', variant='normal', weight=400, stretch='normal', size='scalable')) = 10.05
Sun, 22 Mar 2026 19:08:27 font_manager.py[line:1483] DEBUG findfont: score(FontEntry(fname='C:\\Windows\\Fonts\\YuGothB.ttc', name='Yu Gothic', style='normal', variant='normal', weight=700, stretch='normal', size='scalable')) = 10.335
Sun, 22 Mar 2026 19:08:27 font_manager.py[line:1483] DEBUG findfont: score(FontEntry(fname='C:\\Windows\\Fonts\\SitkaVF.ttf', name='Sitka', style='normal', variant='normal', weight=400, stretch='normal', size='scalable')) = 10.05
Sun, 22 Mar 2026 19:08:27 font_manager.py[line:1483] DEBUG findfont: score(FontEntry(fname='C:\\Windows\\Fonts\\FTLTLT.TTF', name='Footlight MT Light', style='normal', variant='normal', weight=300, stretch='normal', size='scalable')) = 10.145
Sun, 22 Mar 2026 19:08:27 font_manager.py[line:1483] DEBUG findfont: score(FontEntry(fname='C:\\Windows\\Fonts\\BELLI.TTF', name='Bell MT', style='italic', variant='normal', weight=400, stretch='normal', size='scalable')) = 11.05
Sun, 22 Mar 2026 19:08:27 font_manager.py[line:1483] DEBUG findfont: score(FontEntry(fname='C:\\Windows\\Fonts\\BOD_PSTC.TTF', name='Bodoni MT', style='normal', variant='normal', weight=300, stretch='normal', size='scalable')) = 10.145
Sun, 22 Mar 2026 19:08:27 font_manager.py[line:1483] DEBUG findfont: score(FontEntry(fname='C:\\Windows\\Fonts\\calibriz.ttf', name='Calibri', style='italic', variant='normal', weight=700, stretch='normal', size='scalable')) = 11.335
Sun, 22 Mar 2026 19:08:27 font_manager.py[line:1483] DEBUG findfont: score(FontEntry(fname='C:\\Windows\\Fonts\\constanz.ttf', name='Constantia', style='italic', variant='normal', weight=700, stretch='normal', size='scalable')) = 11.335
Sun, 22 Mar 2026 19:08:27 font_manager.py[line:1483] DEBUG findfont: score(FontEntry(fname='C:\\Windows\\Fonts\\palabi.ttf', name='Palatino Linotype', style='italic', variant='normal', weight=700, stretch='normal', size='scalable')) = 11.335
Sun, 22 Mar 2026 19:08:27 font_manager.py[line:1483] DEBUG findfont: score(FontEntry(fname='C:\\Windows\\Fonts\\LHANDW.TTF', name='Lucida Handwriting', style='italic', variant='normal', weight=400, stretch='normal', size='scalable')) = 11.05
Sun, 22 Mar 2026 19:08:27 font_manager.py[line:1483] DEBUG findfont: score(FontEntry(fname='C:\\Windows\\Fonts\\CALIFI.TTF', name='Californian FB', style='italic', variant='normal', weight=400, stretch='normal', size='scalable')) = 11.05
Sun, 22 Mar 2026 19:08:27 font_manager.py[line:1483] DEBUG findfont: score(FontEntry(fname='C:\\Windows\\Fonts\\timesbi.ttf', name='Times New Roman', style='italic', variant='normal', weight=700, stretch='normal', size='scalable')) = 11.335
Sun, 22 Mar 2026 19:08:27 font_manager.py[line:1483] DEBUG findfont: score(FontEntry(fname='C:\\Windows\\Fonts\\POORICH.TTF', name='Poor Richard', style='normal', variant='normal', weight=400, stretch='normal', size='scalable')) = 10.05
Sun, 22 Mar 2026 19:08:27 font_manager.py[line:1483] DEBUG findfont: score(FontEntry(fname='C:\\Windows\\Fonts\\BOD_CR.TTF', name='Bodoni MT', style='normal', variant='normal', weight=400, stretch='condensed', size='scalable')) = 10.25
Sun, 22 Mar 2026 19:08:27 font_manager.py[line:1483] DEBUG findfont: score(FontEntry(fname='C:\\Windows\\Fonts\\MAGNETOB.TTF', name='Magneto', style='normal', variant='normal', weight=700, stretch='normal', size='scalable')) = 10.335
Sun, 22 Mar 2026 19:08:27 font_manager.py[line:1483] DEBUG findfont: score(FontEntry(fname='C:\\Windows\\Fonts\\LeelaUIb.ttf', name='Leelawadee UI', style='normal', variant='normal', weight=700, stretch='normal', size='scalable')) = 10.335
Sun, 22 Mar 2026 19:08:27 font_manager.py[line:1483] DEBUG findfont: score(FontEntry(fname='C:\\Windows\\Fonts\\segoescb.ttf', name='Segoe Script', style='normal', variant='normal', weight=700, stretch='normal', size='scalable')) = 10.335
Sun, 22 Mar 2026 19:08:27 font_manager.py[line:1483] DEBUG findfont: score(FontEntry(fname='C:\\Windows\\Fonts\\HTOWERTI.TTF', name='High Tower Text', style='italic', variant='normal', weight=400, stretch='normal', size='scalable')) = 11.05
Sun, 22 Mar 2026 19:08:27 font_manager.py[line:1483] DEBUG findfont: score(FontEntry(fname='C:\\Windows\\Fonts\\BOD_I.TTF', name='Bodoni MT', style='italic', variant='normal', weight=400, stretch='normal', size='scalable')) = 11.05
Sun, 22 Mar 2026 19:08:27 font_manager.py[line:1483] DEBUG findfont: score(FontEntry(fname='C:\\Windows\\Fonts\\COLONNA.TTF', name='Colonna MT', style='normal', variant='normal', weight=400, stretch='normal', size='scalable')) = 10.05
Sun, 22 Mar 2026 19:08:27 font_manager.py[line:1483] DEBUG findfont: score(FontEntry(fname='C:\\Windows\\Fonts\\FRADMIT.TTF', name='Franklin Gothic Demi', style='italic', variant='normal', weight=400, stretch='normal', size='scalable')) = 11.05
Sun, 22 Mar 2026 19:08:27 font_manager.py[line:1483] DEBUG findfont: score(FontEntry(fname='C:\\Windows\\Fonts\\GARAIT.TTF', name='Garamond', style='italic', variant='normal', weight=400, stretch='normal', size='scalable')) = 11.05
Sun, 22 Mar 2026 19:08:27 font_manager.py[line:1483] DEBUG findfont: score(FontEntry(fname='C:\\Windows\\Fonts\\constanb.ttf', name='Constantia', style='normal', variant='normal', weight=700, stretch='normal', size='scalable')) = 10.335
Sun, 22 Mar 2026 19:08:27 font_manager.py[line:1483] DEBUG findfont: score(FontEntry(fname='C:\\Windows\\Fonts\\LFAX.TTF', name='Lucida Fax', style='normal', variant='normal', weight=400, stretch='normal', size='scalable')) = 10.05
Sun, 22 Mar 2026 19:08:27 font_manager.py[line:1483] DEBUG findfont: score(FontEntry(fname='C:\\Windows\\Fonts\\SimsunExtG.ttf', name='SimSun-ExtG', style='normal', variant='normal', weight=400, stretch='normal', size='scalable')) = 10.05
Sun, 22 Mar 2026 19:08:27 font_manager.py[line:1483] DEBUG findfont: score(FontEntry(fname='C:\\Windows\\Fonts\\CENSCBK.TTF', name='Century Schoolbook', style='normal', variant='normal', weight=400, stretch='normal', size='scalable')) = 10.05
Sun, 22 Mar 2026 19:08:27 font_manager.py[line:1483] DEBUG findfont: score(FontEntry(fname='C:\\Windows\\Fonts\\LTYPEBO.TTF', name='Lucida Sans Typewriter', style='oblique', variant='normal', weight=600, stretch='normal', size='scalable')) = 11.24
Sun, 22 Mar 2026 19:08:27 font_manager.py[line:1483] DEBUG findfont: score(FontEntry(fname='C:\\Windows\\Fonts\\LFAXD.TTF', name='Lucida Fax', style='normal', variant='normal', weight=600, stretch='normal', size='scalable')) = 10.24
Sun, 22 Mar 2026 19:08:27 font_manager.py[line:1483] DEBUG findfont: score(FontEntry(fname='C:\\Windows\\Fonts\\ebrima.ttf', name='Ebrima', style='normal', variant='normal', weight=400, stretch='normal', size='scalable')) = 10.05
Sun, 22 Mar 2026 19:08:27 font_manager.py[line:1483] DEBUG findfont: score(FontEntry(fname='C:\\Windows\\Fonts\\BRLNSDB.TTF', name='Berlin Sans FB Demi', style='normal', variant='normal', weight=700, stretch='normal', size='scalable')) = 10.335
Sun, 22 Mar 2026 19:08:27 font_manager.py[line:1483] DEBUG findfont: score(FontEntry(fname='C:\\Windows\\Fonts\\calibri.ttf', name='Calibri', style='normal', variant='normal', weight=400, stretch='normal', size='scalable')) = 10.05
Sun, 22 Mar 2026 19:08:27 font_manager.py[line:1483] DEBUG findfont: score(FontEntry(fname='C:\\Windows\\Fonts\\courbd.ttf', name='Courier New', style='normal', variant='normal', weight=700, stretch='normal', size='scalable')) = 10.335
Sun, 22 Mar 2026 19:08:27 font_manager.py[line:1483] DEBUG findfont: score(FontEntry(fname='C:\\Windows\\Fonts\\framdit.ttf', name='Franklin Gothic Medium', style='italic', variant='normal', weight=400, stretch='normal', size='scalable')) = 11.05
Sun, 22 Mar 2026 19:08:27 font_manager.py[line:1483] DEBUG findfont: score(FontEntry(fname='C:\\Windows\\Fonts\\OUTLOOK.TTF', name='MS Outlook', style='normal', variant='normal', weight=400, stretch='normal', size='scalable')) = 10.05
Sun, 22 Mar 2026 19:08:27 font_manager.py[line:1483] DEBUG findfont: score(FontEntry(fname='C:\\Windows\\Fonts\\HTOWERT.TTF', name='High Tower Text', style='normal', variant='normal', weight=400, stretch='normal', size='scalable')) = 10.05
Sun, 22 Mar 2026 19:08:27 font_manager.py[line:1483] DEBUG findfont: score(FontEntry(fname='C:\\Windows\\Fonts\\Candarai.ttf', name='Candara', style='italic', variant='normal', weight=400, stretch='normal', size='scalable')) = 11.05
Sun, 22 Mar 2026 19:08:27 font_manager.py[line:1483] DEBUG findfont: score(FontEntry(fname='C:\\Windows\\Fonts\\segoepr.ttf', name='Segoe Print', style='normal', variant='normal', weight=400, stretch='normal', size='scalable')) = 10.05
Sun, 22 Mar 2026 19:08:27 font_manager.py[line:1483] DEBUG findfont: score(FontEntry(fname='C:\\Windows\\Fonts\\ARLRDBD.TTF', name='Arial Rounded MT Bold', style='normal', variant='normal', weight=400, stretch='normal', size='scalable')) = 10.05
Sun, 22 Mar 2026 19:08:27 font_manager.py[line:1483] DEBUG findfont: score(FontEntry(fname='C:\\Windows\\Fonts\\GILI____.TTF', name='Gill Sans MT', style='italic', variant='normal', weight=400, stretch='normal', size='scalable')) = 11.05
Sun, 22 Mar 2026 19:08:27 font_manager.py[line:1483] DEBUG findfont: score(FontEntry(fname='C:\\Windows\\Fonts\\Candaral.ttf', name='Candara', style='normal', variant='normal', weight=400, stretch='normal', size='scalable')) = 10.05
Sun, 22 Mar 2026 19:08:27 font_manager.py[line:1483] DEBUG findfont: score(FontEntry(fname='C:\\Windows\\Fonts\\LTYPE.TTF', name='Lucida Sans Typewriter', style='normal', variant='normal', weight=400, stretch='normal', size='scalable')) = 10.05
Sun, 22 Mar 2026 19:08:27 font_manager.py[line:1483] DEBUG findfont: score(FontEntry(fname='C:\\Windows\\Fonts\\LSANSI.TTF', name='Lucida Sans', style='italic', variant='normal', weight=400, stretch='normal', size='scalable')) = 11.05
Sun, 22 Mar 2026 19:08:27 font_manager.py[line:1483] DEBUG findfont: score(FontEntry(fname='C:\\Windows\\Fonts\\SCHLBKBI.TTF', name='Century Schoolbook', style='italic', variant='normal', weight=700, stretch='normal', size='scalable')) = 11.335
Sun, 22 Mar 2026 19:08:27 font_manager.py[line:1483] DEBUG findfont: score(FontEntry(fname='C:\\Windows\\Fonts\\GARABD.TTF', name='Garamond', style='normal', variant='normal', weight=700, stretch='normal', size='scalable')) = 10.335
Sun, 22 Mar 2026 19:08:27 font_manager.py[line:1483] DEBUG findfont: score(FontEntry(fname='C:\\Windows\\Fonts\\consolai.ttf', name='Consolas', style='italic', variant='normal', weight=400, stretch='normal', size='scalable')) = 11.05
Sun, 22 Mar 2026 19:08:27 font_manager.py[line:1483] DEBUG findfont: score(FontEntry(fname='C:\\Windows\\Fonts\\Candarab.ttf', name='Candara', style='normal', variant='normal', weight=700, stretch='normal', size='scalable')) = 10.335
Sun, 22 Mar 2026 19:08:27 font_manager.py[line:1483] DEBUG findfont: score(FontEntry(fname='C:\\Windows\\Fonts\\YuGothL.ttc', name='Yu Gothic', style='normal', variant='normal', weight=300, stretch='normal', size='scalable')) = 10.145
Sun, 22 Mar 2026 19:08:27 font_manager.py[line:1483] DEBUG findfont: score(FontEntry(fname='C:\\Windows\\Fonts\\segoesc.ttf', name='Segoe Script', style='normal', variant='normal', weight=400, stretch='normal', size='scalable')) = 10.05
Sun, 22 Mar 2026 19:08:27 font_manager.py[line:1483] DEBUG findfont: score(FontEntry(fname='C:\\Windows\\Fonts\\consolaz.ttf', name='Consolas', style='italic', variant='normal', weight=700, stretch='normal', size='scalable')) = 11.335
Sun, 22 Mar 2026 19:08:27 font_manager.py[line:1483] DEBUG findfont: score(FontEntry(fname='C:\\Windows\\Fonts\\CASTELAR.TTF', name='Castellar', style='normal', variant='normal', weight=400, stretch='normal', size='scalable')) = 10.05
Sun, 22 Mar 2026 19:08:27 font_manager.py[line:1483] DEBUG findfont: score(FontEntry(fname='C:\\Windows\\Fonts\\YuGothR.ttc', name='Yu Gothic', style='normal', variant='normal', weight=400, stretch='normal', size='scalable')) = 10.05
Sun, 22 Mar 2026 19:08:27 font_manager.py[line:1483] DEBUG findfont: score(FontEntry(fname='C:\\Windows\\Fonts\\gadugi.ttf', name='Gadugi', style='normal', variant='normal', weight=400, stretch='normal', size='scalable')) = 10.05
Sun, 22 Mar 2026 19:08:27 font_manager.py[line:1483] DEBUG findfont: score(FontEntry(fname='C:\\Windows\\Fonts\\ARIALNBI.TTF', name='Arial', style='italic', variant='normal', weight=700, stretch='condensed', size='scalable')) = 7.8986363636363635
Sun, 22 Mar 2026 19:08:27 font_manager.py[line:1483] DEBUG findfont: score(FontEntry(fname='C:\\Windows\\Fonts\\TCB_____.TTF', name='Tw Cen MT', style='normal', variant='normal', weight=700, stretch='normal', size='scalable')) = 10.335
Sun, 22 Mar 2026 19:08:27 font_manager.py[line:1483] DEBUG findfont: score(FontEntry(fname='C:\\Windows\\Fonts\\ariali.ttf', name='Arial', style='italic', variant='normal', weight=400, stretch='normal', size='scalable')) = 7.413636363636363
Sun, 22 Mar 2026 19:08:27 font_manager.py[line:1483] DEBUG findfont: score(FontEntry(fname='C:\\Windows\\Fonts\\segmdl2.ttf', name='Segoe MDL2 Assets', style='normal', variant='normal', weight=400, stretch='normal', size='scalable')) = 10.05
Sun, 22 Mar 2026 19:08:27 font_manager.py[line:1483] DEBUG findfont: score(FontEntry(fname='C:\\Windows\\Fonts\\PERB____.TTF', name='Perpetua', style='normal', variant='normal', weight=700, stretch='normal', size='scalable')) = 10.335
Sun, 22 Mar 2026 19:08:27 font_manager.py[line:1483] DEBUG findfont: score(FontEntry(fname='C:\\Windows\\Fonts\\DUBAI-BOLD.TTF', name='Dubai', style='normal', variant='normal', weight=700, stretch='normal', size='scalable')) = 10.335
Sun, 22 Mar 2026 19:08:27 font_manager.py[line:1483] DEBUG findfont: score(FontEntry(fname='C:\\Windows\\Fonts\\GILC____.TTF', name='Gill Sans MT Condensed', style='normal', variant='normal', weight=400, stretch='condensed', size='scalable')) = 10.25
Sun, 22 Mar 2026 19:08:27 font_manager.py[line:1483] DEBUG findfont: score(FontEntry(fname='C:\\Windows\\Fonts\\GARA.TTF', name='Garamond', style='normal', variant='normal', weight=400, stretch='normal', size='scalable')) = 10.05
Sun, 22 Mar 2026 19:08:27 font_manager.py[line:1483] DEBUG findfont: score(FontEntry(fname='C:\\Windows\\Fonts\\palab.ttf', name='Palatino Linotype', style='normal', variant='normal', weight=700, stretch='normal', size='scalable')) = 10.335
Sun, 22 Mar 2026 19:08:27 font_manager.py[line:1483] DEBUG findfont: score(FontEntry(fname='C:\\Windows\\Fonts\\cambriab.ttf', name='Cambria', style='normal', variant='normal', weight=700, stretch='normal', size='scalable')) = 10.335
Sun, 22 Mar 2026 19:08:27 font_manager.py[line:1483] DEBUG findfont: score(FontEntry(fname='C:\\Windows\\Fonts\\ANTQUAI.TTF', name='Book Antiqua', style='italic', variant='normal', weight=400, stretch='normal', size='scalable')) = 11.05
Sun, 22 Mar 2026 19:08:27 font_manager.py[line:1483] DEBUG findfont: score(FontEntry(fname='C:\\Windows\\Fonts\\comic.ttf', name='Comic Sans MS', style='normal', variant='normal', weight=400, stretch='normal', size='scalable')) = 10.05
Sun, 22 Mar 2026 19:08:27 font_manager.py[line:1483] DEBUG findfont: score(FontEntry(fname='C:\\Windows\\Fonts\\LBRITED.TTF', name='Lucida Bright', style='normal', variant='normal', weight=600, stretch='normal', size='scalable')) = 10.24
Sun, 22 Mar 2026 19:08:27 font_manager.py[line:1483] DEBUG findfont: score(FontEntry(fname='C:\\Windows\\Fonts\\LATINWD.TTF', name='Wide Latin', style='normal', variant='normal', weight=400, stretch='expanded', size='scalable')) = 10.25
Sun, 22 Mar 2026 19:08:27 font_manager.py[line:1483] DEBUG findfont: score(FontEntry(fname='C:\\Windows\\Fonts\\bahnschrift.ttf', name='Bahnschrift', style='normal', variant='normal', weight=400, stretch='normal', size='scalable')) = 10.05
Sun, 22 Mar 2026 19:08:27 font_manager.py[line:1483] DEBUG findfont: score(FontEntry(fname='C:\\Windows\\Fonts\\corbell.ttf', name='Corbel', style='normal', variant='normal', weight=300, stretch='normal', size='scalable')) = 10.145
Sun, 22 Mar 2026 19:08:27 font_manager.py[line:1483] DEBUG findfont: score(FontEntry(fname='C:\\Windows\\Fonts\\IMPRISHA.TTF', name='Imprint MT Shadow', style='normal', variant='normal', weight=400, stretch='normal', size='scalable')) = 10.05
Sun, 22 Mar 2026 19:08:27 font_manager.py[line:1483] DEBUG findfont: score(FontEntry(fname='C:\\Windows\\Fonts\\AGENCYR.TTF', name='Agency FB', style='normal', variant='normal', weight=400, stretch='normal', size='scalable')) = 10.05
Sun, 22 Mar 2026 19:08:27 font_manager.py[line:1483] DEBUG findfont: score(FontEntry(fname='C:\\Windows\\Fonts\\ntailub.ttf', name='Microsoft New Tai Lue', style='normal', variant='normal', weight=700, stretch='normal', size='scalable')) = 10.335
Sun, 22 Mar 2026 19:08:27 font_manager.py[line:1483] DEBUG findfont: score(FontEntry(fname='C:\\Windows\\Fonts\\LCALLIG.TTF', name='Lucida Calligraphy', style='italic', variant='normal', weight=400, stretch='normal', size='scalable')) = 11.05
Sun, 22 Mar 2026 19:08:27 font_manager.py[line:1483] DEBUG findfont: score(FontEntry(fname='C:\\Windows\\Fonts\\ERASDEMI.TTF', name='Eras Demi ITC', style='normal', variant='normal', weight=400, stretch='normal', size='scalable')) = 10.05
Sun, 22 Mar 2026 19:08:27 font_manager.py[line:1483] DEBUG findfont: score(FontEntry(fname='C:\\Windows\\Fonts\\LTYPEB.TTF', name='Lucida Sans Typewriter', style='normal', variant='normal', weight=600, stretch='normal', size='scalable')) = 10.24
Sun, 22 Mar 2026 19:08:27 font_manager.py[line:1483] DEBUG findfont: score(FontEntry(fname='C:\\Windows\\Fonts\\PAPYRUS.TTF', name='Papyrus', style='normal', variant='normal', weight=400, stretch='normal', size='scalable')) = 10.05
Sun, 22 Mar 2026 19:08:27 font_manager.py[line:1483] DEBUG findfont: score(FontEntry(fname='C:\\Windows\\Fonts\\COPRGTB.TTF', name='Copperplate Gothic Bold', style='normal', variant='normal', weight=400, stretch='normal', size='scalable')) = 10.05
Sun, 22 Mar 2026 19:08:27 font_manager.py[line:1483] DEBUG findfont: score(FontEntry(fname='C:\\Windows\\Fonts\\BSSYM7.TTF', name='Bookshelf Symbol 7', style='normal', variant='normal', weight=400, stretch='normal', size='scalable')) = 10.05
Sun, 22 Mar 2026 19:08:27 font_manager.py[line:1483] DEBUG findfont: score(FontEntry(fname='C:\\Windows\\Fonts\\seguibli.ttf', name='Segoe UI', style='italic', variant='normal', weight=900, stretch='normal', size='scalable')) = 11.525
Sun, 22 Mar 2026 19:08:27 font_manager.py[line:1483] DEBUG findfont: score(FontEntry(fname='C:\\Windows\\Fonts\\ARIALN.TTF', name='Arial', style='normal', variant='normal', weight=400, stretch='condensed', size='scalable')) = 6.613636363636363
Sun, 22 Mar 2026 19:08:27 font_manager.py[line:1483] DEBUG findfont: score(FontEntry(fname='C:\\Windows\\Fonts\\SegoeIcons.ttf', name='Segoe Fluent Icons', style='normal', variant='normal', weight=400, stretch='normal', size='scalable')) = 10.05
Sun, 22 Mar 2026 19:08:27 font_manager.py[line:1483] DEBUG findfont: score(FontEntry(fname='C:\\Windows\\Fonts\\MAIAN.TTF', name='Maiandra GD', style='normal', variant='normal', weight=400, stretch='normal', size='scalable')) = 10.05
Sun, 22 Mar 2026 19:08:27 font_manager.py[line:1483] DEBUG findfont: score(FontEntry(fname='C:\\Windows\\Fonts\\seguihis.ttf', name='Segoe UI Historic', style='normal', variant='normal', weight=400, stretch='normal', size='scalable')) = 10.05
Sun, 22 Mar 2026 19:08:27 font_manager.py[line:1483] DEBUG findfont: score(FontEntry(fname='C:\\Windows\\Fonts\\trebucbi.ttf', name='Trebuchet MS', style='italic', variant='normal', weight=700, stretch='normal', size='scalable')) = 11.335
Sun, 22 Mar 2026 19:08:27 font_manager.py[line:1483] DEBUG findfont: score(FontEntry(fname='C:\\Windows\\Fonts\\segoeuil.ttf', name='Segoe UI', style='normal', variant='normal', weight=300, stretch='normal', size='scalable')) = 10.145
Sun, 22 Mar 2026 19:08:27 font_manager.py[line:1483] DEBUG findfont: score(FontEntry(fname='C:\\Windows\\Fonts\\consolab.ttf', name='Consolas', style='normal', variant='normal', weight=700, stretch='normal', size='scalable')) = 10.335
Sun, 22 Mar 2026 19:08:27 font_manager.py[line:1483] DEBUG findfont: score(FontEntry(fname='C:\\Windows\\Fonts\\OLDENGL.TTF', name='Old English Text MT', style='normal', variant='normal', weight=400, stretch='normal', size='scalable')) = 10.05
Sun, 22 Mar 2026 19:08:27 font_manager.py[line:1483] DEBUG findfont: score(FontEntry(fname='C:\\Windows\\Fonts\\DUBAI-MEDIUM.TTF', name='Dubai', style='normal', variant='normal', weight=500, stretch='normal', size='scalable')) = 10.145
Sun, 22 Mar 2026 19:08:27 font_manager.py[line:1483] DEBUG findfont: score(FontEntry(fname='C:\\Windows\\Fonts\\mingliub.ttc', name='MingLiU-ExtB', style='normal', variant='normal', weight=400, stretch='normal', size='scalable')) = 10.05
Sun, 22 Mar 2026 19:08:27 font_manager.py[line:1483] DEBUG findfont: score(FontEntry(fname='C:\\Windows\\Fonts\\RAVIE.TTF', name='Ravie', style='normal', variant='normal', weight=400, stretch='normal', size='scalable')) = 10.05
Sun, 22 Mar 2026 19:08:27 font_manager.py[line:1483] DEBUG findfont: score(FontEntry(fname='C:\\Windows\\Fonts\\VIVALDII.TTF', name='Vivaldi', style='italic', variant='normal', weight=400, stretch='normal', size='scalable')) = 11.05
Sun, 22 Mar 2026 19:08:27 font_manager.py[line:1483] DEBUG findfont: score(FontEntry(fname='C:\\Windows\\Fonts\\BOD_CI.TTF', name='Bodoni MT', style='italic', variant='normal', weight=400, stretch='condensed', size='scalable')) = 11.25
Sun, 22 Mar 2026 19:08:27 font_manager.py[line:1483] DEBUG findfont: score(FontEntry(fname='C:\\Windows\\Fonts\\BELL.TTF', name='Bell MT', style='normal', variant='normal', weight=400, stretch='normal', size='scalable')) = 10.05
Sun, 22 Mar 2026 19:08:27 font_manager.py[line:1483] DEBUG findfont: score(FontEntry(fname='C:\\Windows\\Fonts\\malgunsl.ttf', name='Malgun Gothic', style='normal', variant='normal', weight=300, stretch='normal', size='scalable')) = 10.145
Sun, 22 Mar 2026 19:08:27 font_manager.py[line:1483] DEBUG findfont: score(FontEntry(fname='C:\\Windows\\Fonts\\ROCC____.TTF', name='Rockwell Condensed', style='normal', variant='normal', weight=400, stretch='condensed', size='scalable')) = 10.25
Sun, 22 Mar 2026 19:08:27 font_manager.py[line:1483] DEBUG findfont: score(FontEntry(fname='C:\\Windows\\Fonts\\SCHLBKI.TTF', name='Century Schoolbook', style='italic', variant='normal', weight=400, stretch='normal', size='scalable')) = 11.05
Sun, 22 Mar 2026 19:08:27 font_manager.py[line:1483] DEBUG findfont: score(FontEntry(fname='C:\\Windows\\Fonts\\GILSANUB.TTF', name='Gill Sans Ultra Bold', style='normal', variant='normal', weight=400, stretch='normal', size='scalable')) = 10.05
Sun, 22 Mar 2026 19:08:27 font_manager.py[line:1483] DEBUG findfont: score(FontEntry(fname='C:\\Windows\\Fonts\\ITCKRIST.TTF', name='Kristen ITC', style='normal', variant='normal', weight=400, stretch='normal', size='scalable')) = 10.05
Sun, 22 Mar 2026 19:08:27 font_manager.py[line:1483] DEBUG findfont: score(FontEntry(fname='C:\\Windows\\Fonts\\calibrii.ttf', name='Calibri', style='italic', variant='normal', weight=400, stretch='normal', size='scalable')) = 11.05
Sun, 22 Mar 2026 19:08:27 font_manager.py[line:1483] DEBUG findfont: score(FontEntry(fname='C:\\Windows\\Fonts\\PARCHM.TTF', name='Parchment', style='normal', variant='normal', weight=400, stretch='normal', size='scalable')) = 10.05
Sun, 22 Mar 2026 19:08:27 font_manager.py[line:1483] DEBUG findfont: score(FontEntry(fname='C:\\Windows\\Fonts\\TCCM____.TTF', name='Tw Cen MT Condensed', style='normal', variant='normal', weight=400, stretch='condensed', size='scalable')) = 10.25
Sun, 22 Mar 2026 19:08:27 font_manager.py[line:1483] DEBUG findfont: score(FontEntry(fname='C:\\Windows\\Fonts\\micross.ttf', name='Microsoft Sans Serif', style='normal', variant='normal', weight=400, stretch='normal', size='scalable')) = 10.05
Sun, 22 Mar 2026 19:08:27 font_manager.py[line:1483] DEBUG findfont: score(FontEntry(fname='C:\\Windows\\Fonts\\trebucbd.ttf', name='Trebuchet MS', style='normal', variant='normal', weight=700, stretch='normal', size='scalable')) = 10.335
Sun, 22 Mar 2026 19:08:27 font_manager.py[line:1483] DEBUG findfont: score(FontEntry(fname='C:\\Windows\\Fonts\\cambriai.ttf', name='Cambria', style='italic', variant='normal', weight=400, stretch='normal', size='scalable')) = 11.05
Sun, 22 Mar 2026 19:08:27 font_manager.py[line:1483] DEBUG findfont: score(FontEntry(fname='C:\\Windows\\Fonts\\ebrimabd.ttf', name='Ebrima', style='normal', variant='normal', weight=700, stretch='normal', size='scalable')) = 10.335
Sun, 22 Mar 2026 19:08:27 font_manager.py[line:1483] DEBUG findfont: score(FontEntry(fname='C:\\Windows\\Fonts\\CALIFR.TTF', name='Californian FB', style='normal', variant='normal', weight=400, stretch='normal', size='scalable')) = 10.05
Sun, 22 Mar 2026 19:08:27 font_manager.py[line:1483] DEBUG findfont: score(FontEntry(fname='C:\\Windows\\Fonts\\monbaiti.ttf', name='Mongolian Baiti', style='normal', variant='normal', weight=400, stretch='normal', size='scalable')) = 10.05
Sun, 22 Mar 2026 19:08:27 font_manager.py[line:1483] DEBUG findfont: score(FontEntry(fname='C:\\Windows\\Fonts\\BASKVILL.TTF', name='Baskerville Old Face', style='normal', variant='normal', weight=400, stretch='normal', size='scalable')) = 10.05
Sun, 22 Mar 2026 19:08:27 font_manager.py[line:1483] DEBUG findfont: score(FontEntry(fname='C:\\Windows\\Fonts\\BRLNSR.TTF', name='Berlin Sans FB', style='normal', variant='normal', weight=400, stretch='normal', size='scalable')) = 10.05
Sun, 22 Mar 2026 19:08:27 font_manager.py[line:1483] DEBUG findfont: score(FontEntry(fname='C:\\Windows\\Fonts\\ITCEDSCR.TTF', name='Edwardian Script ITC', style='normal', variant='normal', weight=400, stretch='normal', size='scalable')) = 10.05
Sun, 22 Mar 2026 19:08:27 font_manager.py[line:1483] DEBUG findfont: score(FontEntry(fname='C:\\Windows\\Fonts\\SHOWG.TTF', name='Showcard Gothic', style='normal', variant='normal', weight=400, stretch='normal', size='scalable')) = 10.05
Sun, 22 Mar 2026 19:08:27 font_manager.py[line:1483] DEBUG findfont: score(FontEntry(fname='C:\\Windows\\Fonts\\courbi.ttf', name='Courier New', style='italic', variant='normal', weight=700, stretch='normal', size='scalable')) = 11.335
Sun, 22 Mar 2026 19:08:27 font_manager.py[line:1483] DEBUG findfont: score(FontEntry(fname='C:\\Windows\\Fonts\\verdanab.ttf', name='Verdana', style='normal', variant='normal', weight=700, stretch='normal', size='scalable')) = 3.9713636363636367
Sun, 22 Mar 2026 19:08:27 font_manager.py[line:1483] DEBUG findfont: score(FontEntry(fname='C:\\Windows\\Fonts\\corbelli.ttf', name='Corbel', style='italic', variant='normal', weight=300, stretch='normal', size='scalable')) = 11.145
Sun, 22 Mar 2026 19:08:27 font_manager.py[line:1483] DEBUG findfont: score(FontEntry(fname='C:\\Windows\\Fonts\\BOD_BLAI.TTF', name='Bodoni MT', style='italic', variant='normal', weight=900, stretch='normal', size='scalable')) = 11.525
Sun, 22 Mar 2026 19:08:27 font_manager.py[line:1483] DEBUG findfont: score(FontEntry(fname='C:\\Windows\\Fonts\\BOD_BI.TTF', name='Bodoni MT', style='italic', variant='normal', weight=700, stretch='normal', size='scalable')) = 11.335
Sun, 22 Mar 2026 19:08:27 font_manager.py[line:1483] DEBUG findfont: score(FontEntry(fname='C:\\Windows\\Fonts\\gadugib.ttf', name='Gadugi', style='normal', variant='normal', weight=700, stretch='normal', size='scalable')) = 10.335
Sun, 22 Mar 2026 19:08:27 font_manager.py[line:1483] DEBUG findfont: score(FontEntry(fname='C:\\Windows\\Fonts\\ANTQUAB.TTF', name='Book Antiqua', style='normal', variant='normal', weight=700, stretch='normal', size='scalable')) = 10.335
Sun, 22 Mar 2026 19:08:27 font_manager.py[line:1483] DEBUG findfont: score(FontEntry(fname='C:\\Windows\\Fonts\\PER_____.TTF', name='Perpetua', style='normal', variant='normal', weight=400, stretch='normal', size='scalable')) = 10.05
Sun, 22 Mar 2026 19:08:27 font_manager.py[line:1483] DEBUG findfont: score(FontEntry(fname='C:\\Windows\\Fonts\\WINGDNG2.TTF', name='Wingdings 2', style='normal', variant='normal', weight=400, stretch='normal', size='scalable')) = 10.05
Sun, 22 Mar 2026 19:08:27 font_manager.py[line:1483] DEBUG findfont: score(FontEntry(fname='C:\\Windows\\Fonts\\Candaraz.ttf', name='Candara', style='italic', variant='normal', weight=700, stretch='normal', size='scalable')) = 11.335
Sun, 22 Mar 2026 19:08:27 font_manager.py[line:1483] DEBUG findfont: score(FontEntry(fname='C:\\Windows\\Fonts\\ntailu.ttf', name='Microsoft New Tai Lue', style='normal', variant='normal', weight=400, stretch='normal', size='scalable')) = 10.05
Sun, 22 Mar 2026 19:08:27 font_manager.py[line:1483] DEBUG findfont: score(FontEntry(fname='C:\\Windows\\Fonts\\GILB____.TTF', name='Gill Sans MT', style='normal', variant='normal', weight=700, stretch='normal', size='scalable')) = 10.335
Sun, 22 Mar 2026 19:08:27 font_manager.py[line:1483] DEBUG findfont: score(FontEntry(fname='C:\\Windows\\Fonts\\Candarali.ttf', name='Candara', style='italic', variant='normal', weight=400, stretch='normal', size='scalable')) = 11.05
Sun, 22 Mar 2026 19:08:27 font_manager.py[line:1483] DEBUG findfont: score(FontEntry(fname='C:\\Windows\\Fonts\\taile.ttf', name='Microsoft Tai Le', style='normal', variant='normal', weight=400, stretch='normal', size='scalable')) = 10.05
Sun, 22 Mar 2026 19:08:27 font_manager.py[line:1483] DEBUG findfont: score(FontEntry(fname='C:\\Windows\\Fonts\\simsun.ttc', name='SimSun', style='normal', variant='normal', weight=400, stretch='normal', size='scalable')) = 10.05
Sun, 22 Mar 2026 19:08:27 font_manager.py[line:1483] DEBUG findfont: score(FontEntry(fname='C:\\Windows\\Fonts\\ROCK.TTF', name='Rockwell', style='normal', variant='normal', weight=400, stretch='normal', size='scalable')) = 10.05
Sun, 22 Mar 2026 19:08:27 font_manager.py[line:1483] DEBUG findfont: score(FontEntry(fname='C:\\Windows\\Fonts\\PALSCRI.TTF', name='Palace Script MT', style='normal', variant='normal', weight=400, stretch='normal', size='scalable')) = 10.05
Sun, 22 Mar 2026 19:08:27 font_manager.py[line:1483] DEBUG findfont: score(FontEntry(fname='C:\\Windows\\Fonts\\comicz.ttf', name='Comic Sans MS', style='italic', variant='normal', weight=700, stretch='normal', size='scalable')) = 11.335
Sun, 22 Mar 2026 19:08:27 font_manager.py[line:1483] DEBUG findfont: score(FontEntry(fname='C:\\Windows\\Fonts\\FRSCRIPT.TTF', name='French Script MT', style='normal', variant='normal', weight=400, stretch='normal', size='scalable')) = 10.05
Sun, 22 Mar 2026 19:08:27 font_manager.py[line:1483] DEBUG findfont: score(FontEntry(fname='C:\\Windows\\Fonts\\arialbd.ttf', name='Arial', style='normal', variant='normal', weight=700, stretch='normal', size='scalable')) = 6.698636363636363
Sun, 22 Mar 2026 19:08:27 font_manager.py[line:1483] DEBUG findfont: score(FontEntry(fname='C:\\Windows\\Fonts\\SCHLBKB.TTF', name='Century Schoolbook', style='normal', variant='normal', weight=700, stretch='normal', size='scalable')) = 10.335
Sun, 22 Mar 2026 19:08:27 font_manager.py[line:1483] DEBUG findfont: score(FontEntry(fname='C:\\Windows\\Fonts\\PERI____.TTF', name='Perpetua', style='italic', variant='normal', weight=400, stretch='normal', size='scalable')) = 11.05
Sun, 22 Mar 2026 19:08:27 font_manager.py[line:1483] DEBUG findfont: score(FontEntry(fname='C:\\Windows\\Fonts\\SegUIVar.ttf', name='Segoe UI Variable', style='normal', variant='normal', weight=400, stretch='normal', size='scalable')) = 10.05
Sun, 22 Mar 2026 19:08:27 font_manager.py[line:1483] DEBUG findfont: score(FontEntry(fname='C:\\Windows\\Fonts\\timesbd.ttf', name='Times New Roman', style='normal', variant='normal', weight=700, stretch='normal', size='scalable')) = 10.335
Sun, 22 Mar 2026 19:08:27 font_manager.py[line:1483] DEBUG findfont: score(FontEntry(fname='C:\\Windows\\Fonts\\msyi.ttf', name='Microsoft Yi Baiti', style='normal', variant='normal', weight=400, stretch='normal', size='scalable')) = 10.05
Sun, 22 Mar 2026 19:08:27 font_manager.py[line:1483] DEBUG findfont: score(FontEntry(fname='C:\\Windows\\Fonts\\PERBI___.TTF', name='Perpetua', style='italic', variant='normal', weight=700, stretch='normal', size='scalable')) = 11.335
Sun, 22 Mar 2026 19:08:27 font_manager.py[line:1483] DEBUG findfont: score(FontEntry(fname='C:\\Windows\\Fonts\\GOUDOSI.TTF', name='Goudy Old Style', style='italic', variant='normal', weight=400, stretch='normal', size='scalable')) = 11.05
Sun, 22 Mar 2026 19:08:27 font_manager.py[line:1483] DEBUG findfont: score(FontEntry(fname='C:\\Windows\\Fonts\\mmrtextb.ttf', name='Myanmar Text', style='normal', variant='normal', weight=700, stretch='normal', size='scalable')) = 10.335
Sun, 22 Mar 2026 19:08:27 font_manager.py[line:1483] DEBUG findfont: score(FontEntry(fname='C:\\Windows\\Fonts\\msyhbd.ttc', name='Microsoft YaHei', style='normal', variant='normal', weight=700, stretch='normal', size='scalable')) = 10.335
Sun, 22 Mar 2026 19:08:27 font_manager.py[line:1483] DEBUG findfont: score(FontEntry(fname='C:\\Windows\\Fonts\\ONYX.TTF', name='Onyx', style='normal', variant='normal', weight=400, stretch='normal', size='scalable')) = 10.05
Sun, 22 Mar 2026 19:08:27 font_manager.py[line:1483] DEBUG findfont: score(FontEntry(fname='C:\\Windows\\Fonts\\BRADHITC.TTF', name='Bradley Hand ITC', style='normal', variant='normal', weight=400, stretch='normal', size='scalable')) = 10.05
Sun, 22 Mar 2026 19:08:27 font_manager.py[line:1483] DEBUG findfont: score(FontEntry(fname='C:\\Windows\\Fonts\\LFAXDI.TTF', name='Lucida Fax', style='italic', variant='normal', weight=600, stretch='normal', size='scalable')) = 11.24
Sun, 22 Mar 2026 19:08:27 font_manager.py[line:1483] DEBUG findfont: score(FontEntry(fname='C:\\Windows\\Fonts\\NIAGENG.TTF', name='Niagara Engraved', style='normal', variant='normal', weight=400, stretch='normal', size='scalable')) = 10.05
Sun, 22 Mar 2026 19:08:27 font_manager.py[line:1483] DEBUG findfont: score(FontEntry(fname='C:\\Windows\\Fonts\\phagspab.ttf', name='Microsoft PhagsPa', style='normal', variant='normal', weight=700, stretch='normal', size='scalable')) = 10.335
Sun, 22 Mar 2026 19:08:27 font_manager.py[line:1483] DEBUG findfont: score(FontEntry(fname='C:\\Windows\\Fonts\\TCM_____.TTF', name='Tw Cen MT', style='normal', variant='normal', weight=400, stretch='normal', size='scalable')) = 10.05
Sun, 22 Mar 2026 19:08:27 font_manager.py[line:1483] DEBUG findfont: score(FontEntry(fname='C:\\Windows\\Fonts\\tahomabd.ttf', name='Tahoma', style='normal', variant='normal', weight=700, stretch='normal', size='scalable')) = 10.335
Sun, 22 Mar 2026 19:08:27 font_manager.py[line:1483] DEBUG findfont: score(FontEntry(fname='C:\\Windows\\Fonts\\GLECB.TTF', name='Gloucester MT Extra Condensed', style='normal', variant='normal', weight=400, stretch='condensed', size='scalable')) = 10.25
Sun, 22 Mar 2026 19:08:27 font_manager.py[line:1483] DEBUG findfont: score(FontEntry(fname='C:\\Windows\\Fonts\\LSANSD.TTF', name='Lucida Sans', style='normal', variant='normal', weight=600, stretch='normal', size='scalable')) = 10.24
Sun, 22 Mar 2026 19:08:27 font_manager.py[line:1483] DEBUG findfont: score(FontEntry(fname='C:\\Windows\\Fonts\\AGENCYB.TTF', name='Agency FB', style='normal', variant='normal', weight=700, stretch='normal', size='scalable')) = 10.335
Sun, 22 Mar 2026 19:08:27 font_manager.py[line:1483] DEBUG findfont: score(FontEntry(fname='C:\\Windows\\Fonts\\LSANSDI.TTF', name='Lucida Sans', style='italic', variant='normal', weight=600, stretch='normal', size='scalable')) = 11.24
Sun, 22 Mar 2026 19:08:27 font_manager.py[line:1483] DEBUG findfont: score(FontEntry(fname='C:\\Windows\\Fonts\\msyhl.ttc', name='Microsoft YaHei', style='normal', variant='normal', weight=290, stretch='normal', size='scalable')) = 10.1545
Sun, 22 Mar 2026 19:08:27 font_manager.py[line:1483] DEBUG findfont: score(FontEntry(fname='C:\\Windows\\Fonts\\BOOKOSB.TTF', name='Bookman Old Style', style='normal', variant='normal', weight=600, stretch='normal', size='scalable')) = 10.24
Sun, 22 Mar 2026 19:08:27 font_manager.py[line:1483] DEBUG findfont: score(FontEntry(fname='C:\\Windows\\Fonts\\SitkaVF-Italic.ttf', name='Sitka', style='italic', variant='normal', weight=400, stretch='normal', size='scalable')) = 11.05
Sun, 22 Mar 2026 19:08:27 font_manager.py[line:1483] DEBUG findfont: score(FontEntry(fname='C:\\Windows\\Fonts\\HARNGTON.TTF', name='Harrington', style='normal', variant='normal', weight=400, stretch='normal', size='scalable')) = 10.05
Sun, 22 Mar 2026 19:08:27 font_manager.py[line:1483] DEBUG findfont: score(FontEntry(fname='C:\\Windows\\Fonts\\BOD_CB.TTF', name='Bodoni MT', style='normal', variant='normal', weight=700, stretch='condensed', size='scalable')) = 10.535
Sun, 22 Mar 2026 19:08:27 font_manager.py[line:1483] DEBUG findfont: score(FontEntry(fname='C:\\Windows\\Fonts\\Gabriola.ttf', name='Gabriola', style='normal', variant='normal', weight=400, stretch='normal', size='scalable')) = 10.05
Sun, 22 Mar 2026 19:08:27 font_manager.py[line:1483] DEBUG findfont: score(FontEntry(fname='C:\\Windows\\Fonts\\pala.ttf', name='Palatino Linotype', style='normal', variant='normal', weight=400, stretch='normal', size='scalable')) = 10.05
Sun, 22 Mar 2026 19:08:27 font_manager.py[line:1483] DEBUG findfont: score(FontEntry(fname='C:\\Windows\\Fonts\\JOKERMAN.TTF', name='Jokerman', style='normal', variant='normal', weight=400, stretch='normal', size='scalable')) = 10.05
Sun, 22 Mar 2026 19:08:27 font_manager.py[line:1483] DEBUG findfont: score(FontEntry(fname='C:\\Windows\\Fonts\\segoeuib.ttf', name='Segoe UI', style='normal', variant='normal', weight=700, stretch='normal', size='scalable')) = 10.335
Sun, 22 Mar 2026 19:08:27 font_manager.py[line:1483] DEBUG findfont: score(FontEntry(fname='C:\\Windows\\Fonts\\ROCKBI.TTF', name='Rockwell', style='italic', variant='normal', weight=700, stretch='normal', size='scalable')) = 11.335
Sun, 22 Mar 2026 19:08:27 font_manager.py[line:1483] DEBUG findfont: score(FontEntry(fname='C:\\Windows\\Fonts\\BAUHS93.TTF', name='Bauhaus 93', style='normal', variant='normal', weight=400, stretch='normal', size='scalable')) = 10.05
Sun, 22 Mar 2026 19:08:27 font_manager.py[line:1483] DEBUG findfont: score(FontEntry(fname='C:\\Windows\\Fonts\\TEMPSITC.TTF', name='Tempus Sans ITC', style='normal', variant='normal', weight=400, stretch='normal', size='scalable')) = 10.05
Sun, 22 Mar 2026 19:08:27 font_manager.py[line:1483] DEBUG findfont: score(FontEntry(fname='C:\\Windows\\Fonts\\LeelUIsl.ttf', name='Leelawadee UI', style='normal', variant='normal', weight=350, stretch='normal', size='scalable')) = 10.0975
Sun, 22 Mar 2026 19:08:27 font_manager.py[line:1483] DEBUG findfont: score(FontEntry(fname='C:\\Windows\\Fonts\\PERTILI.TTF', name='Perpetua Titling MT', style='normal', variant='normal', weight=300, stretch='normal', size='scalable')) = 10.145
Sun, 22 Mar 2026 19:08:27 font_manager.py[line:1483] DEBUG findfont: score(FontEntry(fname='C:\\Windows\\Fonts\\CURLZ___.TTF', name='Curlz MT', style='normal', variant='normal', weight=400, stretch='normal', size='scalable')) = 10.05
Sun, 22 Mar 2026 19:08:27 font_manager.py[line:1483] DEBUG findfont: score(FontEntry(fname='C:\\Windows\\Fonts\\mmrtext.ttf', name='Myanmar Text', style='normal', variant='normal', weight=400, stretch='normal', size='scalable')) = 10.05
Sun, 22 Mar 2026 19:08:27 font_manager.py[line:1483] DEBUG findfont: score(FontEntry(fname='C:\\Windows\\Fonts\\FRAHV.TTF', name='Franklin Gothic Heavy', style='normal', variant='normal', weight=400, stretch='normal', size='scalable')) = 10.05
Sun, 22 Mar 2026 19:08:27 font_manager.py[line:1483] DEBUG findfont: score(FontEntry(fname='C:\\Windows\\Fonts\\ALGER.TTF', name='Algerian', style='normal', variant='normal', weight=400, stretch='normal', size='scalable')) = 10.05
Sun, 22 Mar 2026 19:08:27 font_manager.py[line:1483] DEBUG findfont: score(FontEntry(fname='C:\\Windows\\Fonts\\MATURASC.TTF', name='Matura MT Script Capitals', style='normal', variant='normal', weight=400, stretch='normal', size='scalable')) = 10.05
Sun, 22 Mar 2026 19:08:27 font_manager.py[line:1483] DEBUG findfont: score(FontEntry(fname='C:\\Windows\\Fonts\\GIGI.TTF', name='Gigi', style='normal', variant='normal', weight=400, stretch='normal', size='scalable')) = 10.05
Sun, 22 Mar 2026 19:08:27 font_manager.py[line:1483] DEBUG findfont: score(FontEntry(fname='C:\\Windows\\Fonts\\segoeuii.ttf', name='Segoe UI', style='italic', variant='normal', weight=400, stretch='normal', size='scalable')) = 11.05
Sun, 22 Mar 2026 19:08:27 font_manager.py[line:1483] DEBUG findfont: score(FontEntry(fname='C:\\Windows\\Fonts\\verdanai.ttf', name='Verdana', style='italic', variant='normal', weight=400, stretch='normal', size='scalable')) = 4.6863636363636365
Sun, 22 Mar 2026 19:08:27 font_manager.py[line:1483] DEBUG findfont: score(FontEntry(fname='C:\\Windows\\Fonts\\verdanaz.ttf', name='Verdana', style='italic', variant='normal', weight=700, stretch='normal', size='scalable')) = 4.971363636363637
Sun, 22 Mar 2026 19:08:27 font_manager.py[line:1483] DEBUG findfont: score(FontEntry(fname='C:\\Windows\\Fonts\\georgia.ttf', name='Georgia', style='normal', variant='normal', weight=400, stretch='normal', size='scalable')) = 10.05
Sun, 22 Mar 2026 19:08:27 font_manager.py[line:1483] DEBUG findfont: score(FontEntry(fname='C:\\Windows\\Fonts\\georgiab.ttf', name='Georgia', style='normal', variant='normal', weight=700, stretch='normal', size='scalable')) = 10.335
Sun, 22 Mar 2026 19:08:27 font_manager.py[line:1483] DEBUG findfont: score(FontEntry(fname='C:\\Windows\\Fonts\\FREESCPT.TTF', name='Freestyle Script', style='normal', variant='normal', weight=400, stretch='normal', size='scalable')) = 10.05
Sun, 22 Mar 2026 19:08:27 font_manager.py[line:1483] DEBUG findfont: score(FontEntry(fname='C:\\Windows\\Fonts\\segoeui.ttf', name='Segoe UI', style='normal', variant='normal', weight=400, stretch='normal', size='scalable')) = 10.05
Sun, 22 Mar 2026 19:08:27 font_manager.py[line:1483] DEBUG findfont: score(FontEntry(fname='C:\\Windows\\Fonts\\PRISTINA.TTF', name='Pristina', style='normal', variant='normal', weight=400, stretch='normal', size='scalable')) = 10.05
Sun, 22 Mar 2026 19:08:27 font_manager.py[line:1483] DEBUG findfont: score(FontEntry(fname='C:\\Windows\\Fonts\\corbeli.ttf', name='Corbel', style='italic', variant='normal', weight=400, stretch='normal', size='scalable')) = 11.05
Sun, 22 Mar 2026 19:08:27 font_manager.py[line:1483] DEBUG findfont: score(FontEntry(fname='C:\\Windows\\Fonts\\PERTIBD.TTF', name='Perpetua Titling MT', style='normal', variant='normal', weight=700, stretch='normal', size='scalable')) = 10.335
Sun, 22 Mar 2026 19:08:27 font_manager.py[line:1483] DEBUG findfont: score(FontEntry(fname='C:\\Windows\\Fonts\\HATTEN.TTF', name='Haettenschweiler', style='normal', variant='normal', weight=400, stretch='normal', size='scalable')) = 10.05
Sun, 22 Mar 2026 19:08:27 font_manager.py[line:1483] DEBUG findfont: score(FontEntry(fname='C:\\Windows\\Fonts\\lucon.ttf', name='Lucida Console', style='normal', variant='normal', weight=400, stretch='normal', size='scalable')) = 10.05
Sun, 22 Mar 2026 19:08:27 font_manager.py[line:1483] DEBUG findfont: score(FontEntry(fname='C:\\Windows\\Fonts\\INFROMAN.TTF', name='Informal Roman', style='normal', variant='normal', weight=400, stretch='normal', size='scalable')) = 10.05
Sun, 22 Mar 2026 19:08:27 font_manager.py[line:1483] DEBUG findfont: score(FontEntry(fname='C:\\Windows\\Fonts\\MTEXTRA.TTF', name='MT Extra', style='normal', variant='normal', weight=400, stretch='normal', size='scalable')) = 10.05
Sun, 22 Mar 2026 19:08:27 font_manager.py[line:1483] DEBUG findfont: score(FontEntry(fname='C:\\Windows\\Fonts\\GOUDOSB.TTF', name='Goudy Old Style', style='normal', variant='normal', weight=700, stretch='normal', size='scalable')) = 10.335
Sun, 22 Mar 2026 19:08:27 font_manager.py[line:1483] DEBUG findfont: score(FontEntry(fname='C:\\Windows\\Fonts\\FRAHVIT.TTF', name='Franklin Gothic Heavy', style='italic', variant='normal', weight=400, stretch='normal', size='scalable')) = 11.05
Sun, 22 Mar 2026 19:08:27 font_manager.py[line:1483] DEBUG findfont: score(FontEntry(fname='C:\\Windows\\Fonts\\GOTHICI.TTF', name='Century Gothic', style='italic', variant='normal', weight=400, stretch='normal', size='scalable')) = 11.05
Sun, 22 Mar 2026 19:08:27 font_manager.py[line:1483] DEBUG findfont: score(FontEntry(fname='C:\\Windows\\Fonts\\BROADW.TTF', name='Broadway', style='normal', variant='normal', weight=400, stretch='normal', size='scalable')) = 10.05
Sun, 22 Mar 2026 19:08:27 font_manager.py[line:1483] DEBUG findfont: score(FontEntry(fname='C:\\Windows\\Fonts\\verdana.ttf', name='Verdana', style='normal', variant='normal', weight=400, stretch='normal', size='scalable')) = 3.6863636363636365
Sun, 22 Mar 2026 19:08:27 font_manager.py[line:1483] DEBUG findfont: score(FontEntry(fname='C:\\Windows\\Fonts\\seguili.ttf', name='Segoe UI', style='italic', variant='normal', weight=300, stretch='normal', size='scalable')) = 11.145
Sun, 22 Mar 2026 19:08:27 font_manager.py[line:1483] DEBUG findfont: score(FontEntry(fname='C:\\Windows\\Fonts\\LeelawUI.ttf', name='Leelawadee UI', style='normal', variant='normal', weight=400, stretch='normal', size='scalable')) = 10.05
Sun, 22 Mar 2026 19:08:27 font_manager.py[line:1483] DEBUG findfont: score(FontEntry(fname='C:\\Windows\\Fonts\\calibrib.ttf', name='Calibri', style='normal', variant='normal', weight=700, stretch='normal', size='scalable')) = 10.335
Sun, 22 Mar 2026 19:08:27 font_manager.py[line:1483] DEBUG findfont: score(FontEntry(fname='C:\\Windows\\Fonts\\LBRITEI.TTF', name='Lucida Bright', style='italic', variant='normal', weight=400, stretch='normal', size='scalable')) = 11.05
Sun, 22 Mar 2026 19:08:27 font_manager.py[line:1483] DEBUG findfont: score(FontEntry(fname='C:\\Windows\\Fonts\\taileb.ttf', name='Microsoft Tai Le', style='normal', variant='normal', weight=700, stretch='normal', size='scalable')) = 10.335
Sun, 22 Mar 2026 19:08:27 font_manager.py[line:1483] DEBUG findfont: score(FontEntry(fname='C:\\Windows\\Fonts\\Nirmala.ttc', name='Nirmala UI', style='normal', variant='normal', weight=400, stretch='normal', size='scalable')) = 10.05
Sun, 22 Mar 2026 19:08:27 font_manager.py[line:1483] DEBUG findfont: score(FontEntry(fname='C:\\Windows\\Fonts\\ENGR.TTF', name='Engravers MT', style='normal', variant='normal', weight=500, stretch='normal', size='scalable')) = 10.145
Sun, 22 Mar 2026 19:08:27 font_manager.py[line:1483] DEBUG findfont: score(FontEntry(fname='C:\\Windows\\Fonts\\CENTAUR.TTF', name='Centaur', style='normal', variant='normal', weight=400, stretch='normal', size='scalable')) = 10.05
Sun, 22 Mar 2026 19:08:27 font_manager.py[line:1483] DEBUG findfont: score(FontEntry(fname='C:\\Windows\\Fonts\\msjhl.ttc', name='Microsoft JhengHei', style='normal', variant='normal', weight=290, stretch='normal', size='scalable')) = 10.1545
Sun, 22 Mar 2026 19:08:27 font_manager.py[line:1483] DEBUG findfont: score(FontEntry(fname='C:\\Windows\\Fonts\\GILLUBCD.TTF', name='Gill Sans Ultra Bold Condensed', style='normal', variant='normal', weight=400, stretch='condensed', size='scalable')) = 10.25
Sun, 22 Mar 2026 19:08:27 font_manager.py[line:1483] DEBUG findfont: score(FontEntry(fname='C:\\Windows\\Fonts\\CENTURY.TTF', name='Century', style='normal', variant='normal', weight=400, stretch='normal', size='scalable')) = 10.05
Sun, 22 Mar 2026 19:08:27 font_manager.py[line:1483] DEBUG findfont: score(FontEntry(fname='C:\\Windows\\Fonts\\GOTHICBI.TTF', name='Century Gothic', style='italic', variant='normal', weight=700, stretch='normal', size='scalable')) = 11.335
Sun, 22 Mar 2026 19:08:27 font_manager.py[line:1483] DEBUG findfont: score(FontEntry(fname='C:\\Windows\\Fonts\\FRADM.TTF', name='Franklin Gothic Demi', style='normal', variant='normal', weight=400, stretch='normal', size='scalable')) = 10.05
Sun, 22 Mar 2026 19:08:27 font_manager.py[line:1483] DEBUG findfont: score(FontEntry(fname='C:\\Windows\\Fonts\\ERASLGHT.TTF', name='Eras Light ITC', style='normal', variant='normal', weight=400, stretch='normal', size='scalable')) = 10.05
Sun, 22 Mar 2026 19:08:27 font_manager.py[line:1483] DEBUG findfont: score(FontEntry(fname='C:\\Windows\\Fonts\\symbol.ttf', name='Symbol', style='normal', variant='normal', weight=400, stretch='normal', size='scalable')) = 10.05
Sun, 22 Mar 2026 19:08:27 font_manager.py[line:1483] DEBUG findfont: score(FontEntry(fname='C:\\Windows\\Fonts\\BOD_R.TTF', name='Bodoni MT', style='normal', variant='normal', weight=400, stretch='normal', size='scalable')) = 10.05
Sun, 22 Mar 2026 19:08:27 font_manager.py[line:1483] DEBUG findfont: score(FontEntry(fname='C:\\Windows\\Fonts\\LBRITE.TTF', name='Lucida Bright', style='normal', variant='normal', weight=400, stretch='normal', size='scalable')) = 10.05
Sun, 22 Mar 2026 19:08:27 font_manager.py[line:1483] DEBUG findfont: score(FontEntry(fname='C:\\Windows\\Fonts\\CALIFB.TTF', name='Californian FB', style='normal', variant='normal', weight=700, stretch='normal', size='scalable')) = 10.335
Sun, 22 Mar 2026 19:08:27 font_manager.py[line:1483] DEBUG findfont: score(FontEntry(fname='C:\\Windows\\Fonts\\sylfaen.ttf', name='Sylfaen', style='normal', variant='normal', weight=400, stretch='normal', size='scalable')) = 10.05
Sun, 22 Mar 2026 19:08:27 font_manager.py[line:1483] DEBUG findfont: score(FontEntry(fname='C:\\Windows\\Fonts\\l_10646.ttf', name='Lucida Sans Unicode', style='normal', variant='normal', weight=400, stretch='normal', size='scalable')) = 10.05
Sun, 22 Mar 2026 19:08:27 font_manager.py[line:1483] DEBUG findfont: score(FontEntry(fname='C:\\Windows\\Fonts\\segoeuiz.ttf', name='Segoe UI', style='italic', variant='normal', weight=700, stretch='normal', size='scalable')) = 11.335
Sun, 22 Mar 2026 19:08:27 font_manager.py[line:1483] DEBUG findfont: score(FontEntry(fname='C:\\Windows\\Fonts\\GOUDOS.TTF', name='Goudy Old Style', style='normal', variant='normal', weight=400, stretch='normal', size='scalable')) = 10.05
Sun, 22 Mar 2026 19:08:27 font_manager.py[line:1483] DEBUG findfont: score(FontEntry(fname='C:\\Windows\\Fonts\\constani.ttf', name='Constantia', style='italic', variant='normal', weight=400, stretch='normal', size='scalable')) = 11.05
Sun, 22 Mar 2026 19:08:27 font_manager.py[line:1483] DEBUG findfont: score(FontEntry(fname='C:\\Windows\\Fonts\\BRUSHSCI.TTF', name='Brush Script MT', style='italic', variant='normal', weight=400, stretch='normal', size='scalable')) = 11.05
Sun, 22 Mar 2026 19:08:27 font_manager.py[line:1483] DEBUG findfont: score(FontEntry(fname='C:\\Windows\\Fonts\\seguisbi.ttf', name='Segoe UI', style='italic', variant='normal', weight=600, stretch='normal', size='scalable')) = 11.24
Sun, 22 Mar 2026 19:08:27 font_manager.py[line:1483] DEBUG findfont: score(FontEntry(fname='C:\\Windows\\Fonts\\FELIXTI.TTF', name='Felix Titling', style='normal', variant='normal', weight=400, stretch='normal', size='scalable')) = 10.05
Sun, 22 Mar 2026 19:08:27 font_manager.py[line:1483] DEBUG findfont: score(FontEntry(fname='C:\\Windows\\Fonts\\comicbd.ttf', name='Comic Sans MS', style='normal', variant='normal', weight=700, stretch='normal', size='scalable')) = 10.335
Sun, 22 Mar 2026 19:08:27 font_manager.py[line:1483] DEBUG findfont: score(FontEntry(fname='C:\\Windows\\Fonts\\OCRAEXT.TTF', name='OCR A Extended', style='normal', variant='normal', weight=400, stretch='expanded', size='scalable')) = 10.25
Sun, 22 Mar 2026 19:08:27 font_manager.py[line:1483] DEBUG findfont: score(FontEntry(fname='C:\\Windows\\Fonts\\SansSerifCollection.ttf', name='Sans Serif Collection', style='normal', variant='normal', weight=400, stretch='normal', size='scalable')) = 10.05
Sun, 22 Mar 2026 19:08:27 font_manager.py[line:1483] DEBUG findfont: score(FontEntry(fname='C:\\Windows\\Fonts\\times.ttf', name='Times New Roman', style='normal', variant='normal', weight=400, stretch='normal', size='scalable')) = 10.05
Sun, 22 Mar 2026 19:08:27 font_manager.py[line:1483] DEBUG findfont: score(FontEntry(fname='C:\\Windows\\Fonts\\seguibl.ttf', name='Segoe UI', style='normal', variant='normal', weight=900, stretch='normal', size='scalable')) = 10.525
Sun, 22 Mar 2026 19:08:27 font_manager.py[line:1483] DEBUG findfont: score(FontEntry(fname='C:\\Windows\\Fonts\\LFAXI.TTF', name='Lucida Fax', style='italic', variant='normal', weight=400, stretch='normal', size='scalable')) = 11.05
Sun, 22 Mar 2026 19:08:27 font_manager.py[line:1483] DEBUG findfont: score(FontEntry(fname='C:\\Windows\\Fonts\\ROCKB.TTF', name='Rockwell', style='normal', variant='normal', weight=700, stretch='normal', size='scalable')) = 10.335
Sun, 22 Mar 2026 19:08:27 font_manager.py[line:1483] DEBUG findfont: score(FontEntry(fname='C:\\Windows\\Fonts\\BRLNSB.TTF', name='Berlin Sans FB', style='normal', variant='normal', weight=700, stretch='normal', size='scalable')) = 10.335
Sun, 22 Mar 2026 19:08:27 font_manager.py[line:1483] DEBUG findfont: score(FontEntry(fname='C:\\Windows\\Fonts\\TCCB____.TTF', name='Tw Cen MT Condensed', style='normal', variant='normal', weight=700, stretch='condensed', size='scalable')) = 10.535
Sun, 22 Mar 2026 19:08:27 font_manager.py[line:1483] DEBUG findfont: score(FontEntry(fname='C:\\Windows\\Fonts\\himalaya.ttf', name='Microsoft Himalaya', style='normal', variant='normal', weight=400, stretch='normal', size='scalable')) = 10.05
Sun, 22 Mar 2026 19:08:27 font_manager.py[line:1483] DEBUG findfont: score(FontEntry(fname='C:\\Windows\\Fonts\\msgothic.ttc', name='MS Gothic', style='normal', variant='normal', weight=400, stretch='normal', size='scalable')) = 10.05
Sun, 22 Mar 2026 19:08:27 font_manager.py[line:1483] DEBUG findfont: score(FontEntry(fname='C:\\Windows\\Fonts\\corbelz.ttf', name='Corbel', style='italic', variant='normal', weight=700, stretch='normal', size='scalable')) = 11.335
Sun, 22 Mar 2026 19:08:27 font_manager.py[line:1483] DEBUG findfont: score(FontEntry(fname='C:\\Windows\\Fonts\\ERASBD.TTF', name='Eras Bold ITC', style='normal', variant='normal', weight=400, stretch='normal', size='scalable')) = 10.05
Sun, 22 Mar 2026 19:08:27 font_manager.py[line:1483] DEBUG findfont: score(FontEntry(fname='C:\\Windows\\Fonts\\VLADIMIR.TTF', name='Vladimir Script', style='normal', variant='normal', weight=400, stretch='normal', size='scalable')) = 10.05
Sun, 22 Mar 2026 19:08:27 font_manager.py[line:1483] DEBUG findfont: score(FontEntry(fname='C:\\Windows\\Fonts\\simsunb.ttf', name='SimSun-ExtB', style='normal', variant='normal', weight=400, stretch='normal', size='scalable')) = 10.05
Sun, 22 Mar 2026 19:08:27 font_manager.py[line:1483] DEBUG findfont: score(FontEntry(fname='C:\\Windows\\Fonts\\JUICE___.TTF', name='Juice ITC', style='normal', variant='normal', weight=400, stretch='normal', size='scalable')) = 10.05
Sun, 22 Mar 2026 19:08:27 font_manager.py[line:1483] DEBUG findfont: score(FontEntry(fname='C:\\Windows\\Fonts\\SCRIPTBL.TTF', name='Script MT Bold', style='normal', variant='normal', weight=700, stretch='normal', size='scalable')) = 10.335
Sun, 22 Mar 2026 19:08:27 font_manager.py[line:1483] DEBUG findfont: score(FontEntry(fname='C:\\Windows\\Fonts\\msjh.ttc', name='Microsoft JhengHei', style='normal', variant='normal', weight=400, stretch='normal', size='scalable')) = 10.05
Sun, 22 Mar 2026 19:08:27 font_manager.py[line:1483] DEBUG findfont: score(FontEntry(fname='C:\\Windows\\Fonts\\MISTRAL.TTF', name='Mistral', style='normal', variant='normal', weight=400, stretch='normal', size='scalable')) = 10.05
Sun, 22 Mar 2026 19:08:27 font_manager.py[line:1483] DEBUG findfont: score(FontEntry(fname='C:\\Windows\\Fonts\\ROCKEB.TTF', name='Rockwell Extra Bold', style='normal', variant='normal', weight=800, stretch='normal', size='scalable')) = 10.43
Sun, 22 Mar 2026 19:08:27 font_manager.py[line:1483] DEBUG findfont: score(FontEntry(fname='C:\\Windows\\Fonts\\consola.ttf', name='Consolas', style='normal', variant='normal', weight=400, stretch='normal', size='scalable')) = 10.05
Sun, 22 Mar 2026 19:08:27 font_manager.py[line:1483] DEBUG findfont: score(FontEntry(fname='C:\\Windows\\Fonts\\REFSAN.TTF', name='MS Reference Sans Serif', style='normal', variant='normal', weight=400, stretch='normal', size='scalable')) = 10.05
Sun, 22 Mar 2026 19:08:27 font_manager.py[line:1483] DEBUG findfont: score(FontEntry(fname='C:\\Windows\\Fonts\\seguisli.ttf', name='Segoe UI', style='italic', variant='normal', weight=350, stretch='normal', size='scalable')) = 11.0975
Sun, 22 Mar 2026 19:08:27 font_manager.py[line:1483] DEBUG findfont: score(FontEntry(fname='C:\\Windows\\Fonts\\TCBI____.TTF', name='Tw Cen MT', style='italic', variant='normal', weight=700, stretch='normal', size='scalable')) = 11.335
Sun, 22 Mar 2026 19:08:27 font_manager.py[line:1483] DEBUG findfont: score(FontEntry(fname='C:\\Windows\\Fonts\\ARIALNI.TTF', name='Arial', style='italic', variant='normal', weight=400, stretch='condensed', size='scalable')) = 7.613636363636363
Sun, 22 Mar 2026 19:08:27 font_manager.py[line:1483] DEBUG findfont: score(FontEntry(fname='C:\\Windows\\Fonts\\calibrili.ttf', name='Calibri', style='italic', variant='normal', weight=300, stretch='normal', size='scalable')) = 11.145
Sun, 22 Mar 2026 19:08:27 font_manager.py[line:1483] DEBUG findfont: score(FontEntry(fname='C:\\Windows\\Fonts\\cour.ttf', name='Courier New', style='normal', variant='normal', weight=400, stretch='normal', size='scalable')) = 10.05
Sun, 22 Mar 2026 19:08:27 font_manager.py[line:1483] DEBUG findfont: score(FontEntry(fname='C:\\Windows\\Fonts\\CHILLER.TTF', name='Chiller', style='normal', variant='normal', weight=400, stretch='normal', size='scalable')) = 10.05
Sun, 22 Mar 2026 19:08:27 font_manager.py[line:1483] DEBUG findfont: score(FontEntry(fname='C:\\Windows\\Fonts\\WINGDNG3.TTF', name='Wingdings 3', style='normal', variant='normal', weight=400, stretch='normal', size='scalable')) = 10.05
Sun, 22 Mar 2026 19:08:27 font_manager.py[line:1483] DEBUG findfont: score(FontEntry(fname='C:\\Windows\\Fonts\\Inkfree.ttf', name='Ink Free', style='normal', variant='normal', weight=400, stretch='normal', size='scalable')) = 10.05
Sun, 22 Mar 2026 19:08:27 font_manager.py[line:1483] DEBUG findfont: score(FontEntry(fname='C:\\Windows\\Fonts\\trebucit.ttf', name='Trebuchet MS', style='italic', variant='normal', weight=400, stretch='normal', size='scalable')) = 11.05
Sun, 22 Mar 2026 19:08:27 font_manager.py[line:1483] DEBUG findfont: score(FontEntry(fname='C:\\Windows\\Fonts\\seguisb.ttf', name='Segoe UI', style='normal', variant='normal', weight=600, stretch='normal', size='scalable')) = 10.24
Sun, 22 Mar 2026 19:08:27 font_manager.py[line:1483] DEBUG findfont: score(FontEntry(fname='C:\\Windows\\Fonts\\BOOKOSI.TTF', name='Bookman Old Style', style='italic', variant='normal', weight=300, stretch='normal', size='scalable')) = 11.145
Sun, 22 Mar 2026 19:08:27 font_manager.py[line:1483] DEBUG findfont: score(FontEntry(fname='C:\\Windows\\Fonts\\segoeprb.ttf', name='Segoe Print', style='normal', variant='normal', weight=700, stretch='normal', size='scalable')) = 10.335
Sun, 22 Mar 2026 19:08:27 font_manager.py[line:1483] DEBUG findfont: score(FontEntry(fname='C:\\Windows\\Fonts\\FORTE.TTF', name='Forte', style='normal', variant='normal', weight=400, stretch='normal', size='scalable')) = 10.05
Sun, 22 Mar 2026 19:08:27 font_manager.py[line:1483] DEBUG findfont: score(FontEntry(fname='C:\\Windows\\Fonts\\ANTQUABI.TTF', name='Book Antiqua', style='italic', variant='normal', weight=700, stretch='normal', size='scalable')) = 11.335
Sun, 22 Mar 2026 19:08:27 font_manager.py[line:1483] DEBUG findfont: score(FontEntry(fname='C:\\Windows\\Fonts\\ERASMD.TTF', name='Eras Medium ITC', style='normal', variant='normal', weight=400, stretch='normal', size='scalable')) = 10.05
Sun, 22 Mar 2026 19:08:27 font_manager.py[line:1483] DEBUG findfont: score(FontEntry(fname='C:\\Windows\\Fonts\\KUNSTLER.TTF', name='Kunstler Script', style='normal', variant='normal', weight=400, stretch='normal', size='scalable')) = 10.05
Sun, 22 Mar 2026 19:08:27 font_manager.py[line:1483] DEBUG findfont: score(FontEntry(fname='C:\\Windows\\Fonts\\GLSNECB.TTF', name='Gill Sans MT Ext Condensed Bold', style='normal', variant='normal', weight=400, stretch='condensed', size='scalable')) = 10.25
Sun, 22 Mar 2026 19:08:27 font_manager.py[line:1483] DEBUG findfont: score(FontEntry(fname='C:\\Windows\\Fonts\\TCCEB.TTF', name='Tw Cen MT Condensed Extra Bold', style='normal', variant='normal', weight=400, stretch='condensed', size='scalable')) = 10.25
Sun, 22 Mar 2026 19:08:27 font_manager.py[line:1483] DEBUG findfont: score(FontEntry(fname='C:\\Windows\\Fonts\\ELEPHNTI.TTF', name='Elephant', style='italic', variant='normal', weight=400, stretch='normal', size='scalable')) = 11.05
Sun, 22 Mar 2026 19:08:27 font_manager.py[line:1483] DEBUG findfont: score(FontEntry(fname='C:\\Windows\\Fonts\\LTYPEO.TTF', name='Lucida Sans Typewriter', style='oblique', variant='normal', weight=400, stretch='normal', size='scalable')) = 11.05
Sun, 22 Mar 2026 19:08:27 font_manager.py[line:1483] DEBUG findfont: score(FontEntry(fname='C:\\Windows\\Fonts\\DUBAI-LIGHT.TTF', name='Dubai', style='normal', variant='normal', weight=300, stretch='normal', size='scalable')) = 10.145
Sun, 22 Mar 2026 19:08:27 font_manager.py[line:1483] DEBUG findfont: score(FontEntry(fname='C:\\Windows\\Fonts\\palai.ttf', name='Palatino Linotype', style='italic', variant='normal', weight=400, stretch='normal', size='scalable')) = 11.05
Sun, 22 Mar 2026 19:08:27 font_manager.py[line:1483] DEBUG findfont: score(FontEntry(fname='C:\\Windows\\Fonts\\MOD20.TTF', name='Modern No. 20', style='normal', variant='normal', weight=400, stretch='normal', size='scalable')) = 10.05
Sun, 22 Mar 2026 19:08:27 font_manager.py[line:1483] DEBUG findfont: score(FontEntry(fname='C:\\Windows\\Fonts\\BOOKOS.TTF', name='Bookman Old Style', style='normal', variant='normal', weight=300, stretch='normal', size='scalable')) = 10.145
Sun, 22 Mar 2026 19:08:27 font_manager.py[line:1483] DEBUG findfont: score(FontEntry(fname='C:\\Windows\\Fonts\\BOD_BLAR.TTF', name='Bodoni MT', style='normal', variant='normal', weight=900, stretch='normal', size='scalable')) = 10.525
Sun, 22 Mar 2026 19:08:27 font_manager.py[line:1483] DEBUG findfont: score(FontEntry(fname='C:\\Windows\\Fonts\\GOTHIC.TTF', name='Century Gothic', style='normal', variant='normal', weight=400, stretch='normal', size='scalable')) = 10.05
Sun, 22 Mar 2026 19:08:27 font_manager.py[line:1483] DEBUG findfont: score(FontEntry(fname='C:\\Windows\\Fonts\\arial.ttf', name='Arial', style='normal', variant='normal', weight=400, stretch='normal', size='scalable')) = 6.413636363636363
Sun, 22 Mar 2026 19:08:27 font_manager.py[line:1483] DEBUG findfont: score(FontEntry(fname='C:\\Windows\\Fonts\\comici.ttf', name='Comic Sans MS', style='italic', variant='normal', weight=400, stretch='normal', size='scalable')) = 11.05
Sun, 22 Mar 2026 19:08:27 font_manager.py[line:1483] DEBUG findfont: score(FontEntry(fname='C:\\Windows\\Fonts\\Candara.ttf', name='Candara', style='normal', variant='normal', weight=400, stretch='normal', size='scalable')) = 10.05
Sun, 22 Mar 2026 19:08:27 font_manager.py[line:1483] DEBUG findfont: score(FontEntry(fname='C:\\Windows\\Fonts\\malgun.ttf', name='Malgun Gothic', style='normal', variant='normal', weight=400, stretch='normal', size='scalable')) = 10.05
Sun, 22 Mar 2026 19:08:27 font_manager.py[line:1483] DEBUG findfont: score(FontEntry(fname='C:\\Windows\\Fonts\\BRITANIC.TTF', name='Britannic Bold', style='normal', variant='normal', weight=400, stretch='normal', size='scalable')) = 10.05
Sun, 22 Mar 2026 19:08:27 font_manager.py[line:1483] DEBUG findfont: score(FontEntry(fname='C:\\Windows\\Fonts\\COPRGTL.TTF', name='Copperplate Gothic Light', style='normal', variant='normal', weight=400, stretch='normal', size='scalable')) = 10.05
Sun, 22 Mar 2026 19:08:27 font_manager.py[line:1483] DEBUG findfont: score(FontEntry(fname='C:\\Windows\\Fonts\\YuGothM.ttc', name='Yu Gothic', style='normal', variant='normal', weight=500, stretch='normal', size='scalable')) = 10.145
Sun, 22 Mar 2026 19:08:27 font_manager.py[line:1483] DEBUG findfont: score(FontEntry(fname='C:\\Windows\\Fonts\\VINERITC.TTF', name='Viner Hand ITC', style='normal', variant='normal', weight=400, stretch='normal', size='scalable')) = 10.05
Sun, 22 Mar 2026 19:08:27 font_manager.py[line:1483] DEBUG findfont: score(FontEntry(fname='C:\\Windows\\Fonts\\DUBAI-REGULAR.TTF', name='Dubai', style='normal', variant='normal', weight=400, stretch='normal', size='scalable')) = 10.05
Sun, 22 Mar 2026 19:08:27 font_manager.py[line:1483] DEBUG findfont: score(FontEntry(fname='C:\\Windows\\Fonts\\seguisym.ttf', name='Segoe UI Symbol', style='normal', variant='normal', weight=400, stretch='normal', size='scalable')) = 10.05
Sun, 22 Mar 2026 19:08:27 font_manager.py[line:1483] DEBUG findfont: score(FontEntry(fname='C:\\Windows\\Fonts\\BELLB.TTF', name='Bell MT', style='normal', variant='normal', weight=700, stretch='normal', size='scalable')) = 10.335
Sun, 22 Mar 2026 19:08:27 font_manager.py[line:1483] DEBUG findfont: score(FontEntry(fname='C:\\Windows\\Fonts\\georgiaz.ttf', name='Georgia', style='italic', variant='normal', weight=700, stretch='normal', size='scalable')) = 11.335
Sun, 22 Mar 2026 19:08:27 font_manager.py[line:1483] DEBUG findfont: score(FontEntry(fname='C:\\Windows\\Fonts\\RAGE.TTF', name='Rage Italic', style='italic', variant='normal', weight=400, stretch='normal', size='scalable')) = 11.05
Sun, 22 Mar 2026 19:08:27 font_manager.py[line:1483] DEBUG findfont: score(FontEntry(fname='C:\\Windows\\Fonts\\arialbi.ttf', name='Arial', style='italic', variant='normal', weight=700, stretch='normal', size='scalable')) = 7.698636363636363
Sun, 22 Mar 2026 19:08:27 font_manager.py[line:1483] DEBUG findfont: score(FontEntry(fname='C:\\Windows\\Fonts\\GOUDYSTO.TTF', name='Goudy Stout', style='normal', variant='normal', weight=400, stretch='normal', size='scalable')) = 10.05
Sun, 22 Mar 2026 19:08:27 font_manager.py[line:1483] DEBUG findfont: score(FontEntry(fname='C:\\Windows\\Fonts\\calibril.ttf', name='Calibri', style='normal', variant='normal', weight=300, stretch='normal', size='scalable')) = 10.145
Sun, 22 Mar 2026 19:08:27 font_manager.py[line:1483] DEBUG findfont: score(FontEntry(fname='C:\\Windows\\Fonts\\msyh.ttc', name='Microsoft YaHei', style='normal', variant='normal', weight=400, stretch='normal', size='scalable')) = 10.05
Sun, 22 Mar 2026 19:08:27 font_manager.py[line:1483] DEBUG findfont: score(FontEntry(fname='C:\\Windows\\Fonts\\ariblk.ttf', name='Arial', style='normal', variant='normal', weight=900, stretch='normal', size='scalable')) = 6.888636363636364
Sun, 22 Mar 2026 19:08:27 font_manager.py[line:1483] DEBUG findfont: score(FontEntry(fname='C:\\Windows\\Fonts\\TCMI____.TTF', name='Tw Cen MT', style='italic', variant='normal', weight=400, stretch='normal', size='scalable')) = 11.05
Sun, 22 Mar 2026 19:08:27 font_manager.py[line:1483] DEBUG findfont: score(FontEntry(fname='C:\\Windows\\Fonts\\phagspa.ttf', name='Microsoft PhagsPa', style='normal', variant='normal', weight=400, stretch='normal', size='scalable')) = 10.05
Sun, 22 Mar 2026 19:08:27 font_manager.py[line:1483] DEBUG findfont: score(FontEntry(fname='C:\\Windows\\Fonts\\webdings.ttf', name='Webdings', style='normal', variant='normal', weight=400, stretch='normal', size='scalable')) = 10.05
Sun, 22 Mar 2026 19:08:27 font_manager.py[line:1483] DEBUG findfont: score(FontEntry(fname='C:\\Windows\\Fonts\\couri.ttf', name='Courier New', style='italic', variant='normal', weight=400, stretch='normal', size='scalable')) = 11.05
Sun, 22 Mar 2026 19:08:27 font_manager.py[line:1483] DEBUG findfont: score(FontEntry(fname='C:\\Windows\\Fonts\\ITCBLKAD.TTF', name='Blackadder ITC', style='normal', variant='normal', weight=400, stretch='normal', size='scalable')) = 10.05
Sun, 22 Mar 2026 19:08:27 font_manager.py[line:1515] DEBUG findfont: Matching sans\-serif:style=normal:variant=normal:weight=normal:stretch=normal:size=12.0 to DejaVu Sans ('C:\\detect cough\\detect-cough-disease-with-CovNet\\.venv\\Lib\\site-packages\\matplotlib\\mpl-data\\fonts\\ttf\\DejaVuSans.ttf') with score of 0.050000.
Sun, 22 Mar 2026 19:08:27 main.py[line:59] INFO Loss plot saved to ../save_model\plot\loss_curve.png
Sun, 22 Mar 2026 19:08:27 main.py[line:73] INFO UAR plot saved to ../save_model\plot\uar_curve.png
Sun, 22 Mar 2026 19:08:27 main.py[line:87] INFO AUC plot saved to ../save_model\plot\auc_curve.png
Sun, 22 Mar 2026 19:08:27 main.py[line:185] INFO ==================================================
Sun, 22 Mar 2026 19:08:27 main.py[line:186] INFO Epoch 2/30, lr: 0.001000
Sun, 22 Mar 2026 19:08:27 main.py[line:187] INFO ==================================================
Sun, 22 Mar 2026 19:10:23 main.py[line:234] INFO train: Loss=1.8497, UAR=0.3392, AUC=0.7595, Diag=[  12  719 1699   29  405  110   36  653   11]
Sun, 22 Mar 2026 19:10:37 main.py[line:234] INFO   val: Loss=1.3956, UAR=0.4008, AUC=0.8390, Diag=[  4 307 451  22 120  21   6 244   0]
Sun, 22 Mar 2026 19:10:37 main.py[line:264] INFO *** New best model saved (UAR=0.4008) \u2192 ../save_model\best_model.pth
Sun, 22 Mar 2026 19:10:37 main.py[line:59] INFO Loss plot saved to ../save_model\plot\loss_curve.png
Sun, 22 Mar 2026 19:10:37 main.py[line:73] INFO UAR plot saved to ../save_model\plot\uar_curve.png
Sun, 22 Mar 2026 19:10:38 main.py[line:87] INFO AUC plot saved to ../save_model\plot\auc_curve.png
Sun, 22 Mar 2026 19:10:38 main.py[line:185] INFO ==================================================
Sun, 22 Mar 2026 19:10:38 main.py[line:186] INFO Epoch 3/30, lr: 0.001000
Sun, 22 Mar 2026 19:10:38 main.py[line:187] INFO ==================================================
Sun, 22 Mar 2026 19:12:50 main.py[line:234] INFO train: Loss=1.6668, UAR=0.3958, AUC=0.7982, Diag=[  26  790 1807   40  433  116   48  778   10]
Sun, 22 Mar 2026 19:13:12 main.py[line:234] INFO   val: Loss=1.4725, UAR=0.4213, AUC=0.8552, Diag=[  6 133 386  12 131  50   9 238   1]
Sun, 22 Mar 2026 19:13:12 main.py[line:264] INFO *** New best model saved (UAR=0.4213) \u2192 ../save_model\best_model.pth
Sun, 22 Mar 2026 19:13:13 main.py[line:59] INFO Loss plot saved to ../save_model\plot\loss_curve.png
Sun, 22 Mar 2026 19:13:13 main.py[line:73] INFO UAR plot saved to ../save_model\plot\uar_curve.png
Sun, 22 Mar 2026 19:13:14 main.py[line:87] INFO AUC plot saved to ../save_model\plot\auc_curve.png
Sun, 22 Mar 2026 19:13:14 main.py[line:185] INFO ==================================================
Sun, 22 Mar 2026 19:13:14 main.py[line:186] INFO Epoch 4/30, lr: 0.001000
Sun, 22 Mar 2026 19:13:14 main.py[line:187] INFO ==================================================
Sun, 22 Mar 2026 19:15:40 main.py[line:234] INFO train: Loss=1.5401, UAR=0.4270, AUC=0.8267, Diag=[  29  839 2181   49  447  119   53  804   10]
Sun, 22 Mar 2026 19:16:04 main.py[line:234] INFO   val: Loss=1.2082, UAR=0.5062, AUC=0.8777, Diag=[ 12 201 642  16 126  44  15 229   1]
Sun, 22 Mar 2026 19:16:04 main.py[line:264] INFO *** New best model saved (UAR=0.5062) \u2192 ../save_model\best_model.pth
Sun, 22 Mar 2026 19:16:05 main.py[line:59] INFO Loss plot saved to ../save_model\plot\loss_curve.png
Sun, 22 Mar 2026 19:16:05 main.py[line:73] INFO UAR plot saved to ../save_model\plot\uar_curve.png
Sun, 22 Mar 2026 19:16:06 main.py[line:87] INFO AUC plot saved to ../save_model\plot\auc_curve.png
Sun, 22 Mar 2026 19:16:06 main.py[line:185] INFO ==================================================
Sun, 22 Mar 2026 19:16:06 main.py[line:186] INFO Epoch 5/30, lr: 0.001000
Sun, 22 Mar 2026 19:16:06 main.py[line:187] INFO ==================================================
Sun, 22 Mar 2026 19:18:32 main.py[line:234] INFO train: Loss=1.4734, UAR=0.4532, AUC=0.8419, Diag=[  35  910 2268   49  467  126   55  879   10]
Sun, 22 Mar 2026 19:18:53 main.py[line:234] INFO   val: Loss=1.1661, UAR=0.5025, AUC=0.8852, Diag=[ 11 266 886   7 125  34  20 169   2]
Sun, 22 Mar 2026 19:18:54 main.py[line:59] INFO Loss plot saved to ../save_model\plot\loss_curve.png
Sun, 22 Mar 2026 19:18:55 main.py[line:73] INFO UAR plot saved to ../save_model\plot\uar_curve.png
Sun, 22 Mar 2026 19:18:55 main.py[line:87] INFO AUC plot saved to ../save_model\plot\auc_curve.png
Sun, 22 Mar 2026 19:18:55 main.py[line:185] INFO ==================================================
Sun, 22 Mar 2026 19:18:55 main.py[line:186] INFO Epoch 6/30, lr: 0.001000
Sun, 22 Mar 2026 19:18:55 main.py[line:187] INFO ==================================================
Sun, 22 Mar 2026 19:21:13 main.py[line:234] INFO train: Loss=1.4006, UAR=0.4808, AUC=0.8565, Diag=[  37  946 2367   53  454  140   60  970   12]
Sun, 22 Mar 2026 19:21:35 main.py[line:234] INFO   val: Loss=1.0840, UAR=0.5630, AUC=0.9040, Diag=[ 11 328 724  22 122  44  20 227   0]
Sun, 22 Mar 2026 19:21:35 main.py[line:264] INFO *** New best model saved (UAR=0.5630) \u2192 ../save_model\best_model.pth
Sun, 22 Mar 2026 19:21:36 main.py[line:59] INFO Loss plot saved to ../save_model\plot\loss_curve.png
Sun, 22 Mar 2026 19:21:36 main.py[line:73] INFO UAR plot saved to ../save_model\plot\uar_curve.png
Sun, 22 Mar 2026 19:21:37 main.py[line:87] INFO AUC plot saved to ../save_model\plot\auc_curve.png
Sun, 22 Mar 2026 19:21:37 main.py[line:185] INFO ==================================================
Sun, 22 Mar 2026 19:21:37 main.py[line:186] INFO Epoch 7/30, lr: 0.001000
Sun, 22 Mar 2026 19:21:37 main.py[line:187] INFO ==================================================
Sun, 22 Mar 2026 19:24:00 main.py[line:234] INFO train: Loss=1.2520, UAR=0.5366, AUC=0.8834, Diag=[  49 1008 2544   59  471  136   65 1024   20]
Sun, 22 Mar 2026 19:24:22 main.py[line:234] INFO   val: Loss=1.0712, UAR=0.5526, AUC=0.9071, Diag=[ 15 274 796   7 122  44  18 201   4]
Sun, 22 Mar 2026 19:24:23 main.py[line:59] INFO Loss plot saved to ../save_model\plot\loss_curve.png
Sun, 22 Mar 2026 19:24:23 main.py[line:73] INFO UAR plot saved to ../save_model\plot\uar_curve.png
Sun, 22 Mar 2026 19:24:24 main.py[line:87] INFO AUC plot saved to ../save_model\plot\auc_curve.png
Sun, 22 Mar 2026 19:24:24 main.py[line:185] INFO ==================================================
Sun, 22 Mar 2026 19:24:24 main.py[line:186] INFO Epoch 8/30, lr: 0.001000
Sun, 22 Mar 2026 19:24:24 main.py[line:187] INFO ==================================================
Sun, 22 Mar 2026 19:26:45 main.py[line:234] INFO train: Loss=1.2622, UAR=0.5469, AUC=0.8824, Diag=[  49 1052 2660   63  466  142   70  971   19]
Sun, 22 Mar 2026 19:27:06 main.py[line:234] INFO   val: Loss=1.0918, UAR=0.6138, AUC=0.9169, Diag=[ 12 235 505  18 126  36  22 394   8]
Sun, 22 Mar 2026 19:27:06 main.py[line:264] INFO *** New best model saved (UAR=0.6138) \u2192 ../save_model\best_model.pth
Sun, 22 Mar 2026 19:27:07 main.py[line:59] INFO Loss plot saved to ../save_model\plot\loss_curve.png
Sun, 22 Mar 2026 19:27:07 main.py[line:73] INFO UAR plot saved to ../save_model\plot\uar_curve.png
Sun, 22 Mar 2026 19:27:08 main.py[line:87] INFO AUC plot saved to ../save_model\plot\auc_curve.png
Sun, 22 Mar 2026 19:27:08 main.py[line:185] INFO ==================================================
Sun, 22 Mar 2026 19:27:08 main.py[line:186] INFO Epoch 9/30, lr: 0.001000
Sun, 22 Mar 2026 19:27:08 main.py[line:187] INFO ==================================================
