start,end,label,filename
0.0,1.9969160997732427,sneeze,-M9pYoMpqtg_0_000-2_000.wav
0.0,8.865219456336451,etc,-Mdd8ysxJ5c_10_000-20_000.wav
8.865219456336451,10.0,cough,-Mdd8ysxJ5c_10_000-20_000.wav
0.0,1.29176473483957,etc,-v7IdeJI0-4_11_000-21_000.wav
1.29176473483957,3.688241643131717,silence,-v7IdeJI0-4_11_000-21_000.wav
3.688241643131717,6.247744191443739,speech,-v7IdeJI0-4_11_000-21_000.wav
6.247744191443739,6.883544187521247,sneeze,-v7IdeJI0-4_11_000-21_000.wav
6.883544187521247,9.62237493985513,etc,-v7IdeJI0-4_11_000-21_000.wav
9.62237493985513,9.642539682539685,etc,-v7IdeJI0-4_11_000-21_000.wav
0.0,10.0,etc,-xzOD_mm4F0_30_000-40_000.wav
0.0,3.0472508237232283,speech,0p1GeiDB1e4_170_000-180_000.wav
3.0472508237232283,3.90950370675453,silence,0p1GeiDB1e4_170_000-180_000.wav
3.90950370675453,6.66533154859967,etc,0p1GeiDB1e4_170_000-180_000.wav
6.66533154859967,7.984071252059308,cough,0p1GeiDB1e4_170_000-180_000.wav
7.984071252059308,10.0,etc,0p1GeiDB1e4_170_000-180_000.wav
0.0,1.2213007726140976,sneeze,0xtXIxoHDgk_150_000-160_000.wav
1.2213007726140976,5.853786149472145,silence,0xtXIxoHDgk_150_000-160_000.wav
5.853786149472145,8.220749480713483,speech,0xtXIxoHDgk_150_000-160_000.wav
8.220749480713483,8.677235266024313,sneeze,0xtXIxoHDgk_150_000-160_000.wav
8.677235266024313,9.99997732426304,speech,0xtXIxoHDgk_150_000-160_000.wav
0.0,3.1148785008237225,etc,0_ZF9vT5B-s_10_000-20_000.wav
3.1148785008237225,3.808062191103789,sneeze,0_ZF9vT5B-s_10_000-20_000.wav
3.808062191103789,8.592720345963755,silence,0_ZF9vT5B-s_10_000-20_000.wav
8.592720345963755,10.0,etc,0_ZF9vT5B-s_10_000-20_000.wav
0.0,1.576348846787479,speech,2ZxE0uMIfa0_10_000-20_000.wav
1.576348846787479,2.4893224876441518,sneeze,2ZxE0uMIfa0_10_000-20_000.wav
2.4893224876441518,5.076081136738056,etc,2ZxE0uMIfa0_10_000-20_000.wav
5.076081136738056,5.5156610378912685,sniffle,2ZxE0uMIfa0_10_000-20_000.wav
5.5156610378912685,7.13872528830313,speech,2ZxE0uMIfa0_10_000-20_000.wav
7.13872528830313,7.815002059308072,sneeze,2ZxE0uMIfa0_10_000-20_000.wav
7.815002059308072,10.0,speech,2ZxE0uMIfa0_10_000-20_000.wav
0.0,0.3604921746293244,sneeze,3NRA3-STV40_20_000-30_000.wav
0.3604921746293244,3.554458401976935,etc,3NRA3-STV40_20_000-30_000.wav
3.554458401976935,4.147642092257001,sniffle,3NRA3-STV40_20_000-30_000.wav
4.147642092257001,8.457464991762768,etc,3NRA3-STV40_20_000-30_000.wav
8.457464991762768,8.643441103789126,sniffle,3NRA3-STV40_20_000-30_000.wav
8.643441103789126,9.37043863261944,etc,3NRA3-STV40_20_000-30_000.wav
9.37043863261944,10.0,sniffle,3NRA3-STV40_20_000-30_000.wav
0.0,2.9061733572573707,speech,43MaVucRguE.wav
2.9061733572573707,5.4538975654814354,etc,43MaVucRguE.wav
5.4538975654814354,5.894244959495471,cough,43MaVucRguE.wav
5.894244959495471,7.152380370964146,etc,43MaVucRguE.wav
7.152380370964146,7.938715003132066,etc,43MaVucRguE.wav
7.938715003132066,11.838934778684957,cough,43MaVucRguE.wav
11.838934778684957,12.81398972257318,etc,43MaVucRguE.wav
12.81398972257318,15.078633463216793,cough,43MaVucRguE.wav
15.078633463216793,17.87798475373459,etc,43MaVucRguE.wav
17.87798475373459,20.07972172380477,cough,43MaVucRguE.wav
20.07972172380477,22.753259473175703,speech,43MaVucRguE.wav
22.753259473175703,30.09621930411173,cough,43MaVucRguE.wav
30.09621930411173,31.60598179787414,speech,43MaVucRguE.wav
31.60598179787414,37.50022675736962,cough,43MaVucRguE.wav
0.0,10.0,etc,7goRFxRaMzk_0_000-10_000.wav
0.0,5.326569470133827,speech,8BMW3d-PQb0_0_000-10_000.wav
5.326569470133827,8.519693178109021,silence,8BMW3d-PQb0_0_000-10_000.wav
8.519693178109021,10.0,sneeze,8BMW3d-PQb0_0_000-10_000.wav
0.0,3.8479354803612233,speech,8FEQuq03bgU_40_000-50_000.wav
3.8479354803612233,6.741703840713742,cough,8FEQuq03bgU_40_000-50_000.wav
6.741703840713742,10.0,speech,8FEQuq03bgU_40_000-50_000.wav
0.0,7.85124716553288,etc,8Qd-4VM9Ox0_50_000-60_000.wav
7.85124716553288,8.873476770754,silence,8Qd-4VM9Ox0_50_000-60_000.wav
8.873476770754,9.327045479273204,sneeze,8Qd-4VM9Ox0_50_000-60_000.wav
9.327045479273204,10.0,etc,8Qd-4VM9Ox0_50_000-60_000.wav
0.0,7.394859549332373,silence,8SRWgKxebS0_100_000-110_000.wav
7.394859549332373,8.347355997073693,gasp,8SRWgKxebS0_100_000-110_000.wav
8.347355997073693,10.00002267573696,sneeze,8SRWgKxebS0_100_000-110_000.wav
0.0,3.5672153765724186,etc,8YYeGsOzwQ0_30_000-40_000.wav
3.5672153765724186,4.299066363106372,sneeze,8YYeGsOzwQ0_30_000-40_000.wav
4.299066363106372,9.381043083900227,etc,8YYeGsOzwQ0_30_000-40_000.wav
0.0,1.3351678627494954,speech,9NDns7JDb4Y_130_000-140_000.wav
1.3351678627494954,2.396521047375538,etc,9NDns7JDb4Y_130_000-140_000.wav
2.396521047375538,6.124864285677278,etc,9NDns7JDb4Y_130_000-140_000.wav
6.124864285677278,10.00002267573696,etc,9NDns7JDb4Y_130_000-140_000.wav
0.0,3.4558231218501985,silence,A09CTUwEzeI_0_000-7_000.wav
3.4558231218501985,4.0542004183822735,sneeze,A09CTUwEzeI_0_000-7_000.wav
4.0542004183822735,6.222947845804988,etc,A09CTUwEzeI_0_000-7_000.wav
0.0,2.401049460630587,cough,aeWiKB1oEKo_0_000-10_000.wav
2.401049460630587,5.686264622831787,speech,aeWiKB1oEKo_0_000-10_000.wav
5.686264622831787,10.0,cough,aeWiKB1oEKo_0_000-10_000.wav
0.0,2.578150008458145,cough,AeWINP1ELkg_40_000-50_000.wav
2.578150008458145,4.056939582818254,etc,AeWINP1ELkg_40_000-50_000.wav
4.056939582818254,10.0,cough,AeWINP1ELkg_40_000-50_000.wav
0.0,6.279537218708396,speech,AjbyESmmyts_70_000-80_000.wav
6.279537218708396,8.874054361109954,cough,AjbyESmmyts_70_000-80_000.wav
8.874054361109954,9.99997732426304,speech,AjbyESmmyts_70_000-80_000.wav
0.0,1.3561562284479955,etc,AnFLES8rJfw_10_000-20_000.wav
1.3561562284479955,2.073413447149605,speech,AnFLES8rJfw_10_000-20_000.wav
2.073413447149605,4.1897649936889225,etc,AnFLES8rJfw_10_000-20_000.wav
4.1897649936889225,6.235276321097216,speech,AnFLES8rJfw_10_000-20_000.wav
6.235276321097216,9.42308618199326,etc,AnFLES8rJfw_10_000-20_000.wav
9.42308618199326,10.0,cough,AnFLES8rJfw_10_000-20_000.wav
0.0,2.0468483649754714,speech,AnrcPBN7yms_10_000-20_000.wav
2.0468483649754714,2.4718896797616106,sniffle,AnrcPBN7yms_10_000-20_000.wav
2.4718896797616106,3.2511320902028653,cough,AnrcPBN7yms_10_000-20_000.wav
3.2511320902028653,4.853892048042264,speech,AnrcPBN7yms_10_000-20_000.wav
4.853892048042264,5.650844513266275,cough,AnrcPBN7yms_10_000-20_000.wav
5.650844513266275,7.22703938893154,etc,AnrcPBN7yms_10_000-20_000.wav
7.22703938893154,10.0,cough,AnrcPBN7yms_10_000-20_000.wav
0.0,4.960152376738798,cough,BCx-qhmHoZI_50_000-60_000.wav
4.960152376738798,6.465507033273041,speech,BCx-qhmHoZI_50_000-60_000.wav
6.465507033273041,10.0,etc,BCx-qhmHoZI_50_000-60_000.wav
0.0,5.943060417181745,etc,bEah4B4VQwg_10_000-20_000.wav
5.943060417181745,10.0,cough,bEah4B4VQwg_10_000-20_000.wav
0.0,2.107477718819226,speech,BidOw_A5Y40_40_000-50_000.wav
2.107477718819226,2.808695241529717,silence,BidOw_A5Y40_40_000-50_000.wav
2.808695241529717,4.077073995844281,sneeze,BidOw_A5Y40_40_000-50_000.wav
4.077073995844281,5.23202050383803,gasp,BidOw_A5Y40_40_000-50_000.wav
5.23202050383803,5.840429825013309,sniffle,BidOw_A5Y40_40_000-50_000.wav
5.840429825013309,6.892256109079044,gasp,BidOw_A5Y40_40_000-50_000.wav
6.892256109079044,7.55222554221833,sniffle,BidOw_A5Y40_40_000-50_000.wav
7.55222554221833,8.593739803891264,etc,BidOw_A5Y40_40_000-50_000.wav
8.593739803891264,10.0,gasp,BidOw_A5Y40_40_000-50_000.wav
0.0,2.285934104542674,speech,bOranQrwlJI_10_000-20_000.wav
2.285934104542674,4.340300459342346,etc,bOranQrwlJI_10_000-20_000.wav
4.340300459342346,5.943060417181745,cough,bOranQrwlJI_10_000-20_000.wav
5.943060417181745,7.315589662845319,speech,bOranQrwlJI_10_000-20_000.wav
7.315589662845319,8.519873388072712,cough,bOranQrwlJI_10_000-20_000.wav
8.519873388072712,10.0,speech,bOranQrwlJI_10_000-20_000.wav
0.0,3.7161616387475087,speech,BSOoWjmtLdg_10_000-20_000.wav
3.7161616387475087,10.00002267573696,etc,BSOoWjmtLdg_10_000-20_000.wav
0.0,10.0,speech,bSRQuHPHXf4_70_000-80_000.wav
0.0,2.148725808390432,etc,c3UaeG-42TE_0_000-10_000.wav
2.148725808390432,4.737043428983566,silence,c3UaeG-42TE_0_000-10_000.wav
4.737043428983566,6.923192176257448,etc,c3UaeG-42TE_0_000-10_000.wav
6.923192176257448,8.366875311249634,silence,c3UaeG-42TE_0_000-10_000.wav
8.366875311249634,10.0,etc,c3UaeG-42TE_0_000-10_000.wav
0.0,3.2667573696145125,speech,DpXBWHg2O84_220_000-230_000.wav
3.2667573696145125,4.211130286950699,silence,DpXBWHg2O84_220_000-230_000.wav
4.211130286950699,4.499866913949136,speech,DpXBWHg2O84_220_000-230_000.wav
4.499866913949136,5.293892638194838,sneeze,DpXBWHg2O84_220_000-230_000.wav
5.293892638194838,6.789135885151031,etc,DpXBWHg2O84_220_000-230_000.wav
6.789135885151031,7.810026102038363,sniffle,DpXBWHg2O84_220_000-230_000.wav
7.810026102038363,9.604317998385795,etc,DpXBWHg2O84_220_000-230_000.wav
9.604317998385795,10.0,speech,DpXBWHg2O84_220_000-230_000.wav
0.0,1.6721970018947652,etc,dQhu7oGeQNQ_17_000-27_000.wav
1.6721970018947652,2.597968469499317,sneeze,dQhu7oGeQNQ_17_000-27_000.wav
2.597968469499317,7.064052802228968,etc,dQhu7oGeQNQ_17_000-27_000.wav
7.064052802228968,9.865487528344673,speech,dQhu7oGeQNQ_17_000-27_000.wav
0.0,0.444088407136072,etc,d_BRdG1JOAA_30_000-40_000.wav
0.444088407136072,1.426996447579019,speech,d_BRdG1JOAA_30_000-40_000.wav
1.426996447579019,3.4990728571614462,etc,d_BRdG1JOAA_30_000-40_000.wav
3.4990728571614462,6.093595882835169,speech,d_BRdG1JOAA_30_000-40_000.wav
6.093595882835169,6.810853101536779,cough,d_BRdG1JOAA_30_000-40_000.wav
6.810853101536779,10.0,speech,d_BRdG1JOAA_30_000-40_000.wav
0.0,4.242895158037189,etc,e35sr6gOG9A_170_000-180_000.wav
4.242895158037189,6.686882718057489,cough,e35sr6gOG9A_170_000-180_000.wav
6.686882718057489,10.0,etc,e35sr6gOG9A_170_000-180_000.wav
0.0,1.4802709326626895,cough,Ebl4NBkvH8Q_0_000-10_000.wav
1.4802709326626895,3.038907714650183,speech,Ebl4NBkvH8Q_0_000-10_000.wav
3.038907714650183,4.650679841478159,cough,Ebl4NBkvH8Q_0_000-10_000.wav
4.650679841478159,6.838084870744699,cough,Ebl4NBkvH8Q_0_000-10_000.wav
6.838084870744699,8.131044928529779,etc,Ebl4NBkvH8Q_0_000-10_000.wav
8.131044928529779,10.000975056689342,cough,Ebl4NBkvH8Q_0_000-10_000.wav
0.0,1.2056207627945712,etc,eFMExkx5v0Y_30_000-40_000.wav
1.2056207627945712,2.241658967585785,cough,eFMExkx5v0Y_30_000-40_000.wav
2.241658967585785,3.826708870642429,etc,eFMExkx5v0Y_30_000-40_000.wav
3.826708870642429,5.092977787609467,throat-clearing,eFMExkx5v0Y_30_000-40_000.wav
5.092977787609467,6.226421293705838,etc,eFMExkx5v0Y_30_000-40_000.wav
6.226421293705838,7.9708616898072835,cough,eFMExkx5v0Y_30_000-40_000.wav
7.9708616898072835,8.723539018074405,etc,eFMExkx5v0Y_30_000-40_000.wav
8.723539018074405,10.0,cough,eFMExkx5v0Y_30_000-40_000.wav
0.0,0.7462890707001465,etc,eQVTs74y4wE_90_000-100_000.wav
0.7462890707001465,2.1177849389677164,silence,eQVTs74y4wE_90_000-100_000.wav
2.1177849389677164,3.55115280129247,etc,eQVTs74y4wE_90_000-100_000.wav
3.55115280129247,5.067016655693468,silence,eQVTs74y4wE_90_000-100_000.wav
5.067016655693468,7.325344438780669,etc,eQVTs74y4wE_90_000-100_000.wav
7.325344438780669,9.26400025257242,silence,eQVTs74y4wE_90_000-100_000.wav
9.26400025257242,9.99997732426304,etc,eQVTs74y4wE_90_000-100_000.wav
0.0,1.2981564869223268,speech,EY9WIUNU1qw_0_000-10_000.wav
1.2981564869223268,2.6021722811632517,sneeze,EY9WIUNU1qw_0_000-10_000.wav
2.6021722811632517,3.785100894510376,etc,EY9WIUNU1qw_0_000-10_000.wav
3.785100894510376,4.586139168115515,silence,EY9WIUNU1qw_0_000-10_000.wav
4.586139168115515,6.178901316795501,etc,EY9WIUNU1qw_0_000-10_000.wav
6.178901316795501,7.063769177173271,silence,EY9WIUNU1qw_0_000-10_000.wav
7.063769177173271,7.631947487521102,etc,EY9WIUNU1qw_0_000-10_000.wav
7.631947487521102,8.498186550838287,silence,EY9WIUNU1qw_0_000-10_000.wav
8.498186550838287,9.032562358276644,etc,EY9WIUNU1qw_0_000-10_000.wav
0.0,1.5155467214927976,etc,Ff6rl7oz9kU_30_000-40_000.wav
1.5155467214927976,3.038611432809796,cough,Ff6rl7oz9kU_30_000-40_000.wav
3.038611432809796,7.351009772410831,etc,Ff6rl7oz9kU_30_000-40_000.wav
7.351009772410831,8.484453278507202,cough,Ff6rl7oz9kU_30_000-40_000.wav
8.484453278507202,10.0,throat-clearing,Ff6rl7oz9kU_30_000-40_000.wav
0.0,1.787805024642385,speech,FnA9n5Fy6xU_0_000-10_000.wav
1.787805024642385,2.6952629952089024,silence,FnA9n5Fy6xU_0_000-10_000.wav
2.6952629952089024,3.60272096577542,speech,FnA9n5Fy6xU_0_000-10_000.wav
3.60272096577542,4.922659832053991,silence,FnA9n5Fy6xU_0_000-10_000.wav
4.922659832053991,5.757933645870898,speech,FnA9n5Fy6xU_0_000-10_000.wav
5.757933645870898,6.675703638830217,silence,FnA9n5Fy6xU_0_000-10_000.wav
6.675703638830217,8.552491714320059,speech,FnA9n5Fy6xU_0_000-10_000.wav
8.552491714320059,9.09902890113853,etc,FnA9n5Fy6xU_0_000-10_000.wav
9.09902890113853,10.0,etc,FnA9n5Fy6xU_0_000-10_000.wav
0.0,1.849681353278465,etc,FP5BcltzMlo_10_000-20_000.wav
1.849681353278465,3.9945868747014543,silence,FP5BcltzMlo_10_000-20_000.wav
3.9945868747014543,5.355776917142967,sneeze,FP5BcltzMlo_10_000-20_000.wav
5.355776917142967,6.551974227167326,sniffle,FP5BcltzMlo_10_000-20_000.wav
6.551974227167326,10.00002267573696,speech,FP5BcltzMlo_10_000-20_000.wav
0.0,0.5400503151134237,speech,g0l8ArPOTvA_90_000-100_000.wav
0.5400503151134237,1.0556514347534904,silence,g0l8ArPOTvA_90_000-100_000.wav
1.0556514347534904,1.3031399721807224,etc,g0l8ArPOTvA_90_000-100_000.wav
1.3031399721807224,2.901503443064929,silence,g0l8ArPOTvA_90_000-100_000.wav
2.901503443064929,3.716153212096234,gasp,g0l8ArPOTvA_90_000-100_000.wav
3.716153212096234,5.603253309978878,silence,g0l8ArPOTvA_90_000-100_000.wav
5.603253309978878,6.541647347723799,sneeze,g0l8ArPOTvA_90_000-100_000.wav
6.541647347723799,8.078138684251197,speech,g0l8ArPOTvA_90_000-100_000.wav
8.078138684251197,9.41870159531537,silence,g0l8ArPOTvA_90_000-100_000.wav
9.41870159531537,10.0,speech,g0l8ArPOTvA_90_000-100_000.wav
0.0,2.664326928030498,etc,G8RVnKABX3s_30_000-40_000.wav
2.664326928030498,3.396480517919393,sneeze,G8RVnKABX3s_30_000-40_000.wav
3.396480517919393,5.386700839730049,gasp,G8RVnKABX3s_30_000-40_000.wav
5.386700839730049,6.448839146188587,silence,G8RVnKABX3s_30_000-40_000.wav
6.448839146188587,7.459417340683117,gasp,G8RVnKABX3s_30_000-40_000.wav
7.459417340683117,8.882476430889701,silence,G8RVnKABX3s_30_000-40_000.wav
8.882476430889701,10.0,gasp,G8RVnKABX3s_30_000-40_000.wav
0.0,7.562537564611131,etc,gljc73BfR-I_30_000-40_000.wav
7.562537564611131,8.676235983033674,sneeze,gljc73BfR-I_30_000-40_000.wav
8.676235983033674,10.0,etc,gljc73BfR-I_30_000-40_000.wav
0.0,1.1073195061200112,etc,GOTpllAaJe4_0_000-10_000.wav
1.1073195061200112,2.3551958788065908,silence,GOTpllAaJe4_0_000-10_000.wav
2.3551958788065908,3.706202530227598,speech,GOTpllAaJe4_0_000-10_000.wav
3.706202530227598,5.242843683370576,silence,GOTpllAaJe4_0_000-10_000.wav
5.242843683370576,6.201955275600756,etc,GOTpllAaJe4_0_000-10_000.wav
6.201955275600756,7.408579536793565,silence,GOTpllAaJe4_0_000-10_000.wav
7.408579536793565,8.34706507327686,etc,GOTpllAaJe4_0_000-10_000.wav
8.34706507327686,9.59494144596344,silence,GOTpllAaJe4_0_000-10_000.wav
9.59494144596344,10.000975056689342,etc,GOTpllAaJe4_0_000-10_000.wav
0.0,3.614196408687484,etc,h8kb1_e2cLg_130_000-140_000.wav
3.614196408687484,5.066424193899518,cough,h8kb1_e2cLg_130_000-140_000.wav
5.066424193899518,10.00002267573696,speech,h8kb1_e2cLg_130_000-140_000.wav
0.0,1.756868957463981,speech,HfGjrlEOxSY_30_000-40_000.wav
1.756868957463981,2.4787105249600745,silence,HfGjrlEOxSY_30_000-40_000.wav
2.4787105249600745,4.180194219772294,speech,HfGjrlEOxSY_30_000-40_000.wav
4.180194219772294,5.170148369481223,silence,HfGjrlEOxSY_30_000-40_000.wav
5.170148369481223,5.613565332371679,sneeze,HfGjrlEOxSY_30_000-40_000.wav
5.613565332371679,7.521289475039926,speech,HfGjrlEOxSY_30_000-40_000.wav
7.521289475039926,10.0,etc,HfGjrlEOxSY_30_000-40_000.wav
0.0,3.9152591445562073,etc,hmDLx9kgdo8_30_000-40_000.wav
3.9152591445562073,6.376956759359262,cough,hmDLx9kgdo8_30_000-40_000.wav
6.376956759359262,10.0,etc,hmDLx9kgdo8_30_000-40_000.wav
0.0,10.0,etc,hnPmbZzxcxY_10_000-20_000.wav
0.0,2.1177897412120275,silence,hNysx-WNVzY_160_000-170_000.wav
2.1177897412120275,3.13867995809936,speech,hNysx-WNVzY_160_000-170_000.wav
3.13867995809936,3.778025346453042,gasp,hNysx-WNVzY_160_000-170_000.wav
3.778025346453042,5.118588257517216,silence,hNysx-WNVzY_160_000-170_000.wav
5.118588257517216,5.500133086050864,gasp,hNysx-WNVzY_160_000-170_000.wav
5.500133086050864,8.377187333642436,speech,hNysx-WNVzY_160_000-170_000.wav
8.377187333642436,9.33620541617296,sneeze,hNysx-WNVzY_160_000-170_000.wav
9.33620541617296,10.0,etc,hNysx-WNVzY_160_000-170_000.wav
0.0,1.5952419680151986,etc,hovQK26tr5U_120_000-130_000.wav
1.5952419680151986,6.288406485445483,speech,hovQK26tr5U_120_000-130_000.wav
6.288406485445483,7.492690210672877,cough,hovQK26tr5U_120_000-130_000.wav
7.492690210672877,10.0,speech,hovQK26tr5U_120_000-130_000.wav
0.0,2.899605069682104,etc,hQMkT2YEnNA.wav
2.899605069682104,5.077941807961067,cough,hQMkT2YEnNA.wav
5.077941807961067,5.928024437533344,etc,hQMkT2YEnNA.wav
5.928024437533344,7.654754778852034,cough,hQMkT2YEnNA.wav
7.654754778852034,8.983008887558718,etc,hQMkT2YEnNA.wav
8.983008887558718,12.463034652370231,cough,hQMkT2YEnNA.wav
12.463034652370231,13.339682364116644,etc,hQMkT2YEnNA.wav
13.339682364116644,14.32259040455959,gasp,hQMkT2YEnNA.wav
14.32259040455959,17.77605108719697,cough,hQMkT2YEnNA.wav
17.77605108719697,18.57300355242098,gasp,hQMkT2YEnNA.wav
18.57300355242098,23.514108836809847,cough,hQMkT2YEnNA.wav
23.514108836809847,24.8157978633424,gasp,hQMkT2YEnNA.wav
24.8157978633424,31.499936086785997,cough,hQMkT2YEnNA.wav
31.499936086785997,32.69536478462201,gasp,hQMkT2YEnNA.wav
32.69536478462201,38.877740505655424,cough,hQMkT2YEnNA.wav
38.877740505655424,39.91377871044664,gasp,hQMkT2YEnNA.wav
39.91377871044664,49.00904505667074,cough,hQMkT2YEnNA.wav
49.00904505667074,50.81547064451184,etc,hQMkT2YEnNA.wav
50.81547064451184,51.63898819190998,gasp,hQMkT2YEnNA.wav
51.63898819190998,58.78499529675194,cough,hQMkT2YEnNA.wav
58.78499529675194,62.5081179138322,etc,hQMkT2YEnNA.wav
0.0,1.0556514347534904,silence,hW4KM7BUe7w_40_000-50_000.wav
1.0556514347534904,2.148725808390432,sneeze,hW4KM7BUe7w_40_000-50_000.wav
2.148725808390432,2.7880711967441143,gasp,hW4KM7BUe7w_40_000-50_000.wav
2.7880711967441143,5.757933645870898,etc,hW4KM7BUe7w_40_000-50_000.wav
5.757933645870898,7.449105318290316,speech,hW4KM7BUe7w_40_000-50_000.wav
7.449105318290316,9.346517438565762,speech,hW4KM7BUe7w_40_000-50_000.wav
9.346517438565762,10.0,etc,hW4KM7BUe7w_40_000-50_000.wav
0.0,1.4422458735536297,sneeze,hwUSReA7JOc_20_000-30_000.wav
1.4422458735536297,2.500461963712668,sneeze,hwUSReA7JOc_20_000-30_000.wav
2.500461963712668,3.1316785788952526,etc,hwUSReA7JOc_20_000-30_000.wav
3.1316785788952526,9.00172335600907,etc,hwUSReA7JOc_20_000-30_000.wav
0.0,2.8615108849822377,speech,hyXmrD82hLU_210_000-220_000.wav
2.8615108849822377,3.6673183775976255,cough,hyXmrD82hLU_210_000-220_000.wav
3.6673183775976255,10.0,speech,hyXmrD82hLU_210_000-220_000.wav
0.0,10.0,etc,HZp0367DOVM_15_000-25_000.wav
0.0,0.4638196806768088,silence,I4yobh5UfGA_0_000-5_000.wav
0.4638196806768088,0.8800703337631883,sneeze,I4yobh5UfGA_0_000-5_000.wav
0.8800703337631883,2.4333959416221167,etc,I4yobh5UfGA_0_000-5_000.wav
2.4333959416221167,3.133915333401633,silence,I4yobh5UfGA_0_000-5_000.wav
3.133915333401633,4.922630385487528,etc,I4yobh5UfGA_0_000-5_000.wav
0.0,2.5096465921384783,silence,i8g4jROxGeM_430_000-440_000.wav
2.5096465921384783,3.60272096577542,sneeze,i8g4jROxGeM_430_000-440_000.wav
3.60272096577542,5.943550048941321,silence,i8g4jROxGeM_430_000-440_000.wav
5.943550048941321,6.830383974722237,sneeze,i8g4jROxGeM_430_000-440_000.wav
6.830383974722237,7.603785654182336,silence,i8g4jROxGeM_430_000-440_000.wav
7.603785654182336,8.469995535177649,speech,i8g4jROxGeM_430_000-440_000.wav
8.469995535177649,8.78966822935449,sniffle,i8g4jROxGeM_430_000-440_000.wav
8.78966822935449,10.0,speech,i8g4jROxGeM_430_000-440_000.wav
0.0,2.666700282371924,etc,IBcyqQ_MI4Y_40_000-50_000.wav
2.666700282371924,4.074649637601009,cough,IBcyqQ_MI4Y_40_000-50_000.wav
4.074649637601009,4.898167184999154,speech,IBcyqQ_MI4Y_40_000-50_000.wav
4.898167184999154,6.0581757732696575,cough,IBcyqQ_MI4Y_40_000-50_000.wav
6.0581757732696575,10.0,speech,IBcyqQ_MI4Y_40_000-50_000.wav
0.0,1.039488717094861,etc,iDx8Q861iio_14_000-24_000.wav
1.039488717094861,1.8213573853539264,speech,iDx8Q861iio_14_000-24_000.wav
1.8213573853539264,2.8164629631381914,speech,iDx8Q861iio_14_000-24_000.wav
2.8164629631381914,3.374940583323238,etc,iDx8Q861iio_14_000-24_000.wav
3.374940583323238,3.872493372215371,sniffle,iDx8Q861iio_14_000-24_000.wav
3.872493372215371,4.755903425962627,sneeze,iDx8Q861iio_14_000-24_000.wav
4.755903425962627,6.055633160211462,speech,iDx8Q861iio_14_000-24_000.wav
6.055633160211462,9.84689342403628,silence,iDx8Q861iio_14_000-24_000.wav
0.0,8.500931602356053,silence,id_6_rwM_j4_0_000-10_000.wav
8.500931602356053,9.09902890113853,sneeze,id_6_rwM_j4_0_000-10_000.wav
9.09902890113853,10.0,silence,id_6_rwM_j4_0_000-10_000.wav
0.0,2.4718896797616106,cough,IE_6K-ZfI64_10_000-20_000.wav
2.4718896797616106,4.676791500214706,speech,IE_6K-ZfI64_10_000-20_000.wav
4.676791500214706,5.819090033702454,etc,IE_6K-ZfI64_10_000-20_000.wav
5.819090033702454,10.0,cough,IE_6K-ZfI64_10_000-20_000.wav
0.0,1.3340760393591264,silence,ii24sGs0oPY_140_000-150_000.wav
1.3340760393591264,2.581830748888088,sneeze,ii24sGs0oPY_140_000-150_000.wav
2.581830748888088,3.334608383562585,sniffle,ii24sGs0oPY_140_000-150_000.wav
3.334608383562585,4.798915563340374,silence,ii24sGs0oPY_140_000-150_000.wav
4.798915563340374,6.407591056617382,speech,ii24sGs0oPY_140_000-150_000.wav
6.407591056617382,7.490353407861521,silence,ii24sGs0oPY_140_000-150_000.wav
7.490353407861521,8.02657857228719,etc,ii24sGs0oPY_140_000-150_000.wav
8.02657857228719,9.294957326601756,silence,ii24sGs0oPY_140_000-150_000.wav
9.294957326601756,10.0,speech,ii24sGs0oPY_140_000-150_000.wav
0.0,4.207475048471678,speech,is7iUfqD5FE_110_000-120_000.wav
4.207475048471678,8.882929511119206,cough,is7iUfqD5FE_110_000-120_000.wav
8.882929511119206,10.0,speech,is7iUfqD5FE_110_000-120_000.wav
0.0,10.0,speech,IsWDdGBeR6E_30_000-40_000.wav
0.0,5.6419894858748965,speech,ItnOPd_CktY_20_000-30_000.wav
5.6419894858748965,6.996808676755715,etc,ItnOPd_CktY_20_000-30_000.wav
6.996808676755715,8.085977045895197,cough,ItnOPd_CktY_20_000-30_000.wav
8.085977045895197,10.0,speech,ItnOPd_CktY_20_000-30_000.wav
0.0,0.4781781807566157,etc,ivftkMSwp5A_60_000-70_000.wav
0.4781781807566157,5.5929412875860764,silence,ivftkMSwp5A_60_000-70_000.wav
5.5929412875860764,6.325094877474971,sneeze,ivftkMSwp5A_60_000-70_000.wav
6.325094877474971,7.160368691291879,silence,ivftkMSwp5A_60_000-70_000.wav
7.160368691291879,7.902834303573575,etc,ivftkMSwp5A_60_000-70_000.wav
7.902834303573575,10.0,silence,ivftkMSwp5A_60_000-70_000.wav
0.0,0.9628432332182784,silence,iYaQHovnw_c_260_000-270_000.wav
0.9628432332182784,1.5506285096079544,etc,iYaQHovnw_c_260_000-270_000.wav
1.5506285096079544,2.035293562069617,gasp,iYaQHovnw_c_260_000-270_000.wav
2.035293562069617,2.6952629952089024,silence,iYaQHovnw_c_260_000-270_000.wav
2.6952629952089024,3.303672316384181,gasp,iYaQHovnw_c_260_000-270_000.wav
3.303672316384181,4.757667473769169,sneeze,iYaQHovnw_c_260_000-270_000.wav
4.757667473769169,5.562005220407673,speech,iYaQHovnw_c_260_000-270_000.wav
5.562005220407673,6.242598698332561,gasp,iYaQHovnw_c_260_000-270_000.wav
6.242598698332561,7.572849587003932,sneeze,iYaQHovnw_c_260_000-270_000.wav
7.572849587003932,8.8721644084969,speech,iYaQHovnw_c_260_000-270_000.wav
8.8721644084969,10.0,sniffle,iYaQHovnw_c_260_000-270_000.wav
0.0,1.2260048927116811,etc,IYllzXfvkmY.wav
1.2260048927116811,14.747631719345728,speech,IYllzXfvkmY.wav
14.747631719345728,41.577740493915634,cough,IYllzXfvkmY.wav
41.577740493915634,44.40301197692834,etc,IYllzXfvkmY.wav
44.40301197692834,53.35945578231293,cough,IYllzXfvkmY.wav
0.0,0.4821825918359381,etc,IzPMbIll3LE.wav
0.4821825918359381,3.138690809249307,cough,IzPMbIll3LE.wav
3.138690809249307,4.945116397090398,gasp,IzPMbIll3LE.wav
4.945116397090398,6.220240341448815,cough,IzPMbIll3LE.wav
6.220240341448815,7.814145271896836,etc,IzPMbIll3LE.wav
7.814145271896836,10.125307421046468,cough,IzPMbIll3LE.wav
10.125307421046468,11.134780543663547,gasp,IzPMbIll3LE.wav
11.134780543663547,12.622425145415034,cough,IzPMbIll3LE.wav
12.622425145415034,15.1195428697836,etc,IzPMbIll3LE.wav
15.1195428697836,15.91649533500761,gasp,IzPMbIll3LE.wav
15.91649533500761,17.324444690236696,cough,IzPMbIll3LE.wav
17.324444690236696,18.01513682676417,gasp,IzPMbIll3LE.wav
18.01513682676417,19.635606839386327,cough,IzPMbIll3LE.wav
19.635606839386327,20.432559304610336,sniffle,IzPMbIll3LE.wav
20.432559304610336,21.362337180705016,etc,IzPMbIll3LE.wav
21.362337180705016,23.779759658551185,cough,IzPMbIll3LE.wav
23.779759658551185,24.62984228812346,gasp,IzPMbIll3LE.wav
24.62984228812346,26.037791643352545,cough,IzPMbIll3LE.wav
26.037791643352545,28.83132050486094,etc,IzPMbIll3LE.wav
28.83132050486094,31.67378429749325,cough,IzPMbIll3LE.wav
31.67378429749325,32.49730184489139,gasp,IzPMbIll3LE.wav
32.49730184489139,34.03807661099114,cough,IzPMbIll3LE.wav
34.03807661099114,34.96785448708582,etc,IzPMbIll3LE.wav
34.96785448708582,39.43078829234028,cough,IzPMbIll3LE.wav
39.43078829234028,42.62267386974721,etc,IzPMbIll3LE.wav
42.62267386974721,45.040096347593376,cough,IzPMbIll3LE.wav
45.040096347593376,45.65109323759845,gasp,IzPMbIll3LE.wav
45.65109323759845,47.138737839349936,cough,IzPMbIll3LE.wav
47.138737839349936,47.80286489370328,gasp,IzPMbIll3LE.wav
47.80286489370328,52.39862410982841,cough,IzPMbIll3LE.wav
52.39862410982841,53.11588132853002,gasp,IzPMbIll3LE.wav
53.11588132853002,54.151919533321234,cough,IzPMbIll3LE.wav
54.151919533321234,57.18614051765848,etc,IzPMbIll3LE.wav
57.18614051765848,60.29425513203212,cough,IzPMbIll3LE.wav
60.29425513203212,62.65854744553002,etc,IzPMbIll3LE.wav
62.65854744553002,64.33214762250044,cough,IzPMbIll3LE.wav
64.33214762250044,64.94314451250551,gasp,IzPMbIll3LE.wav
64.94314451250551,66.1120081281674,cough,IzPMbIll3LE.wav
66.1120081281674,67.97156388035675,etc,IzPMbIll3LE.wav
67.97156388035675,69.16699257819278,cough,IzPMbIll3LE.wav
69.16699257819278,70.65463717994426,gasp,IzPMbIll3LE.wav
70.65463717994426,71.85006587778028,cough,IzPMbIll3LE.wav
71.85006587778028,73.39084064388004,etc,IzPMbIll3LE.wav
73.39084064388004,74.74565983476086,cough,IzPMbIll3LE.wav
74.74565983476086,77.04890958431567,etc,IzPMbIll3LE.wav
77.04890958431567,77.81929696736555,gasp,IzPMbIll3LE.wav
77.81929696736555,79.09442091172396,cough,IzPMbIll3LE.wav
79.09442091172396,80.71489092434611,etc,IzPMbIll3LE.wav
80.71489092434611,81.75092912913733,cough,IzPMbIll3LE.wav
81.75092912913733,83.7698753743715,etc,IzPMbIll3LE.wav
83.7698753743715,88.09998376875528,cough,IzPMbIll3LE.wav
88.09998376875528,89.85327919224811,etc,IzPMbIll3LE.wav
89.85327919224811,94.55529873706978,cough,IzPMbIll3LE.wav
94.55529873706978,96.13061224489796,etc,IzPMbIll3LE.wav
0.0,1.2854005312314172,cough,IZShe6pGKUs_0_000-10_000.wav
1.2854005312314172,10.000657596371882,speech,IZShe6pGKUs_0_000-10_000.wav
0.0,2.436469570196099,cough,j4e1wHFEbaA_10_000-20_000.wav
2.436469570196099,10.0,etc,j4e1wHFEbaA_10_000-20_000.wav
0.0,1.5066916941014197,cough,j7MwYU5VH1s_70_000-80_000.wav
1.5066916941014197,4.419995705864747,speech,j7MwYU5VH1s_70_000-80_000.wav
4.419995705864747,6.04932074587828,etc,j7MwYU5VH1s_70_000-80_000.wav
6.04932074587828,10.0,speech,j7MwYU5VH1s_70_000-80_000.wav
0.0,0.4472421135782117,etc,J9-8UnXWWf8_210_000-220_000.wav
0.4472421135782117,0.8494109868974636,sniffle,J9-8UnXWWf8_210_000-220_000.wav
0.8494109868974636,2.664326928030498,speech,J9-8UnXWWf8_210_000-220_000.wav
2.664326928030498,3.5305368090258105,sneeze,J9-8UnXWWf8_210_000-220_000.wav
3.5305368090258105,4.747355451376368,speech,J9-8UnXWWf8_210_000-220_000.wav
4.747355451376368,5.984798138512527,sneeze,J9-8UnXWWf8_210_000-220_000.wav
5.984798138512527,10.0,speech,J9-8UnXWWf8_210_000-220_000.wav
0.0,1.169112841891747,silence,jADmW7R63yI_60_000-70_000.wav
1.169112841891747,3.2728178820827414,etc,jADmW7R63yI_60_000-70_000.wav
3.2728178820827414,3.943116056653402,silence,jADmW7R63yI_60_000-70_000.wav
3.943116056653402,7.201796413027687,etc,jADmW7R63yI_60_000-70_000.wav
7.201796413027687,10.000249433106577,silence,jADmW7R63yI_60_000-70_000.wav
0.0,0.771726170559051,etc,JBqwe7ycNJ8_120_000-130_000.wav
0.771726170559051,3.1537339402056195,speech,JBqwe7ycNJ8_120_000-130_000.wav
3.1537339402056195,5.24352514331562,cough,JBqwe7ycNJ8_120_000-130_000.wav
5.24352514331562,5.872233513742781,speech,JBqwe7ycNJ8_120_000-130_000.wav
5.872233513742781,6.562927216465578,cough,JBqwe7ycNJ8_120_000-130_000.wav
6.562927216465578,10.00002267573696,speech,JBqwe7ycNJ8_120_000-130_000.wav
0.0,2.2593690223685408,cough,JDfzEWnrq1g_100_000-110_000.wav
2.2593690223685408,4.61480630847506,etc,JDfzEWnrq1g_100_000-110_000.wav
4.61480630847506,10.0,sniffle,JDfzEWnrq1g_100_000-110_000.wav
0.0,1.478444352858345,speech,JdMje98ZhLE_41_000-51_000.wav
1.478444352858345,3.891457592773857,etc,JdMje98ZhLE_41_000-51_000.wav
3.891457592773857,6.252910720725362,silence,JdMje98ZhLE_41_000-51_000.wav
6.252910720725362,10.0,speech,JdMje98ZhLE_41_000-51_000.wav
0.0,3.045871756564148,etc,JDYmB0IPwdY_20_000-30_000.wav
3.045871756564148,3.551160853811413,sneeze,JDYmB0IPwdY_20_000-30_000.wav
3.551160853811413,5.015468033589202,speech,JDYmB0IPwdY_20_000-30_000.wav
5.015468033589202,5.85074184740611,sneeze,JDYmB0IPwdY_20_000-30_000.wav
5.85074184740611,7.3253610495767,speech,JDYmB0IPwdY_20_000-30_000.wav
7.3253610495767,8.315315199285628,silence,JDYmB0IPwdY_20_000-30_000.wav
8.315315199285628,10.0,etc,JDYmB0IPwdY_20_000-30_000.wav
0.0,1.518220796627152,etc,JKUSKYdYo9w.wav
1.518220796627152,7.282843628414163,cough,JKUSKYdYo9w.wav
7.282843628414163,8.504837408424313,etc,JKUSKYdYo9w.wav
8.504837408424313,9.14239938060352,sneeze,JKUSKYdYo9w.wav
9.14239938060352,11.134780543663547,etc,JKUSKYdYo9w.wav
11.134780543663547,11.79890759801689,cough,JKUSKYdYo9w.wav
11.79890759801689,20.857600619396475,etc,JKUSKYdYo9w.wav
20.857600619396475,21.97333407071009,speech,JKUSKYdYo9w.wav
21.97333407071009,24.70953753464586,etc,JKUSKYdYo9w.wav
24.70953753464586,26.037791643352545,speech,JKUSKYdYo9w.wav
26.037791643352545,29.113035067765768,etc,JKUSKYdYo9w.wav
29.113035067765768,30.62724475169139,speech,JKUSKYdYo9w.wav
30.62724475169139,32.08832427126874,etc,JKUSKYdYo9w.wav
32.08832427126874,33.735359366065026,speech,JKUSKYdYo9w.wav
33.735359366065026,37.08255972000587,etc,JKUSKYdYo9w.wav
37.08255972000587,45.69940409397255,cough,JKUSKYdYo9w.wav
45.69940409397255,46.91914082297354,etc,JKUSKYdYo9w.wav
46.91914082297354,50.34603642343678,etc,JKUSKYdYo9w.wav
50.34603642343678,51.30237938170559,speech,JKUSKYdYo9w.wav
51.30237938170559,53.79949710607416,etc,JKUSKYdYo9w.wav
53.79949710607416,54.80897022869124,speech,JKUSKYdYo9w.wav
54.80897022869124,66.29570638790462,etc,JKUSKYdYo9w.wav
66.29570638790462,69.0319098518404,speech,JKUSKYdYo9w.wav
69.0319098518404,70.78520527533321,etc,JKUSKYdYo9w.wav
70.78520527533321,72.40567528795536,cough,JKUSKYdYo9w.wav
72.40567528795536,78.78530612244899,etc,JKUSKYdYo9w.wav
0.0,0.550362337506225,silence,JlRG_Y8Arnk_90_000-100_000.wav
0.550362337506225,1.9527973829272065,etc,JlRG_Y8Arnk_90_000-100_000.wav
1.9527973829272065,2.891191420672128,silence,JlRG_Y8Arnk_90_000-100_000.wav
2.891191420672128,4.345186578057116,etc,JlRG_Y8Arnk_90_000-100_000.wav
4.345186578057116,5.324828705373242,silence,JlRG_Y8Arnk_90_000-100_000.wav
5.324828705373242,7.139744646506276,etc,JlRG_Y8Arnk_90_000-100_000.wav
7.139744646506276,8.036890594679992,silence,JlRG_Y8Arnk_90_000-100_000.wav
8.036890594679992,8.851540363711297,gasp,JlRG_Y8Arnk_90_000-100_000.wav
8.851540363711297,10.0,gasp,JlRG_Y8Arnk_90_000-100_000.wav
0.0,4.593142336641615,etc,JLtieDCSa6Y.wav
4.593142336641615,8.485341073576304,speech,JLtieDCSa6Y.wav
8.485341073576304,9.18150670132072,cough,JLtieDCSa6Y.wav
9.18150670132072,28.45263703297296,speech,JLtieDCSa6Y.wav
28.45263703297296,35.735510204081635,etc,JLtieDCSa6Y.wav
0.0,2.31249394295448,speech,jMyY06bjVRA_80_000-90_000.wav
2.31249394295448,9.476194858322602,etc,jMyY06bjVRA_80_000-90_000.wav
9.476194858322602,9.99997732426304,cough,jMyY06bjVRA_80_000-90_000.wav
0.0,0.6426652764036942,etc,Jogry7CVLzA_7_000-17_000.wav
0.6426652764036942,1.2612860719076266,sneeze,Jogry7CVLzA_7_000-17_000.wav
1.2612860719076266,2.082733357740717,etc,Jogry7CVLzA_7_000-17_000.wav
2.082733357740717,2.569516934530697,sneeze,Jogry7CVLzA_7_000-17_000.wav
2.569516934530697,4.516651241690616,etc,Jogry7CVLzA_7_000-17_000.wav
4.516651241690616,5.104848063645174,sneeze,Jogry7CVLzA_7_000-17_000.wav
5.104848063645174,6.078415217225133,etc,Jogry7CVLzA_7_000-17_000.wav
6.078415217225133,9.834467120181406,speech,Jogry7CVLzA_7_000-17_000.wav
0.0,3.39059111195065,etc,jUbHiX3EFKA_18_000-28_000.wav
3.39059111195065,4.9102296575961,speech,jUbHiX3EFKA_18_000-28_000.wav
4.9102296575961,5.446572673706258,etc,jUbHiX3EFKA_18_000-28_000.wav
5.446572673706258,6.400071369013205,speech,jUbHiX3EFKA_18_000-28_000.wav
6.400071369013205,9.631746031746031,etc,jUbHiX3EFKA_18_000-28_000.wav
0.0,2.7157700289882465,etc,jxJh2KUReyQ_80_000-90_000.wav
2.7157700289882465,3.7572394181646462,silence,jxJh2KUReyQ_80_000-90_000.wav
3.7572394181646462,4.221260433144231,etc,jxJh2KUReyQ_80_000-90_000.wav
4.221260433144231,5.077121416328796,speech,jxJh2KUReyQ_80_000-90_000.wav
5.077121416328796,6.077344493062566,silence,jxJh2KUReyQ_80_000-90_000.wav
6.077344493062566,6.809466538919243,sneeze,jxJh2KUReyQ_80_000-90_000.wav
6.809466538919243,9.999569160997732,etc,jxJh2KUReyQ_80_000-90_000.wav
0.0,10.0,etc,JXVfkC5ci6g_30_000-40_000.wav
0.0,1.524321627757566,speech,jYZ__Oi9V2U_3_000-13_000.wav
1.524321627757566,2.4546952971745024,silence,jYZ__Oi9V2U_3_000-13_000.wav
2.4546952971745024,3.7752256666695088,speech,jYZ__Oi9V2U_3_000-13_000.wav
3.7752256666695088,4.265422546254777,silence,jYZ__Oi9V2U_3_000-13_000.wav
4.265422546254777,5.976109615827852,speech,jYZ__Oi9V2U_3_000-13_000.wav
5.976109615827852,6.766427033934712,sneeze,jYZ__Oi9V2U_3_000-13_000.wav
6.766427033934712,7.65678463154877,speech,jYZ__Oi9V2U_3_000-13_000.wav
7.65678463154877,9.21741143186105,silence,jYZ__Oi9V2U_3_000-13_000.wav
9.21741143186105,9.701315192743763,speech,jYZ__Oi9V2U_3_000-13_000.wav
0.0,0.5060735988757173,cough,jZyqNN6WCiw_20_000-30_000.wav
0.5060735988757173,7.235894416322918,speech,jZyqNN6WCiw_20_000-30_000.wav
7.235894416322918,7.802616169371103,cough,jZyqNN6WCiw_20_000-30_000.wav
7.802616169371103,10.0,speech,jZyqNN6WCiw_20_000-30_000.wav
0.0,2.0999785293237387,etc,k4IeljH1Leg_0_000-10_000.wav
2.0999785293237387,3.2511320902028653,cough,k4IeljH1Leg_0_000-10_000.wav
3.2511320902028653,4.039229528035498,etc,k4IeljH1Leg_0_000-10_000.wav
4.039229528035498,7.784906114588348,cough,k4IeljH1Leg_0_000-10_000.wav
7.784906114588348,10.0,etc,k4IeljH1Leg_0_000-10_000.wav
0.0,2.880879398279326,etc,K7-P2PyLXVk_130_000-140_000.wav
2.880879398279326,3.860521525595453,silence,K7-P2PyLXVk_130_000-140_000.wav
3.860521525595453,4.953595899232394,sneeze,K7-P2PyLXVk_130_000-140_000.wav
4.953595899232394,7.39754520632631,silence,K7-P2PyLXVk_130_000-140_000.wav
7.39754520632631,8.232819020143218,sneeze,K7-P2PyLXVk_130_000-140_000.wav
8.232819020143218,8.985596654817716,speech,K7-P2PyLXVk_130_000-140_000.wav
8.985596654817716,10.0,silence,K7-P2PyLXVk_130_000-140_000.wav
0.0,1.4062633849073662,etc,kc_EQ3mPiG0_10_000-20_000.wav
1.4062633849073662,1.8187452159502489,sniffle,kc_EQ3mPiG0_10_000-20_000.wav
1.8187452159502489,2.354971596305996,silence,kc_EQ3mPiG0_10_000-20_000.wav
2.354971596305996,3.6852255014192927,speech,kc_EQ3mPiG0_10_000-20_000.wav
3.6852255014192927,4.128643469790391,sneeze,kc_EQ3mPiG0_10_000-20_000.wav
4.128643469790391,4.6133096212657785,etc,kc_EQ3mPiG0_10_000-20_000.wav
4.6133096212657785,5.386713054471183,speech,kc_EQ3mPiG0_10_000-20_000.wav
5.386713054471183,6.675718776480191,silence,kc_EQ3mPiG0_10_000-20_000.wav
6.675718776480191,10.00002267573696,etc,kc_EQ3mPiG0_10_000-20_000.wav
0.0,0.747833413577275,etc,khC7ed0_Kvs.wav
0.747833413577275,3.058995562726906,speech,khC7ed0_Kvs.wav
3.058995562726906,4.652900493174927,etc,khC7ed0_Kvs.wav
4.652900493174927,5.662373615792008,speech,khC7ed0_Kvs.wav
5.662373615792008,6.83123723145389,etc,khC7ed0_Kvs.wav
6.83123723145389,10.523783653658471,speech,khC7ed0_Kvs.wav
10.523783653658471,12.834945802808104,etc,khC7ed0_Kvs.wav
12.834945802808104,13.658463350206246,speech,khC7ed0_Kvs.wav
13.658463350206246,15.491454020221472,etc,khC7ed0_Kvs.wav
15.491454020221472,16.394666814142017,speech,khC7ed0_Kvs.wav
16.394666814142017,18.121397155460706,etc,khC7ed0_Kvs.wav
18.121397155460706,19.66217192156046,speech,khC7ed0_Kvs.wav
19.66217192156046,21.627988002446354,etc,khC7ed0_Kvs.wav
21.627988002446354,22.451505549844494,speech,khC7ed0_Kvs.wav
22.451505549844494,23.96571523377012,etc,khC7ed0_Kvs.wav
23.96571523377012,26.17061705422321,speech,khC7ed0_Kvs.wav
26.17061705422321,27.8402614067812,etc,khC7ed0_Kvs.wav
27.8402614067812,29.965467980711896,speech,khC7ed0_Kvs.wav
29.965467980711896,34.86073182087197,etc,khC7ed0_Kvs.wav
34.86073182087197,37.809455942200806,speech,khC7ed0_Kvs.wav
37.809455942200806,47.5758881699526,etc,khC7ed0_Kvs.wav
47.5758881699526,60.34096195637245,speech,khC7ed0_Kvs.wav
60.34096195637245,61.05821917507406,etc,khC7ed0_Kvs.wav
61.05821917507406,66.79627692468692,speech,khC7ed0_Kvs.wav
66.79627692468692,68.39018185513494,etc,khC7ed0_Kvs.wav
68.39018185513494,72.95937598908593,speech,khC7ed0_Kvs.wav
72.95937598908593,73.67663320778753,etc,khC7ed0_Kvs.wav
73.67663320778753,76.83787798650944,speech,khC7ed0_Kvs.wav
76.83787798650944,142.2022951525055,etc,khC7ed0_Kvs.wav
142.2022951525055,149.7733435721336,speech,khC7ed0_Kvs.wav
149.7733435721336,153.22680425477097,etc,khC7ed0_Kvs.wav
153.22680425477097,155.2611912063453,speech,khC7ed0_Kvs.wav
155.2611912063453,157.0676167941864,etc,khC7ed0_Kvs.wav
157.0676167941864,161.8920804714481,speech,khC7ed0_Kvs.wav
161.8920804714481,162.58277260797558,etc,khC7ed0_Kvs.wav
162.58277260797558,163.64537589494094,speech,khC7ed0_Kvs.wav
163.64537589494094,164.4688934423391,etc,khC7ed0_Kvs.wav
164.4688934423391,165.39867131843377,speech,khC7ed0_Kvs.wav
165.39867131843377,167.44418264584206,etc,khC7ed0_Kvs.wav
167.44418264584206,172.38528793023093,speech,khC7ed0_Kvs.wav
172.38528793023093,173.84636744980827,etc,khC7ed0_Kvs.wav
173.84636744980827,181.8158921020484,speech,khC7ed0_Kvs.wav
181.8158921020484,191.5598352407364,etc,khC7ed0_Kvs.wav
191.5598352407364,195.09299116989607,cough,khC7ed0_Kvs.wav
195.09299116989607,196.47437544295107,etc,khC7ed0_Kvs.wav
196.47437544295107,199.15744874253855,cough,khC7ed0_Kvs.wav
199.15744874253855,200.88417908385728,etc,khC7ed0_Kvs.wav
200.88417908385728,211.4998306750801,speech,khC7ed0_Kvs.wav
211.4998306750801,212.80151970161265,etc,khC7ed0_Kvs.wav
212.80151970161265,215.59085332989667,speech,khC7ed0_Kvs.wav
215.59085332989667,234.7769614512472,etc,khC7ed0_Kvs.wav
0.0,1.6341043083900226,sneeze,KKsltQhn-FE_330_000-340_000.wav
1.6341043083900226,2.375590301032061,cough,KKsltQhn-FE_330_000-340_000.wav
2.375590301032061,2.767447151958512,gasp,KKsltQhn-FE_330_000-340_000.wav
2.767447151958512,3.324296361169784,sniffle,KKsltQhn-FE_330_000-340_000.wav
3.324296361169784,3.99457781670187,silence,KKsltQhn-FE_330_000-340_000.wav
3.99457781670187,7.8203381244311645,speech,KKsltQhn-FE_330_000-340_000.wav
7.8203381244311645,8.160634863393609,sniffle,KKsltQhn-FE_330_000-340_000.wav
8.160634863393609,10.0,etc,KKsltQhn-FE_330_000-340_000.wav
0.0,5.591354096198722,speech,kL_-XdzJQ3g.wav
5.591354096198722,6.708821446209162,cough,kL_-XdzJQ3g.wav
6.708821446209162,30.046621315192745,speech,kL_-XdzJQ3g.wav
0.0,2.4895997345443663,etc,KoUw2T0QKgY_70_000-80_000.wav
2.4895997345443663,4.358010514125103,speech,KoUw2T0QKgY_70_000-80_000.wav
4.358010514125103,6.359246704576506,etc,KoUw2T0QKgY_70_000-80_000.wav
6.359246704576506,8.351627867636532,cough,KoUw2T0QKgY_70_000-80_000.wav
8.351627867636532,10.0,speech,KoUw2T0QKgY_70_000-80_000.wav
0.0,0.9603540709703444,etc,Kqt4BiLQeeI.wav
0.9603540709703444,9.965916928001665,speech,Kqt4BiLQeeI.wav
9.965916928001665,11.187910708011817,etc,Kqt4BiLQeeI.wav
11.187910708011817,15.836800088485209,speech,Kqt4BiLQeeI.wav
15.836800088485209,45.41129460813597,etc,Kqt4BiLQeeI.wav
45.41129460813597,46.63328838814611,speech,Kqt4BiLQeeI.wav
46.63328838814611,53.19486368515714,etc,Kqt4BiLQeeI.wav
53.19486368515714,55.79824173822224,speech,Kqt4BiLQeeI.wav
55.79824173822224,58.18909913389427,etc,Kqt4BiLQeeI.wav
58.18909913389427,74.51551516813952,speech,Kqt4BiLQeeI.wav
74.51551516813952,75.5249882907566,etc,Kqt4BiLQeeI.wav
75.5249882907566,76.45476616685127,speech,Kqt4BiLQeeI.wav
76.45476616685127,78.34583741516659,etc,Kqt4BiLQeeI.wav
78.34583741516659,87.64361617611338,speech,Kqt4BiLQeeI.wav
87.64361617611338,90.8306892606256,etc,Kqt4BiLQeeI.wav
90.8306892606256,95.3201881480542,speech,Kqt4BiLQeeI.wav
95.3201881480542,129.21726478996462,etc,Kqt4BiLQeeI.wav
129.21726478996462,129.77866214361336,cough,Kqt4BiLQeeI.wav
129.77866214361336,132.26833736414264,etc,Kqt4BiLQeeI.wav
132.26833736414264,138.7854283825869,speech,Kqt4BiLQeeI.wav
138.7854283825869,153.62868362347413,etc,Kqt4BiLQeeI.wav
153.62868362347413,168.24942339893525,speech,Kqt4BiLQeeI.wav
168.24942339893525,177.4022687245608,etc,Kqt4BiLQeeI.wav
177.4022687245608,183.69819319983048,speech,Kqt4BiLQeeI.wav
183.69819319983048,197.38824213211703,etc,Kqt4BiLQeeI.wav
197.38824213211703,205.67654777044677,speech,Kqt4BiLQeeI.wav
205.67654777044677,213.60752862236973,etc,Kqt4BiLQeeI.wav
213.60752862236973,221.6841828186024,speech,Kqt4BiLQeeI.wav
221.6841828186024,228.61766926605128,etc,Kqt4BiLQeeI.wav
228.61766926605128,229.30836140257875,cough,Kqt4BiLQeeI.wav
229.30836140257875,230.9112979456345,etc,Kqt4BiLQeeI.wav
230.9112979456345,234.04597764218224,speech,Kqt4BiLQeeI.wav
234.04597764218224,241.5638958974621,etc,Kqt4BiLQeeI.wav
241.5638958974621,245.123616908796,speech,Kqt4BiLQeeI.wav
245.123616908796,248.82840692696797,etc,Kqt4BiLQeeI.wav
248.82840692696797,250.0769657891522,speech,Kqt4BiLQeeI.wav
250.0769657891522,268.35374232495616,etc,Kqt4BiLQeeI.wav
268.35374232495616,270.98368546019543,speech,Kqt4BiLQeeI.wav
270.98368546019543,278.2852667372508,etc,Kqt4BiLQeeI.wav
278.2852667372508,281.7918575842364,speech,Kqt4BiLQeeI.wav
281.7918575842364,282.88102595337585,etc,Kqt4BiLQeeI.wav
282.88102595337585,285.45783892426687,speech,Kqt4BiLQeeI.wav
285.45783892426687,297.1804657839875,etc,Kqt4BiLQeeI.wav
297.1804657839875,302.2809615614211,speech,Kqt4BiLQeeI.wav
302.2809615614211,303.449825177083,etc,Kqt4BiLQeeI.wav
303.449825177083,306.6110699558049,speech,Kqt4BiLQeeI.wav
306.6110699558049,318.1903662392796,etc,Kqt4BiLQeeI.wav
318.1903662392796,324.8582018649871,speech,Kqt4BiLQeeI.wav
324.8582018649871,328.88411563731233,etc,Kqt4BiLQeeI.wav
328.88411563731233,334.7018686334476,speech,Kqt4BiLQeeI.wav
334.7018686334476,337.3118030921444,etc,Kqt4BiLQeeI.wav
337.3118030921444,340.89808918565245,speech,Kqt4BiLQeeI.wav
340.89808918565245,343.4749021565434,etc,Kqt4BiLQeeI.wav
343.4749021565434,345.3344579087328,speech,Kqt4BiLQeeI.wav
345.3344579087328,347.75188038657893,etc,Kqt4BiLQeeI.wav
347.75188038657893,349.53174089224586,speech,Kqt4BiLQeeI.wav
349.53174089224586,362.6188228929267,etc,Kqt4BiLQeeI.wav
362.6188228929267,366.7895407942656,speech,Kqt4BiLQeeI.wav
366.7895407942656,373.5227501802889,etc,Kqt4BiLQeeI.wav
373.5227501802889,379.9249349842551,speech,Kqt4BiLQeeI.wav
379.9249349842551,389.1133738720577,etc,Kqt4BiLQeeI.wav
389.1133738720577,396.0202952373325,speech,Kqt4BiLQeeI.wav
396.0202952373325,418.0599423696085,etc,Kqt4BiLQeeI.wav
418.0599423696085,421.3274474770269,speech,Kqt4BiLQeeI.wav
421.3274474770269,428.36719425317233,etc,Kqt4BiLQeeI.wav
428.36719425317233,429.2438419649187,speech,Kqt4BiLQeeI.wav
429.2438419649187,435.11472512540223,etc,Kqt4BiLQeeI.wav
435.11472512540223,436.3367189054124,throat-clearing,Kqt4BiLQeeI.wav
436.3367189054124,441.4180752215999,etc,Kqt4BiLQeeI.wav
441.4180752215999,450.8221143112432,speech,Kqt4BiLQeeI.wav
450.8221143112432,452.7228215096379,etc,Kqt4BiLQeeI.wav
452.7228215096379,460.0813492718729,speech,Kqt4BiLQeeI.wav
460.0813492718729,478.5345778717285,etc,Kqt4BiLQeeI.wav
478.5345778717285,482.96304907532175,speech,Kqt4BiLQeeI.wav
482.96304907532175,486.5493351688298,etc,Kqt4BiLQeeI.wav
486.5493351688298,494.8642058893336,speech,Kqt4BiLQeeI.wav
494.8642058893336,610.1492923712783,etc,Kqt4BiLQeeI.wav
610.1492923712783,638.8313167656174,speech,Kqt4BiLQeeI.wav
638.8313167656174,657.5443189290751,etc,Kqt4BiLQeeI.wav
657.5443189290751,693.5494133815433,speech,Kqt4BiLQeeI.wav
693.5494133815433,710.5942872903731,etc,Kqt4BiLQeeI.wav
710.5942872903731,728.2306810137007,speech,Kqt4BiLQeeI.wav
728.2306810137007,2844.072925170068,etc,Kqt4BiLQeeI.wav
0.0,3.330827336725266,etc,KygTjGoFJHc_10_000-20_000.wav
3.330827336725266,4.473125870213015,cough,KygTjGoFJHc_10_000-20_000.wav
4.473125870213015,9.290260771122592,etc,KygTjGoFJHc_10_000-20_000.wav
9.290260771122592,10.0,cough,KygTjGoFJHc_10_000-20_000.wav
0.0,3.60272096577542,etc,KyorpiOYtHU_30_000-40_000.wav
3.60272096577542,4.448306801985129,sneeze,KyorpiOYtHU_30_000-40_000.wav
4.448306801985129,10.0,etc,KyorpiOYtHU_30_000-40_000.wav
0.0,0.8184767756712585,gasp,KYXkh8Z9JVs_190_000-200_000.wav
0.8184767756712585,2.643708878036014,sneeze,KYXkh8Z9JVs_190_000-200_000.wav
2.643708878036014,3.8502182338364457,speech,KYXkh8Z9JVs_190_000-200_000.wav
3.8502182338364457,6.593222410271614,etc,KYXkh8Z9JVs_190_000-200_000.wav
6.593222410271614,7.315065614596659,speech,KYXkh8Z9JVs_190_000-200_000.wav
7.315065614596659,9.01655316764855,etc,KYXkh8Z9JVs_190_000-200_000.wav
9.01655316764855,10.00002267573696,silence,KYXkh8Z9JVs_190_000-200_000.wav
0.0,0.5481262109409331,silence,l7fSQ6fluVg_340_000-350_000.wav
0.5481262109409331,1.9538079767365075,sneeze,l7fSQ6fluVg_340_000-350_000.wav
1.9538079767365075,2.617052190175264,sniffle,l7fSQ6fluVg_340_000-350_000.wav
2.617052190175264,3.2505989015197487,etc,l7fSQ6fluVg_340_000-350_000.wav
3.2505989015197487,3.8742464454994754,gasp,l7fSQ6fluVg_340_000-350_000.wav
3.8742464454994754,4.557288993667747,sniffle,l7fSQ6fluVg_340_000-350_000.wav
4.557288993667747,6.111458269934684,etc,l7fSQ6fluVg_340_000-350_000.wav
6.111458269934684,6.814299152832472,sniffle,l7fSQ6fluVg_340_000-350_000.wav
6.814299152832472,7.517140035730259,silence,l7fSQ6fluVg_340_000-350_000.wav
7.517140035730259,9.599637188208616,speech,l7fSQ6fluVg_340_000-350_000.wav
0.0,2.623078838459293,etc,l7LdZLdly_Q_50_000-60_000.wav
2.623078838459293,3.4686646746690024,sneeze,l7LdZLdly_Q_50_000-60_000.wav
3.4686646746690024,10.0,etc,l7LdZLdly_Q_50_000-60_000.wav
0.0,1.29417103670835,speech,l9yY9jY4fwk_190_000-200_000.wav
1.29417103670835,2.6224251454150345,cough,l9yY9jY4fwk_190_000-200_000.wav
2.6224251454150345,6.279551458054105,etc,l9yY9jY4fwk_190_000-200_000.wav
6.279551458054105,10.0,speech,l9yY9jY4fwk_190_000-200_000.wav
0.0,1.0968995243246955,silence,lBcxTNg7Aog_30_000-40_000.wav
1.0968995243246955,2.334342211460856,speech,lBcxTNg7Aog_30_000-40_000.wav
2.334342211460856,2.98399962220734,silence,lBcxTNg7Aog_30_000-40_000.wav
2.98399962220734,5.067028145553209,speech,lBcxTNg7Aog_30_000-40_000.wav
5.067028145553209,7.438793295897515,etc,lBcxTNg7Aog_30_000-40_000.wav
7.438793295897515,9.377453505744166,speech,lBcxTNg7Aog_30_000-40_000.wav
9.377453505744166,10.0,sniffle,lBcxTNg7Aog_30_000-40_000.wav
0.0,5.922926004155719,speech,lBqR3TNF6VI_180_000-190_000.wav
5.922926004155719,7.1809927360774815,gasp,lBqR3TNF6VI_180_000-190_000.wav
7.1809927360774815,8.33593924407123,etc,lBqR3TNF6VI_180_000-190_000.wav
8.33593924407123,10.0,etc,lBqR3TNF6VI_180_000-190_000.wav
0.0,3.268842144985621,etc,LDCHOGG9jqo_10_000-20_000.wav
3.268842144985621,3.844418925425184,cough,LDCHOGG9jqo_10_000-20_000.wav
3.844418925425184,5.190383088914624,etc,LDCHOGG9jqo_10_000-20_000.wav
5.190383088914624,8.971479785032985,cough,LDCHOGG9jqo_10_000-20_000.wav
8.971479785032985,10.0,etc,LDCHOGG9jqo_10_000-20_000.wav
0.0,1.3031399721807224,speech,ldnMvQa-12g_480_000-490_000.wav
1.3031399721807224,2.4580864801744715,silence,ldnMvQa-12g_480_000-490_000.wav
2.4580864801744715,4.6029871378771485,etc,ldnMvQa-12g_480_000-490_000.wav
4.6029871378771485,4.994843988803599,silence,ldnMvQa-12g_480_000-490_000.wav
4.994843988803599,7.191304758470283,etc,ldnMvQa-12g_480_000-490_000.wav
7.191304758470283,9.748686311885011,silence,ldnMvQa-12g_480_000-490_000.wav
9.748686311885011,10.0,etc,ldnMvQa-12g_480_000-490_000.wav
0.0,1.1197445640151469,etc,lH6ym1UrlnE.wav
1.1197445640151469,1.8104367005426223,cough,lH6ym1UrlnE.wav
1.8104367005426223,2.554259001418366,etc,lH6ym1UrlnE.wav
2.554259001418366,3.59029720620958,cough,lH6ym1UrlnE.wav
3.59029720620958,4.334119507085323,etc,lH6ym1UrlnE.wav
4.334119507085323,5.131071972309334,cough,lH6ym1UrlnE.wav
5.131071972309334,6.167110177100548,etc,lH6ym1UrlnE.wav
6.167110177100548,7.017192806672826,cough,lH6ym1UrlnE.wav
7.017192806672826,8.212621504508842,etc,lH6ym1UrlnE.wav
8.212621504508842,12.22394891280303,cough,lH6ym1UrlnE.wav
12.22394891280303,13.68502843238038,etc,lH6ym1UrlnE.wav
13.68502843238038,14.53511106195266,cough,lH6ym1UrlnE.wav
14.53511106195266,15.70397467761454,etc,lH6ym1UrlnE.wav
15.70397467761454,17.43070501893323,cough,lH6ym1UrlnE.wav
17.43070501893323,20.45912438678447,etc,lH6ym1UrlnE.wav
20.45912438678447,24.44388671290453,cough,lH6ym1UrlnE.wav
24.44388671290453,25.40022967117333,etc,lH6ym1UrlnE.wav
25.40022967117333,26.33000754726801,cough,lH6ym1UrlnE.wav
26.33000754726801,27.312915587710965,etc,lH6ym1UrlnE.wav
27.312915587710965,28.402083956850447,cough,lH6ym1UrlnE.wav
28.402083956850447,29.435029114266857,etc,lH6ym1UrlnE.wav
29.435029114266857,30.52419748340634,cough,lH6ym1UrlnE.wav
30.52419748340634,31.26801978428208,etc,lH6ym1UrlnE.wav
31.26801978428208,33.39322635821278,cough,lH6ym1UrlnE.wav
33.39322635821278,34.42926456300399,etc,lH6ym1UrlnE.wav
34.42926456300399,39.07815394347739,cough,lH6ym1UrlnE.wav
39.07815394347739,40.24701755913927,etc,lH6ym1UrlnE.wav
40.24701755913927,44.763081528742,cough,lH6ym1UrlnE.wav
44.763081528742,45.78552537876229,etc,lH6ym1UrlnE.wav
45.78552537876229,47.59195096660338,cough,lH6ym1UrlnE.wav
47.59195096660338,48.27151816836704,etc,lH6ym1UrlnE.wav
48.27151816836704,51.698413768830285,cough,lH6ym1UrlnE.wav
51.698413768830285,52.90496740143012,etc,lH6ym1UrlnE.wav
52.90496740143012,53.90331558928338,cough,lH6ym1UrlnE.wav
53.90331558928338,55.70974117712448,etc,lH6ym1UrlnE.wav
55.70974117712448,56.66608413539329,cough,lH6ym1UrlnE.wav
56.66608413539329,57.48960168279144,etc,lH6ym1UrlnE.wav
57.48960168279144,59.880459078463474,cough,lH6ym1UrlnE.wav
59.880459078463474,61.26184335151842,etc,lH6ym1UrlnE.wav
61.26184335151842,62.13849106326484,cough,lH6ym1UrlnE.wav
62.13849106326484,63.59957058284219,etc,lH6ym1UrlnE.wav
63.59957058284219,64.6356087876334,cough,lH6ym1UrlnE.wav
64.6356087876334,66.49516453982277,etc,lH6ym1UrlnE.wav
66.49516453982277,67.45150749809157,cough,lH6ym1UrlnE.wav
67.45150749809157,69.09854259288787,etc,lH6ym1UrlnE.wav
69.09854259288787,69.86892997593775,cough,lH6ym1UrlnE.wav
69.86892997593775,71.22374916681856,etc,lH6ym1UrlnE.wav
71.22374916681856,72.44574294682872,cough,lH6ym1UrlnE.wav
72.44574294682872,74.99536720817785,etc,lH6ym1UrlnE.wav
74.99536720817785,75.95171016644667,cough,lH6ym1UrlnE.wav
75.95171016644667,78.07691674037737,etc,lH6ym1UrlnE.wav
78.07691674037737,80.1489931499598,cough,lH6ym1UrlnE.wav
80.1489931499598,81.71633299823368,etc,lH6ym1UrlnE.wav
81.71633299823368,82.77893628519904,cough,lH6ym1UrlnE.wav
82.77893628519904,84.16032055825399,etc,lH6ym1UrlnE.wav
84.16032055825399,85.16979368087107,cough,lH6ym1UrlnE.wav
85.16979368087107,87.4012605834983,etc,lH6ym1UrlnE.wav
87.4012605834983,88.46386387046365,cough,lH6ym1UrlnE.wav
88.46386387046365,90.37654978700128,etc,lH6ym1UrlnE.wav
90.37654978700128,91.4922832383149,cough,lH6ym1UrlnE.wav
91.4922832383149,93.1393183331112,etc,lH6ym1UrlnE.wav
93.1393183331112,94.0159660448576,cough,lH6ym1UrlnE.wav
94.0159660448576,96.4391904052473,etc,lH6ym1UrlnE.wav
96.4391904052473,98.4050064861332,cough,lH6ym1UrlnE.wav
98.4050064861332,99.86608600571054,etc,lH6ym1UrlnE.wav
99.86608600571054,100.53021306006389,cough,lH6ym1UrlnE.wav
100.53021306006389,102.31007356573085,etc,lH6ym1UrlnE.wav
102.31007356573085,103.18672127747726,cough,lH6ym1UrlnE.wav
103.18672127747726,105.39162309793036,etc,lH6ym1UrlnE.wav
105.39162309793036,106.53392163141812,cough,lH6ym1UrlnE.wav
106.53392163141812,108.71225836969708,etc,lH6ym1UrlnE.wav
108.71225836969708,109.96081723188136,cough,lH6ym1UrlnE.wav
109.96081723188136,112.32510954537926,etc,lH6ym1UrlnE.wav
112.32510954537926,113.28145250364808,cough,lH6ym1UrlnE.wav
113.28145250364808,114.84879235192196,etc,lH6ym1UrlnE.wav
114.84879235192196,116.12391629628038,cough,lH6ym1UrlnE.wav
116.12391629628038,117.7476131854885,etc,lH6ym1UrlnE.wav
117.7476131854885,118.5976958150608,etc,lH6ym1UrlnE.wav
118.5976958150608,120.08534041681229,etc,lH6ym1UrlnE.wav
120.08534041681229,120.56351189594668,etc,lH6ym1UrlnE.wav
120.56351189594668,121.7589405937827,etc,lH6ym1UrlnE.wav
121.7589405937827,122.60902322335498,etc,lH6ym1UrlnE.wav
122.60902322335498,124.2826234003254,etc,lH6ym1UrlnE.wav
124.2826234003254,125.71713783772864,cough,lH6ym1UrlnE.wav
125.71713783772864,126.85943637121638,gasp,lH6ym1UrlnE.wav
126.85943637121638,127.70951900078866,cough,lH6ym1UrlnE.wav
127.70951900078866,128.98464294514707,gasp,lH6ym1UrlnE.wav
128.98464294514707,129.88785573906762,cough,lH6ym1UrlnE.wav
129.88785573906762,130.84419869733642,gasp,lH6ym1UrlnE.wav
130.84419869733642,132.11932264169485,cough,lH6ym1UrlnE.wav
132.11932264169485,133.10223068213782,gasp,lH6ym1UrlnE.wav
133.10223068213782,133.92574822953594,etc,lH6ym1UrlnE.wav
133.92574822953594,134.85552610563064,cough,lH6ym1UrlnE.wav
134.85552610563064,136.71909297052153,etc,lH6ym1UrlnE.wav
0.0,5.582629265193275,etc,LiHQ6oUWCNM_70_000-80_000.wav
5.582629265193275,6.686015661223018,speech,LiHQ6oUWCNM_70_000-80_000.wav
6.686015661223018,7.046936444971064,silence,LiHQ6oUWCNM_70_000-80_000.wav
7.046936444971064,7.469729363075919,sniffle,LiHQ6oUWCNM_70_000-80_000.wav
7.469729363075919,10.0,speech,LiHQ6oUWCNM_70_000-80_000.wav
0.0,1.0556514347534904,speech,LKTNNCtAurE_10_000-20_000.wav
1.0556514347534904,1.839365136606392,silence,LKTNNCtAurE_10_000-20_000.wav
1.839365136606392,2.870567375886525,speech,LKTNNCtAurE_10_000-20_000.wav
2.870567375886525,3.60272096577542,silence,LKTNNCtAurE_10_000-20_000.wav
3.60272096577542,5.376388817337248,speech,LKTNNCtAurE_10_000-20_000.wav
5.376388817337248,8.24313104253602,silence,LKTNNCtAurE_10_000-20_000.wav
8.24313104253602,8.70717205021208,speech,LKTNNCtAurE_10_000-20_000.wav
8.70717205021208,9.01653272199612,sneeze,LKTNNCtAurE_10_000-20_000.wav
9.01653272199612,10.0,speech,LKTNNCtAurE_10_000-20_000.wav
0.0,0.7894344753998099,breathe,lN6H0_PqKME_10_000-20_000.wav
0.7894344753998099,2.401049460630587,sneeze,lN6H0_PqKME_10_000-20_000.wav
2.401049460630587,3.490217829770069,sniffle,lN6H0_PqKME_10_000-20_000.wav
3.490217829770069,4.9778624315215545,breathe,lN6H0_PqKME_10_000-20_000.wav
4.9778624315215545,7.067648895886738,cough,lN6H0_PqKME_10_000-20_000.wav
7.067648895886738,10.0,breathe,lN6H0_PqKME_10_000-20_000.wav
0.0,0.4988010944714121,sneeze,lNMDJjJvsUo_90_000-100_000.wav
0.4988010944714121,3.8502007725688574,etc,lNMDJjJvsUo_90_000-100_000.wav
3.8502007725688574,4.974208664607692,cough,lNMDJjJvsUo_90_000-100_000.wav
4.974208664607692,7.418152429866445,silence,lNMDJjJvsUo_90_000-100_000.wav
7.418152429866445,8.005936373409689,sniffle,lNMDJjJvsUo_90_000-100_000.wav
8.005936373409689,8.758712301105422,sniffle,lNMDJjJvsUo_90_000-100_000.wav
8.758712301105422,9.99997732426304,etc,lNMDJjJvsUo_90_000-100_000.wav
0.0,2.9736875998145385,silence,lSf2DaFhcK4_90_000-100_000.wav
2.9736875998145385,4.613299160269951,sneeze,lSf2DaFhcK4_90_000-100_000.wav
4.613299160269951,5.025780055982004,etc,lSf2DaFhcK4_90_000-100_000.wav
5.025780055982004,6.129166452011746,silence,lSf2DaFhcK4_90_000-100_000.wav
6.129166452011746,6.603519482080607,etc,lSf2DaFhcK4_90_000-100_000.wav
6.603519482080607,7.55222554221833,silence,lSf2DaFhcK4_90_000-100_000.wav
7.55222554221833,8.01626654989439,sniffle,lSf2DaFhcK4_90_000-100_000.wav
8.01626654989439,9.377453505744166,silence,lSf2DaFhcK4_90_000-100_000.wav
9.377453505744166,10.0,etc,lSf2DaFhcK4_90_000-100_000.wav
0.0,0.9628432332182784,etc,lsxKT442lio_70_000-80_000.wav
0.9628432332182784,2.097165696426425,sneeze,lsxKT442lio_70_000-80_000.wav
2.097165696426425,3.3449204059553863,silence,lsxKT442lio_70_000-80_000.wav
3.3449204059553863,3.9636417495234655,speech,lsxKT442lio_70_000-80_000.wav
3.9636417495234655,4.407058712413924,silence,lsxKT442lio_70_000-80_000.wav
4.407058712413924,5.479509041265262,etc,lsxKT442lio_70_000-80_000.wav
5.479509041265262,8.212194975357615,speech,lsxKT442lio_70_000-80_000.wav
8.212194975357615,9.294957326601756,silence,lsxKT442lio_70_000-80_000.wav
9.294957326601756,10.0,etc,lsxKT442lio_70_000-80_000.wav
0.0,3.4869908700333943,etc,lTGJX5f2scI.wav
3.4869908700333943,4.522019128068921,cough,lTGJX5f2scI.wav
4.522019128068921,6.914681854436763,breathe,lTGJX5f2scI.wav
6.914681854436763,8.62180638392393,cough,lTGJX5f2scI.wav
8.62180638392393,10.705304825424015,breathe,lTGJX5f2scI.wav
10.705304825424015,12.654384012633772,cough,lTGJX5f2scI.wav
12.654384012633772,14.186763511543514,breathe,lTGJX5f2scI.wav
14.186763511543514,15.893888041030682,etc,lTGJX5f2scI.wav
15.893888041030682,17.45315139079849,cough,lTGJX5f2scI.wav
17.45315139079849,19.442556354295345,breathe,lTGJX5f2scI.wav
19.442556354295345,20.531352314047,etc,lTGJX5f2scI.wav
20.531352314047,23.152527772708403,gasp,lTGJX5f2scI.wav
23.152527772708403,26.19040291966982,cough,lTGJX5f2scI.wav
26.19040291966982,27.19854732684728,breathe,lTGJX5f2scI.wav
27.19854732684728,28.522019128068923,cough,lTGJX5f2scI.wav
28.522019128068923,29.51672160981735,breathe,lTGJX5f2scI.wav
29.51672160981735,30.578633718710943,cough,lTGJX5f2scI.wav
30.578633718710943,32.648690234781995,breathe,lTGJX5f2scI.wav
32.648690234781995,33.75092811996269,cough,lTGJX5f2scI.wav
33.75092811996269,35.928520039466,breathe,lTGJX5f2scI.wav
35.928520039466,37.59531879266607,cough,lTGJX5f2scI.wav
37.59531879266607,52.88495111465281,throat-clearing,lTGJX5f2scI.wav
52.88495111465281,53.85276974554317,etc,lTGJX5f2scI.wav
53.85276974554317,56.08412936676261,throat-clearing,lTGJX5f2scI.wav
56.08412936676261,60.10326507004342,etc,lTGJX5f2scI.wav
60.10326507004342,61.70285419609833,throat-clearing,lTGJX5f2scI.wav
61.70285419609833,62.87230170842418,cough,lTGJX5f2scI.wav
62.87230170842418,64.37779735647585,breathe,lTGJX5f2scI.wav
64.37779735647585,73.5317485736472,cough,lTGJX5f2scI.wav
73.5317485736472,75.89752744915698,gasp,lTGJX5f2scI.wav
75.89752744915698,76.93871881636893,cough,lTGJX5f2scI.wav
76.93871881636893,79.61366197674646,breathe,lTGJX5f2scI.wav
79.61366197674646,81.05194799765297,cough,lTGJX5f2scI.wav
81.05194799765297,82.42302439141432,breathe,lTGJX5f2scI.wav
82.42302439141432,83.99572966661115,cough,lTGJX5f2scI.wav
83.99572966661115,88.09551692246617,breathe,lTGJX5f2scI.wav
88.09551692246617,91.64418523573084,etc,lTGJX5f2scI.wav
91.64418523573084,93.55293864665347,gasp,lTGJX5f2scI.wav
93.55293864665347,101.0938588123409,cough,lTGJX5f2scI.wav
101.0938588123409,104.67557408564004,breathe,lTGJX5f2scI.wav
104.67557408564004,111.89388804103068,cough,lTGJX5f2scI.wav
111.89388804103068,115.02585666599532,breathe,lTGJX5f2scI.wav
115.02585666599532,118.88368926412774,etc,lTGJX5f2scI.wav
118.88368926412774,123.93057440919148,cough,lTGJX5f2scI.wav
123.93057440919148,126.39044676270449,etc,lTGJX5f2scI.wav
126.39044676270449,128.4470613533465,cough,lTGJX5f2scI.wav
128.4470613533465,129.73748619453366,breathe,lTGJX5f2scI.wav
129.73748619453366,130.81284022885626,cough,lTGJX5f2scI.wav
130.81284022885626,131.86131041232082,breathe,lTGJX5f2scI.wav
131.86131041232082,133.29959643322735,cough,lTGJX5f2scI.wav
133.29959643322735,135.30244332215324,breathe,lTGJX5f2scI.wav
135.30244332215324,136.6869616413436,cough,lTGJX5f2scI.wav
136.6869616413436,139.2274855474308,breathe,lTGJX5f2scI.wav
139.2274855474308,143.67676286444066,cough,lTGJX5f2scI.wav
143.67676286444066,149.04009111062476,etc,lTGJX5f2scI.wav
149.04009111062476,150.32079798037634,throat-clearing,lTGJX5f2scI.wav
150.32079798037634,154.15727891156462,etc,lTGJX5f2scI.wav
0.0,1.9012890053107088,etc,ltSjE9KreEo_60_000-70_000.wav
1.9012890053107088,2.6025256087701165,sniffle,ltSjE9KreEo_60_000-70_000.wav
2.6025256087701165,9.16115031171399,etc,ltSjE9KreEo_60_000-70_000.wav
9.16115031171399,9.583954734388046,cough,ltSjE9KreEo_60_000-70_000.wav
9.583954734388046,10.000272108843538,etc,ltSjE9KreEo_60_000-70_000.wav
0.0,0.8390989645046624,speech,lWB579w24eU_80_000-90_000.wav
0.8390989645046624,2.427150412996068,silence,lWB579w24eU_80_000-90_000.wav
2.427150412996068,3.1902400700633664,gasp,lWB579w24eU_80_000-90_000.wav
3.1902400700633664,4.943283876839593,silence,lWB579w24eU_80_000-90_000.wav
4.943283876839593,5.654813421942884,gasp,lWB579w24eU_80_000-90_000.wav
5.654813421942884,7.098496556935071,silence,lWB579w24eU_80_000-90_000.wav
7.098496556935071,8.263755087321622,sneeze,lWB579w24eU_80_000-90_000.wav
8.263755087321622,9.532133841636186,silence,lWB579w24eU_80_000-90_000.wav
9.532133841636186,10.0,sniffle,lWB579w24eU_80_000-90_000.wav
0.0,1.3340790644748617,etc,LXR5pZHQtmM_90_000-100_000.wav
1.3340790644748617,1.6640645293091678,cough,LXR5pZHQtmM_90_000-100_000.wav
1.6640645293091678,3.654289364091076,etc,LXR5pZHQtmM_90_000-100_000.wav
3.654289364091076,4.499877117728985,cough,LXR5pZHQtmM_90_000-100_000.wav
4.499877117728985,10.00002267573696,etc,LXR5pZHQtmM_90_000-100_000.wav
0.0,1.7103573241031114,cough,lyKZIADD0Ms_210_000-220_000.wav
1.7103573241031114,2.8083807206339704,etc,lyKZIADD0Ms_210_000-220_000.wav
2.8083807206339704,5.597714348918007,speech,lyKZIADD0Ms_210_000-220_000.wav
5.597714348918007,6.793143046754024,etc,lyKZIADD0Ms_210_000-220_000.wav
6.793143046754024,10.0,etc,lyKZIADD0Ms_210_000-220_000.wav
0.0,9.56304822384881,etc,L_ef3cFnySg_80_000-90_000.wav
9.56304822384881,9.99997732426304,sneeze,L_ef3cFnySg_80_000-90_000.wav
0.0,5.1598363470884205,speech,M39Q8n8OACQ_470_000-480_000.wav
5.1598363470884205,6.531335325330998,gasp,M39Q8n8OACQ_470_000-480_000.wav
6.531335325330998,7.366609139147906,sniffle,M39Q8n8OACQ_470_000-480_000.wav
7.366609139147906,8.201882952964814,silence,M39Q8n8OACQ_470_000-480_000.wav
8.201882952964814,8.923724520460906,etc,M39Q8n8OACQ_470_000-480_000.wav
8.923724520460906,9.748686311885011,silence,M39Q8n8OACQ_470_000-480_000.wav
9.748686311885011,10.0,speech,M39Q8n8OACQ_470_000-480_000.wav
0.0,2.66670632931134,cough,M4wypm8JEBg_60_000-70_000.wav
2.66670632931134,4.535121345651213,etc,M4wypm8JEBg_60_000-70_000.wav
4.535121345651213,5.411771045260917,cough,M4wypm8JEBg_60_000-70_000.wav
5.411771045260917,7.049954827359858,etc,M4wypm8JEBg_60_000-70_000.wav
7.049954827359858,10.00002267573696,cough,M4wypm8JEBg_60_000-70_000.wav
0.0,1.3473012010566177,cough,M5E6gS3pAMo_10_000-20_000.wav
1.3473012010566177,2.2150938854116515,hiccup,M5E6gS3pAMo_10_000-20_000.wav
2.2150938854116515,2.6047150906322787,cough,M5E6gS3pAMo_10_000-20_000.wav
2.6047150906322787,3.171436843680464,hiccup,M5E6gS3pAMo_10_000-20_000.wav
3.171436843680464,5.889930252833477,etc,M5E6gS3pAMo_10_000-20_000.wav
5.889930252833477,8.918349620684719,cough,M5E6gS3pAMo_10_000-20_000.wav
8.918349620684719,10.0,etc,M5E6gS3pAMo_10_000-20_000.wav
0.0,3.0299654054462786,etc,M6bs_l-76uw.wav
3.0299654054462786,4.011225961765674,cough,M6bs_l-76uw.wav
4.011225961765674,4.723648009504413,sniffle,M6bs_l-76uw.wav
4.723648009504413,6.820588376433532,cough,M6bs_l-76uw.wav
6.820588376433532,7.721197380178731,sniffle,M6bs_l-76uw.wav
7.721197380178731,10.073534330259474,cough,M6bs_l-76uw.wav
10.073534330259474,10.839724079714344,sniffle,M6bs_l-76uw.wav
10.839724079714344,12.25112624976279,cough,M6bs_l-76uw.wav
12.25112624976279,12.909780595785396,sniffle,M6bs_l-76uw.wav
12.909780595785396,14.294298914975776,etc,M6bs_l-76uw.wav
14.294298914975776,14.616905125272565,cough,M6bs_l-76uw.wav
14.616905125272565,15.342769098440336,breathe,M6bs_l-76uw.wav
15.342769098440336,16.108958847895206,cough,M6bs_l-76uw.wav
16.108958847895206,17.910176855385604,throat-clearing,M6bs_l-76uw.wav
17.910176855385604,24.9537457801988,cough,M6bs_l-76uw.wav
24.9537457801988,25.867796709373028,sniffle,M6bs_l-76uw.wav
25.867796709373028,27.292640804850507,cough,M6bs_l-76uw.wav
27.292640804850507,28.16636595773764,sniffle,M6bs_l-76uw.wav
28.16636595773764,29.57048931153348,cough,M6bs_l-76uw.wav
29.57048931153348,32.68901601106909,etc,M6bs_l-76uw.wav
32.68901601106909,34.82628215428531,throat-clearing,M6bs_l-76uw.wav
34.82628215428531,36.30489395147893,etc,M6bs_l-76uw.wav
36.30489395147893,36.81568711778217,sniffle,M6bs_l-76uw.wav
36.81568711778217,37.85071537581769,etc,M6bs_l-76uw.wav
37.85071537581769,39.00672096271452,cough,M6bs_l-76uw.wav
39.00672096271452,42.0311541842469,breathe,M6bs_l-76uw.wav
42.0311541842469,42.48817964883401,sniffle,M6bs_l-76uw.wav
42.48817964883401,47.03155044384711,etc,M6bs_l-76uw.wav
47.03155044384711,50.37858987567628,cough,M6bs_l-76uw.wav
50.37858987567628,51.11789577427308,sniffle,M6bs_l-76uw.wav
51.11789577427308,56.64869023478199,cough,M6bs_l-76uw.wav
56.64869023478199,57.87190544882397,etc,M6bs_l-76uw.wav
57.87190544882397,59.56558805288211,cough,M6bs_l-76uw.wav
59.56558805288211,62.05234425725318,etc,M6bs_l-76uw.wav
62.05234425725318,62.44216009469513,sniffle,M6bs_l-76uw.wav
62.44216009469513,63.611607607020986,cough,M6bs_l-76uw.wav
63.611607607020986,64.55254238705328,breathe,M6bs_l-76uw.wav
64.55254238705328,65.64133834680494,cough,M6bs_l-76uw.wav
65.64133834680494,72.52360416646974,etc,M6bs_l-76uw.wav
72.52360416646974,72.99407155648589,breathe,M6bs_l-76uw.wav
72.99407155648589,73.63928397707947,sniffle,M6bs_l-76uw.wav
73.63928397707947,75.10445384884405,etc,M6bs_l-76uw.wav
75.10445384884405,75.56147931343116,breathe,M6bs_l-76uw.wav
75.56147931343116,76.09915633059246,sniffle,M6bs_l-76uw.wav
76.09915633059246,79.25072999016258,etc,M6bs_l-76uw.wav
79.25072999016258,80.245432471911,cough,M6bs_l-76uw.wav
80.245432471911,83.75377500888857,etc,M6bs_l-76uw.wav
83.75377500888857,93.3916355415051,speech,M6bs_l-76uw.wav
93.3916355415051,94.14438336553091,sniffle,M6bs_l-76uw.wav
94.14438336553091,97.67960975336656,speech,M6bs_l-76uw.wav
97.67960975336656,99.61524701514728,etc,M6bs_l-76uw.wav
99.61524701514728,106.3122749145188,cough,M6bs_l-76uw.wav
106.3122749145188,108.08660907115112,etc,M6bs_l-76uw.wav
108.08660907115112,109.00066000032535,cough,M6bs_l-76uw.wav
109.00066000032535,109.69964012263506,sniffle,M6bs_l-76uw.wav
109.69964012263506,110.90941341124802,cough,M6bs_l-76uw.wav
110.90941341124802,112.71063141873842,throat-clearing,M6bs_l-76uw.wav
112.71063141873842,117.098231292517,etc,M6bs_l-76uw.wav
0.0,36.617868480725626,etc,Maul1ExUbfk.wav
0.0,4.827326965868131,etc,Mcuhv1hT78E_0_000-10_000.wav
4.827326965868131,5.916495335007611,speech,Mcuhv1hT78E_0_000-10_000.wav
5.916495335007611,6.801998074145401,etc,Mcuhv1hT78E_0_000-10_000.wav
6.801998074145401,7.333299717628074,cough,Mcuhv1hT78E_0_000-10_000.wav
7.333299717628074,8.077122018503818,speech,Mcuhv1hT78E_0_000-10_000.wav
8.077122018503818,10.0,cough,Mcuhv1hT78E_0_000-10_000.wav
0.0,1.1380572847201949,silence,MF5oxE3J8Yw_20_000-30_000.wav
1.1380572847201949,1.7567295234197375,sniffle,MF5oxE3J8Yw_20_000-30_000.wav
1.7567295234197375,3.16936446845036,silence,MF5oxE3J8Yw_20_000-30_000.wav
3.16936446845036,8.036252746220097,speech,MF5oxE3J8Yw_20_000-30_000.wav
8.036252746220097,9.191107591792576,sneeze,MF5oxE3J8Yw_20_000-30_000.wav
9.191107591792576,9.999206349206348,etc,MF5oxE3J8Yw_20_000-30_000.wav
0.0,10.0,etc,mfyd258NCrM_10_000-20_000.wav
0.0,10.0,cough,MHdNcwiHMqM_0_000-10_000.wav
0.0,2.9766262410701505,cough,Mhy0SUd3DL8_190_000-200_000.wav
2.9766262410701505,10.0,etc,Mhy0SUd3DL8_190_000-200_000.wav
0.0,6.899403375450558,cough,mISc-Iebq64_510_000-520_000.wav
6.899403375450558,10.0,gasp,mISc-Iebq64_510_000-520_000.wav
0.0,3.045871756564148,etc,Ml-KbxILigA_30_000-40_000.wav
3.045871756564148,4.262690398914705,sneeze,Ml-KbxILigA_30_000-40_000.wav
4.262690398914705,5.015468033589202,sniffle,Ml-KbxILigA_30_000-40_000.wav
5.015468033589202,6.077606340047739,silence,Ml-KbxILigA_30_000-40_000.wav
6.077606340047739,7.191304758470283,speech,Ml-KbxILigA_30_000-40_000.wav
7.191304758470283,8.95466058763931,silence,Ml-KbxILigA_30_000-40_000.wav
8.95466058763931,10.0,speech,Ml-KbxILigA_30_000-40_000.wav
0.0,5.5180191023956064,cough,Mly3EKf9otg_10_000-20_000.wav
5.5180191023956064,7.917731525459016,gasp,Mly3EKf9otg_10_000-20_000.wav
7.917731525459016,10.0,cough,Mly3EKf9otg_10_000-20_000.wav
0.0,3.534492966726958,etc,mnVH8POcOoc_200_000-210_000.wav
3.534492966726958,4.402285651081992,cough,mnVH8POcOoc_200_000-210_000.wav
4.402285651081992,6.713447800231622,cough,mnVH8POcOoc_200_000-210_000.wav
6.713447800231622,7.625515621543546,speech,mnVH8POcOoc_200_000-210_000.wav
7.625515621543546,8.174527319808975,cough,mnVH8POcOoc_200_000-210_000.wav
8.174527319808975,10.0,speech,mnVH8POcOoc_200_000-210_000.wav
0.0,0.8700350316830664,sneeze,mNxDSslUFqk_0_000-10_000.wav
0.8700350316830664,1.694996823107173,etc,mNxDSslUFqk_0_000-10_000.wav
1.694996823107173,2.159037830783233,sniffle,mNxDSslUFqk_0_000-10_000.wav
2.159037830783233,3.2314881596345715,silence,mNxDSslUFqk_0_000-10_000.wav
3.2314881596345715,6.593207459687806,speech,mNxDSslUFqk_0_000-10_000.wav
6.593207459687806,7.758465990074356,sneeze,mNxDSslUFqk_0_000-10_000.wav
7.758465990074356,8.315315199285628,etc,mNxDSslUFqk_0_000-10_000.wav
8.315315199285628,8.727796094997682,sniffle,mNxDSslUFqk_0_000-10_000.wav
8.727796094997682,10.0,silence,mNxDSslUFqk_0_000-10_000.wav
0.0,0.6225168491846793,etc,MNxv-JZEncE_20_000-30_000.wav
0.6225168491846793,2.633265461287292,speech,MNxv-JZEncE_20_000-30_000.wav
2.633265461287292,3.0766613090842783,etc,MNxv-JZEncE_20_000-30_000.wav
3.0766613090842783,4.953360013713383,speech,MNxv-JZEncE_20_000-30_000.wav
4.953360013713383,5.3658212674780215,silence,MNxv-JZEncE_20_000-30_000.wav
5.3658212674780215,6.26292449441611,sneeze,MNxv-JZEncE_20_000-30_000.wav
6.26292449441611,7.603423569151185,etc,MNxv-JZEncE_20_000-30_000.wav
7.603423569151185,8.191180855765795,silence,MNxv-JZEncE_20_000-30_000.wav
8.191180855765795,9.99952380952381,etc,MNxv-JZEncE_20_000-30_000.wav
0.0,0.766914807755053,etc,moCH4rpHk78_30_000-40_000.wav
0.766914807755053,1.4062601961087358,sneeze,moCH4rpHk78_30_000-40_000.wav
1.4062601961087358,3.458352652276201,speech,moCH4rpHk78_30_000-40_000.wav
3.458352652276201,4.004889839094672,sneeze,moCH4rpHk78_30_000-40_000.wav
4.004889839094672,5.902301959370116,etc,moCH4rpHk78_30_000-40_000.wav
5.902301959370116,6.593207459687806,sneeze,moCH4rpHk78_30_000-40_000.wav
6.593207459687806,10.0,speech,moCH4rpHk78_30_000-40_000.wav
0.0,8.900639565901962,etc,MoQC9PsNnk4_30_000-40_000.wav
8.900639565901962,10.0,cough,MoQC9PsNnk4_30_000-40_000.wav
0.0,2.138510766214682,speech,MPUShjrdzow_30_000-40_000.wav
2.138510766214682,2.7985101299405044,sniffle,MPUShjrdzow_30_000-40_000.wav
2.7985101299405044,5.180695333388394,silence,MPUShjrdzow_30_000-40_000.wav
5.180695333388394,8.212567410503889,speech,MPUShjrdzow_30_000-40_000.wav
8.212567410503889,9.171628985917977,etc,MPUShjrdzow_30_000-40_000.wav
9.171628985917977,10.00045351473923,sneeze,MPUShjrdzow_30_000-40_000.wav
0.0,0.6947032492290076,cough,mQITX62D_3s.wav
0.6947032492290076,1.6244811253236866,etc,mQITX62D_3s.wav
1.6244811253236866,2.9793003162045046,cough,mQITX62D_3s.wav
2.9793003162045046,3.776252781428516,etc,mQITX62D_3s.wav
3.776252781428516,4.121598849692254,cough,mQITX62D_3s.wav
4.121598849692254,5.343592629702403,etc,mQITX62D_3s.wav
5.343592629702403,5.768633944488543,cough,mQITX62D_3s.wav
5.768633944488543,6.83123723145389,etc,mQITX62D_3s.wav
6.83123723145389,10.0721772566982,cough,mQITX62D_3s.wav
10.0721772566982,11.187910708011817,etc,mQITX62D_3s.wav
11.187910708011817,13.578768103683847,cough,mQITX62D_3s.wav
13.578768103683847,16.28840648544548,etc,mQITX62D_3s.wav
16.28840648544548,19.901257661127666,cough,mQITX62D_3s.wav
19.901257661127666,20.990426030267145,gasp,mQITX62D_3s.wav
20.990426030267145,25.134578849432,cough,mQITX62D_3s.wav
25.134578849432,31.587663216028627,etc,mQITX62D_3s.wav
31.587663216028627,35.83807636389002,speech,mQITX62D_3s.wav
35.83807636389002,44.36546774178693,etc,mQITX62D_3s.wav
44.36546774178693,45.746852014841885,gasp,mQITX62D_3s.wav
45.746852014841885,47.63297284920537,cough,mQITX62D_3s.wav
47.63297284920537,48.854966629215525,gasp,mQITX62D_3s.wav
48.854966629215525,54.590113378684805,cough,mQITX62D_3s.wav
0.0,0.6122358601498172,etc,mvAcwJ1DGJA_380_000-390_000.wav
0.6122358601498172,2.458092054066717,silence,mvAcwJ1DGJA_380_000-390_000.wav
2.458092054066717,4.685493941698283,speech,mvAcwJ1DGJA_380_000-390_000.wav
4.685493941698283,5.747634656633704,silence,mvAcwJ1DGJA_380_000-390_000.wav
5.747634656633704,10.00002267573696,etc,mvAcwJ1DGJA_380_000-390_000.wav
0.0,0.8523734859429631,cough,mVamaP3xUw0.wav
0.8523734859429631,1.6051213099688006,speech,mVamaP3xUw0.wav
1.6051213099688006,2.102472550843015,cough,mVamaP3xUw0.wav
2.102472550843015,2.707359195149491,speech,mVamaP3xUw0.wav
2.707359195149491,2.9761977037301475,cough,mVamaP3xUw0.wav
2.9761977037301475,3.4601070191753287,speech,mVamaP3xUw0.wav
3.4601070191753287,11.78065885974664,cough,mVamaP3xUw0.wav
11.78065885974664,12.452755131198282,etc,mVamaP3xUw0.wav
12.452755131198282,76.87880552676368,cough,mVamaP3xUw0.wav
76.87880552676368,111.6647619047619,etc,mVamaP3xUw0.wav
0.0,15.650844513266271,speech,MVLEz28ZdFU.wav
15.650844513266271,62.079682344487175,etc,MVLEz28ZdFU.wav
62.079682344487175,63.77984760363174,speech,MVLEz28ZdFU.wav
63.77984760363174,70.48734116018632,etc,MVLEz28ZdFU.wav
70.48734116018632,94.5818706921256,speech,MVLEz28ZdFU.wav
94.5818706921256,98.38561753150066,etc,MVLEz28ZdFU.wav
98.38561753150066,128.58875178940127,speech,MVLEz28ZdFU.wav
128.58875178940127,180.07557803814305,etc,MVLEz28ZdFU.wav
180.07557803814305,222.45602165534623,speech,MVLEz28ZdFU.wav
222.45602165534623,230.1382704921448,etc,MVLEz28ZdFU.wav
230.1382704921448,236.1154139813249,speech,MVLEz28ZdFU.wav
236.1154139813249,392.0593398683168,etc,MVLEz28ZdFU.wav
392.0593398683168,398.99616006837726,speech,MVLEz28ZdFU.wav
398.99616006837726,428.756462585034,etc,MVLEz28ZdFU.wav
0.0,3.183191824943762,etc,MvqUmfD92AE_0_000-8_000.wav
3.183191824943762,3.980183483249108,sneeze,MvqUmfD92AE_0_000-8_000.wav
3.980183483249108,4.9213926797239935,sneeze,MvqUmfD92AE_0_000-8_000.wav
4.9213926797239935,5.376816484469905,silence,MvqUmfD92AE_0_000-8_000.wav
5.376816484469905,7.360725623582766,etc,MvqUmfD92AE_0_000-8_000.wav
0.0,0.7093241678699997,silence,myd5Ug6s58I_0_000-9_000.wav
0.7093241678699997,1.6399020200069678,speech,myd5Ug6s58I_0_000-9_000.wav
1.6399020200069678,2.520627487208027,sneeze,myd5Ug6s58I_0_000-9_000.wav
2.520627487208027,4.672588770274765,speech,myd5Ug6s58I_0_000-9_000.wav
4.672588770274765,4.980011810712871,etc,myd5Ug6s58I_0_000-9_000.wav
4.980011810712871,8.057324263038549,etc,myd5Ug6s58I_0_000-9_000.wav
0.0,2.3962143458176635,silence,MygBOLdnJpw_170_000-180_000.wav
2.3962143458176635,3.726465234489035,sneeze,MygBOLdnJpw_170_000-180_000.wav
3.726465234489035,4.283314443700308,sniffle,MygBOLdnJpw_170_000-180_000.wav
4.283314443700308,5.025780055982004,silence,MygBOLdnJpw_170_000-180_000.wav
5.025780055982004,6.077606340047739,speech,MygBOLdnJpw_170_000-180_000.wav
6.077606340047739,7.335673071969501,silence,MygBOLdnJpw_170_000-180_000.wav
7.335673071969501,10.0,speech,MygBOLdnJpw_170_000-180_000.wav
0.0,0.9319071660398744,silence,N2JDJDZyzz0_180_000-190_000.wav
0.9319071660398744,1.7981170470351864,speech,N2JDJDZyzz0_180_000-190_000.wav
1.7981170470351864,2.468398502567273,gasp,N2JDJDZyzz0_180_000-190_000.wav
2.468398502567273,3.850209503202652,sneeze,N2JDJDZyzz0_180_000-190_000.wav
3.850209503202652,4.314250510878711,silence,N2JDJDZyzz0_180_000-190_000.wav
4.314250510878711,4.664859272233957,sniffle,N2JDJDZyzz0_180_000-190_000.wav
4.664859272233957,7.593473631789535,silence,N2JDJDZyzz0_180_000-190_000.wav
7.593473631789535,8.25344306492882,gasp,N2JDJDZyzz0_180_000-190_000.wav
8.25344306492882,8.861852386104099,silence,N2JDJDZyzz0_180_000-190_000.wav
8.861852386104099,9.212461147459344,sniffle,N2JDJDZyzz0_180_000-190_000.wav
9.212461147459344,10.0,silence,N2JDJDZyzz0_180_000-190_000.wav
0.0,0.9731596690135992,silence,n5Q_FOemA6c_120_000-130_000.wav
0.9731596690135992,3.169630399953615,etc,n5Q_FOemA6c_120_000-130_000.wav
3.169630399953615,4.819561465448462,silence,n5Q_FOemA6c_120_000-130_000.wav
4.819561465448462,5.716711482311284,sneeze,n5Q_FOemA6c_120_000-130_000.wav
5.716711482311284,6.25293907859711,silence,n5Q_FOemA6c_120_000-130_000.wav
6.25293907859711,6.933535643113735,etc,n5Q_FOemA6c_120_000-130_000.wav
6.933535643113735,8.789708091795438,silence,n5Q_FOemA6c_120_000-130_000.wav
8.789708091795438,9.346559826399949,etc,n5Q_FOemA6c_120_000-130_000.wav
9.346559826399949,10.000045351473922,sniffle,n5Q_FOemA6c_120_000-130_000.wav
0.0,1.737036625664506,cough,n6HEkpSJtu0_0_000-10_000.wav
1.737036625664506,2.480907840024887,gasp,n6HEkpSJtu0_0_000-10_000.wav
2.480907840024887,4.88963367700136,cough,n6HEkpSJtu0_0_000-10_000.wav
4.88963367700136,5.704349768919873,etc,n6HEkpSJtu0_0_000-10_000.wav
5.704349768919873,6.705033664428481,cough,n6HEkpSJtu0_0_000-10_000.wav
6.705033664428481,7.95367463139055,gasp,n6HEkpSJtu0_0_000-10_000.wav
7.95367463139055,10.000657596371882,cough,n6HEkpSJtu0_0_000-10_000.wav
0.0,1.9527973829272065,gasp,NBJggqxj5ZA_180_000-190_000.wav
1.9527973829272065,3.324296361169784,sneeze,NBJggqxj5ZA_180_000-190_000.wav
3.324296361169784,4.417370734806725,sniffle,NBJggqxj5ZA_180_000-190_000.wav
4.417370734806725,5.861053869798911,etc,NBJggqxj5ZA_180_000-190_000.wav
5.861053869798911,6.31478285508217,speech,NBJggqxj5ZA_180_000-190_000.wav
6.31478285508217,7.696593855717548,etc,NBJggqxj5ZA_180_000-190_000.wav
7.696593855717548,10.0,silence,NBJggqxj5ZA_180_000-190_000.wav
0.0,3.058995562726906,cough,nBuw_KZXT_k.wav
3.058995562726906,18.44017814155031,etc,nBuw_KZXT_k.wav
18.44017814155031,19.635606839386327,cough,nBuw_KZXT_k.wav
19.635606839386327,30.023401360544216,etc,nBuw_KZXT_k.wav
0.0,1.5155467214927976,cough,NC30VSM-raQ_70_000-80_000.wav
1.5155467214927976,7.235894416322918,etc,NC30VSM-raQ_70_000-80_000.wav
7.235894416322918,8.280787648505509,cough,NC30VSM-raQ_70_000-80_000.wav
8.280787648505509,10.0,etc,NC30VSM-raQ_70_000-80_000.wav
0.0,8.53055226648299,vomit,nfdEAfLG7qQ.wav
8.53055226648299,11.402126960092064,etc,nfdEAfLG7qQ.wav
11.402126960092064,12.26457942779718,cough,nfdEAfLG7qQ.wav
12.26457942779718,21.873197278911565,etc,nfdEAfLG7qQ.wav
0.0,0.6566090645291416,etc,Nhv2vLJf0jM_140_000-150_000.wav
0.6566090645291416,2.675555309763302,cough,Nhv2vLJf0jM_140_000-150_000.wav
2.675555309763302,3.242277062811487,etc,Nhv2vLJf0jM_140_000-150_000.wav
3.242277062811487,4.597096253692305,cough,Nhv2vLJf0jM_140_000-150_000.wav
4.597096253692305,5.553439211961118,sniffle,Nhv2vLJf0jM_140_000-150_000.wav
5.553439211961118,8.475598251115823,etc,Nhv2vLJf0jM_140_000-150_000.wav
8.475598251115823,10.0,speech,Nhv2vLJf0jM_140_000-150_000.wav
0.0,3.137500808878541,etc,Nihn9j68pBE.wav
3.137500808878541,7.170078437588386,speech,Nihn9j68pBE.wav
7.170078437588386,8.729341787356192,etc,Nihn9j68pBE.wav
8.729341787356192,12.210800473475691,cough,Nihn9j68pBE.wav
12.210800473475691,16.83482282106298,etc,Nihn9j68pBE.wav
16.83482282106298,18.165573438537223,cough,Nihn9j68pBE.wav
18.165573438537223,23.542343610150358,etc,Nihn9j68pBE.wav
23.542343610150358,25.02044546849881,cough,Nihn9j68pBE.wav
25.02044546849881,31.023237135559327,etc,Nihn9j68pBE.wav
31.023237135559327,31.6674296784626,cough,Nihn9j68pBE.wav
31.6674296784626,37.98513463010802,etc,Nihn9j68pBE.wav
37.98513463010802,42.340318469114656,cough,Nihn9j68pBE.wav
42.340318469114656,43.42911442886631,sniffle,Nihn9j68pBE.wav
43.42911442886631,47.999369074737466,etc,Nihn9j68pBE.wav
47.999369074737466,48.9537457801988,cough,Nihn9j68pBE.wav
48.9537457801988,50.97003459455373,cough,Nihn9j68pBE.wav
50.97003459455373,57.85846352339495,etc,Nihn9j68pBE.wav
57.85846352339495,58.85316600514337,cough,Nihn9j68pBE.wav
58.85316600514337,60.22424239890472,etc,Nihn9j68pBE.wav
60.22424239890472,61.24582873151121,cough,Nihn9j68pBE.wav
61.24582873151121,61.850715375817686,etc,Nihn9j68pBE.wav
61.850715375817686,64.00142344446294,cough,Nihn9j68pBE.wav
64.00142344446294,67.36190480172114,etc,Nihn9j68pBE.wav
67.36190480172114,72.89997807848266,cough,Nihn9j68pBE.wav
72.89997807848266,76.54827780306819,etc,Nihn9j68pBE.wav
76.54827780306819,77.56986413567468,cough,Nihn9j68pBE.wav
77.56986413567468,78.95438245486505,etc,Nihn9j68pBE.wav
78.95438245486505,80.2448072960522,cough,Nihn9j68pBE.wav
80.2448072960522,81.2260678523716,etc,Nihn9j68pBE.wav
81.2260678523716,85.487158213375,cough,Nihn9j68pBE.wav
85.487158213375,87.05986348857185,etc,Nihn9j68pBE.wav
87.05986348857185,88.61912683833965,cough,Nihn9j68pBE.wav
88.61912683833965,90.88290249433106,speech,Nihn9j68pBE.wav
0.0,1.2260048927116811,etc,NjazulpHxNY.wav
1.2260048927116811,2.102652604458093,sniffle,NjazulpHxNY.wav
2.102652604458093,4.573205246652527,etc,NjazulpHxNY.wav
4.573205246652527,7.282843628414163,sniffle,NjazulpHxNY.wav
7.282843628414163,9.275224791474187,etc,NjazulpHxNY.wav
9.275224791474187,10.178437585394734,sniffle,NjazulpHxNY.wav
10.178437585394734,13.631898268032112,etc,NjazulpHxNY.wav
13.631898268032112,16.34153664979375,sniffle,NjazulpHxNY.wav
16.34153664979375,19.44965126416739,etc,NjazulpHxNY.wav
19.44965126416739,20.990426030267145,sniffle,NjazulpHxNY.wav
20.990426030267145,23.540673918983977,etc,NjazulpHxNY.wav
23.540673918983977,25.028318520735464,sniffle,NjazulpHxNY.wav
25.028318520735464,29.47048897978416,etc,NjazulpHxNY.wav
29.47048897978416,32.36608293676473,sniffle,NjazulpHxNY.wav
32.36608293676473,35.55389279766077,etc,NjazulpHxNY.wav
35.55389279766077,40.84034415031338,sniffle,NjazulpHxNY.wav
40.84034415031338,114.35827664399092,etc,NjazulpHxNY.wav
0.0,2.899605069682104,etc,nK04u0NuenA.wav
2.899605069682104,13.870984007599317,speech,nK04u0NuenA.wav
13.870984007599317,15.332063527176668,etc,nK04u0NuenA.wav
15.332063527176668,16.235276321097214,speech,nK04u0NuenA.wav
16.235276321097214,19.02460994938125,etc,nK04u0NuenA.wav
19.02460994938125,41.04322692031913,speech,nK04u0NuenA.wav
41.04322692031913,43.24812874077222,etc,nK04u0NuenA.wav
43.24812874077222,58.12704424490122,speech,nK04u0NuenA.wav
58.12704424490122,65.21447866093861,etc,nK04u0NuenA.wav
65.21447866093861,72.62613658752191,speech,nK04u0NuenA.wav
72.62613658752191,99.26868422979638,etc,nK04u0NuenA.wav
99.26868422979638,103.27123651344336,speech,nK04u0NuenA.wav
103.27123651344336,137.30048337316433,etc,nK04u0NuenA.wav
137.30048337316433,138.4259749168182,cough,nK04u0NuenA.wav
138.4259749168182,147.43153777384953,etc,nK04u0NuenA.wav
147.43153777384953,149.63643959430263,speech,nK04u0NuenA.wav
149.63643959430263,167.88027210884354,etc,nK04u0NuenA.wav
0.0,5.394048718916316,cough,nkwMqCHldFo_20_000-30_000.wav
5.394048718916316,6.111305937617925,etc,nkwMqCHldFo_20_000-30_000.wav
6.111305937617925,8.050556936329684,cough,nkwMqCHldFo_20_000-30_000.wav
8.050556936329684,8.57300355242098,etc,nkwMqCHldFo_20_000-30_000.wav
8.57300355242098,10.0,cough,nkwMqCHldFo_20_000-30_000.wav
0.0,2.1353986388892503,etc,nL3LUxrWEpA_170_000-180_000.wav
2.1353986388892503,5.0398476232612,speech,nL3LUxrWEpA_170_000-180_000.wav
5.0398476232612,6.456652005881663,etc,nL3LUxrWEpA_170_000-180_000.wav
6.456652005881663,7.404139936759098,speech,nL3LUxrWEpA_170_000-180_000.wav
7.404139936759098,8.15681726502622,etc,nL3LUxrWEpA_170_000-180_000.wav
8.15681726502622,10.0,cough,nL3LUxrWEpA_170_000-180_000.wav
0.0,7.953151635024527,speech,Nmw58r0EBVM_120_000-130_000.wav
7.953151635024527,9.077740113729522,cough,Nmw58r0EBVM_120_000-130_000.wav
9.077740113729522,10.0,speech,Nmw58r0EBVM_120_000-130_000.wav
0.0,0.8184749197190597,silence,noONbm0WhLk_30_000-40_000.wav
0.8184749197190597,3.60272096577542,speech,noONbm0WhLk_30_000-40_000.wav
3.60272096577542,4.695795339412361,silence,noONbm0WhLk_30_000-40_000.wav
4.695795339412361,5.097964212731613,gasp,noONbm0WhLk_30_000-40_000.wav
5.097964212731613,6.376654989438978,silence,noONbm0WhLk_30_000-40_000.wav
6.376654989438978,7.108808579327873,sneeze,noONbm0WhLk_30_000-40_000.wav
7.108808579327873,9.40838957292257,etc,noONbm0WhLk_30_000-40_000.wav
9.40838957292257,10.0,speech,noONbm0WhLk_30_000-40_000.wav
0.0,1.0285202149670132,cough,NSBAv1UxHB4_20_000-30_000.wav
1.0285202149670132,5.057557678043955,etc,NSBAv1UxHB4_20_000-30_000.wav
5.057557678043955,6.252986375879972,cough,NSBAv1UxHB4_20_000-30_000.wav
6.252986375879972,10.0,etc,NSBAv1UxHB4_20_000-30_000.wav
0.0,2.6047150906322787,speech,NTwtl5HXYTE_50_000-60_000.wav
2.6047150906322787,6.252986375879972,etc,NTwtl5HXYTE_50_000-60_000.wav
6.252986375879972,7.244749443714296,cough,NTwtl5HXYTE_50_000-60_000.wav
7.244749443714296,10.0,etc,NTwtl5HXYTE_50_000-60_000.wav
0.0,0.7772268301478543,silence,nufrN47bYlk_60_000-70_000.wav
0.7772268301478543,2.860255353493724,speech,nufrN47bYlk_60_000-70_000.wav
2.860255353493724,3.767713324060241,silence,nufrN47bYlk_60_000-70_000.wav
3.767713324060241,5.056716123160408,gasp,nufrN47bYlk_60_000-70_000.wav
5.056716123160408,6.077606340047739,sneeze,nufrN47bYlk_60_000-70_000.wav
6.077606340047739,6.881944086686243,etc,nufrN47bYlk_60_000-70_000.wav
6.881944086686243,7.3047370047910976,sniffle,nufrN47bYlk_60_000-70_000.wav
7.3047370047910976,10.0,speech,nufrN47bYlk_60_000-70_000.wav
0.0,0.6225464942558344,sneeze,nuxxMOqKpG4_40_000-50_000.wav
0.6225464942558344,1.2722039050023184,sniffle,nuxxMOqKpG4_40_000-50_000.wav
1.2722039050023184,1.7981170470351864,gasp,nuxxMOqKpG4_40_000-50_000.wav
1.7981170470351864,2.36527827863926,sniffle,nuxxMOqKpG4_40_000-50_000.wav
2.36527827863926,3.272736249205777,gasp,nuxxMOqKpG4_40_000-50_000.wav
3.272736249205777,4.211130286950699,silence,nuxxMOqKpG4_40_000-50_000.wav
4.211130286950699,5.273268593409235,speech,nuxxMOqKpG4_40_000-50_000.wav
5.273268593409235,5.747621623478096,sniffle,nuxxMOqKpG4_40_000-50_000.wav
5.747621623478096,6.417903079010183,silence,nuxxMOqKpG4_40_000-50_000.wav
6.417903079010183,7.098496556935071,gasp,nuxxMOqKpG4_40_000-50_000.wav
7.098496556935071,7.593473631789535,gasp,nuxxMOqKpG4_40_000-50_000.wav
7.593473631789535,8.232819020143218,silence,nuxxMOqKpG4_40_000-50_000.wav
8.232819020143218,8.634987893462469,gasp,nuxxMOqKpG4_40_000-50_000.wav
8.634987893462469,9.707438222313808,silence,nuxxMOqKpG4_40_000-50_000.wav
9.707438222313808,10.0,gasp,nuxxMOqKpG4_40_000-50_000.wav
0.0,1.411570631748999,silence,O17YnAPhb40_0_000-9_000.wav
1.411570631748999,1.637247254237444,etc,O17YnAPhb40_0_000-9_000.wav
1.637247254237444,5.717480588828528,silence,O17YnAPhb40_0_000-9_000.wav
5.717480588828528,6.457699910590628,sneeze,O17YnAPhb40_0_000-9_000.wav
6.457699910590628,7.414568789941635,silence,O17YnAPhb40_0_000-9_000.wav
7.414568789941635,8.263112890498189,sniffle,O17YnAPhb40_0_000-9_000.wav
8.263112890498189,8.753922902494331,silence,O17YnAPhb40_0_000-9_000.wav
0.0,0.8494109868974636,silence,O5fU7Nm1a1E_170_000-180_000.wav
0.8494109868974636,4.788603540947573,speech,O5fU7Nm1a1E_170_000-180_000.wav
4.788603540947573,5.5929412875860764,etc,O5fU7Nm1a1E_170_000-180_000.wav
5.5929412875860764,6.417903079010183,sneeze,O5fU7Nm1a1E_170_000-180_000.wav
6.417903079010183,6.892256109079044,silence,O5fU7Nm1a1E_170_000-180_000.wav
6.892256109079044,10.0,speech,O5fU7Nm1a1E_170_000-180_000.wav
0.0,5.819090033702454,etc,o5oS4ruiZ6g_180_000-190_000.wav
5.819090033702454,7.253604471105674,cough,o5oS4ruiZ6g_180_000-190_000.wav
7.253604471105674,8.546438470246846,speech,o5oS4ruiZ6g_180_000-190_000.wav
8.546438470246846,9.148580332860544,cough,o5oS4ruiZ6g_180_000-190_000.wav
9.148580332860544,10.0,speech,o5oS4ruiZ6g_180_000-190_000.wav
0.0,19.89958181888246,speech,ObbEE5JoDJE.wav
19.89958181888246,21.06902933120832,etc,ObbEE5JoDJE.wav
21.06902933120832,22.70894423355032,cough,ObbEE5JoDJE.wav
22.70894423355032,24.76555882419234,etc,ObbEE5JoDJE.wav
24.76555882419234,31.922826261614222,speech,ObbEE5JoDJE.wav
31.922826261614222,33.09227377394008,etc,ObbEE5JoDJE.wav
33.09227377394008,34.19451165912077,cough,ObbEE5JoDJE.wav
34.19451165912077,36.45275513119828,etc,ObbEE5JoDJE.wav
36.45275513119828,37.50122531466284,cough,ObbEE5JoDJE.wav
37.50122531466284,41.533802943372685,etc,ObbEE5JoDJE.wav
41.533802943372685,43.17371784571469,cough,ObbEE5JoDJE.wav
43.17371784571469,45.63359019922769,etc,ObbEE5JoDJE.wav
45.63359019922769,46.3728960978245,speech,ObbEE5JoDJE.wav
46.3728960978245,47.55578553557939,etc,ObbEE5JoDJE.wav
47.55578553557939,48.08002062731167,speech,ObbEE5JoDJE.wav
48.08002062731167,49.651097021073,etc,ObbEE5JoDJE.wav
49.651097021073,50.97003459455373,cough,ObbEE5JoDJE.wav
50.97003459455373,58.73218867628208,etc,ObbEE5JoDJE.wav
58.73218867628208,59.44461072402081,speech,ObbEE5JoDJE.wav
59.44461072402081,61.07108370093378,etc,ObbEE5JoDJE.wav
61.07108370093378,62.56313742355643,cough,ObbEE5JoDJE.wav
62.56313742355643,63.77291071216938,etc,ObbEE5JoDJE.wav
63.77291071216938,64.67351971591458,cough,ObbEE5JoDJE.wav
64.67351971591458,67.48288213058244,etc,ObbEE5JoDJE.wav
67.48288213058244,68.42381691061473,speech,ObbEE5JoDJE.wav
68.42381691061473,70.85680541326967,cough,ObbEE5JoDJE.wav
70.85680541326967,71.56633753876314,speech,ObbEE5JoDJE.wav
71.56633753876314,71.98303722706315,cough,ObbEE5JoDJE.wav
71.98303722706315,73.35411362082449,speech,ObbEE5JoDJE.wav
73.35411362082449,73.82458101084065,cough,ObbEE5JoDJE.wav
73.82458101084065,78.66920634920635,speech,ObbEE5JoDJE.wav
0.0,2.8283365240107865,speech,oBLLs2UcJbQ.wav
2.8283365240107865,4.293506395775363,etc,oBLLs2UcJbQ.wav
4.293506395775363,5.476395833530251,cough,oBLLs2UcJbQ.wav
5.476395833530251,6.61895949499804,sniffle,oBLLs2UcJbQ.wav
6.61895949499804,8.5277129059207,etc,oBLLs2UcJbQ.wav
8.5277129059207,10.718746750853049,speech,oBLLs2UcJbQ.wav
10.718746750853049,12.506522832914412,etc,oBLLs2UcJbQ.wav
12.506522832914412,21.499170944937365,speech,oBLLs2UcJbQ.wav
21.499170944937365,29.093858812340905,etc,oBLLs2UcJbQ.wav
29.093858812340905,35.8881942631789,speech,oBLLs2UcJbQ.wav
35.8881942631789,36.73503556520797,breathe,oBLLs2UcJbQ.wav
36.73503556520797,39.31588524758227,cough,oBLLs2UcJbQ.wav
39.31588524758227,43.7920464154502,etc,oBLLs2UcJbQ.wav
43.7920464154502,44.88084237520186,breathe,oBLLs2UcJbQ.wav
44.88084237520186,45.90242870780835,cough,oBLLs2UcJbQ.wav
45.90242870780835,47.78429826787294,etc,oBLLs2UcJbQ.wav
47.78429826787294,48.21443988160199,sniffle,oBLLs2UcJbQ.wav
48.21443988160199,49.02095540734396,cough,oBLLs2UcJbQ.wav
49.02095540734396,50.01565788909239,breathe,oBLLs2UcJbQ.wav
50.01565788909239,51.19854732684728,cough,oBLLs2UcJbQ.wav
51.19854732684728,53.10730073776994,etc,oBLLs2UcJbQ.wav
53.10730073776994,55.39859116988194,speech,oBLLs2UcJbQ.wav
55.39859116988194,56.01691973961745,cough,oBLLs2UcJbQ.wav
56.01691973961745,57.52241538766912,breathe,oBLLs2UcJbQ.wav
57.52241538766912,58.65153712370788,cough,oBLLs2UcJbQ.wav
58.65153712370788,59.78065885974664,speech,oBLLs2UcJbQ.wav
59.78065885974664,70.42666379954062,etc,oBLLs2UcJbQ.wav
70.42666379954062,71.55578553557937,sniffle,oBLLs2UcJbQ.wav
71.55578553557937,73.38388739392784,cough,oBLLs2UcJbQ.wav
73.38388739392784,74.72807993683112,sniffle,oBLLs2UcJbQ.wav
74.72807993683112,75.3732923574247,cough,oBLLs2UcJbQ.wav
75.3732923574247,75.74966626943761,etc,oBLLs2UcJbQ.wav
75.74966626943761,76.12604018145053,sniffle,oBLLs2UcJbQ.wav
76.12604018145053,77.57776812778609,breathe,oBLLs2UcJbQ.wav
77.57776812778609,78.95500763072386,cough,oBLLs2UcJbQ.wav
78.95500763072386,81.52241538766913,etc,oBLLs2UcJbQ.wav
81.52241538766913,83.02791103572079,speech,oBLLs2UcJbQ.wav
83.02791103572079,85.08452562636282,etc,oBLLs2UcJbQ.wav
85.08452562636282,87.85356226474357,cough,oBLLs2UcJbQ.wav
87.85356226474357,89.72198989937914,speech,oBLLs2UcJbQ.wav
89.72198989937914,91.11995014399857,etc,oBLLs2UcJbQ.wav
91.11995014399857,94.1309414401019,speech,oBLLs2UcJbQ.wav
94.1309414401019,95.32727280328582,cough,oBLLs2UcJbQ.wav
95.32727280328582,97.1957004379214,etc,oBLLs2UcJbQ.wav
97.1957004379214,98.25761254681495,breathe,oBLLs2UcJbQ.wav
98.25761254681495,98.7549637876892,etc,oBLLs2UcJbQ.wav
98.7549637876892,99.88408552372796,cough,oBLLs2UcJbQ.wav
99.88408552372796,101.134184588628,etc,oBLLs2UcJbQ.wav
101.134184588628,107.25642376801436,speech,oBLLs2UcJbQ.wav
107.25642376801436,108.14359084633053,cough,oBLLs2UcJbQ.wav
108.14359084633053,110.49592779641128,speech,oBLLs2UcJbQ.wav
110.49592779641128,111.70570108502422,breathe,oBLLs2UcJbQ.wav
111.70570108502422,112.94235822449524,breathe,oBLLs2UcJbQ.wav
112.94235822449524,115.3887886525792,etc,oBLLs2UcJbQ.wav
115.3887886525792,117.351309765218,speech,oBLLs2UcJbQ.wav
117.351309765218,118.70894423355033,breathe,oBLLs2UcJbQ.wav
118.70894423355033,119.38104050500196,cough,oBLLs2UcJbQ.wav
119.38104050500196,125.12074266319895,etc,oBLLs2UcJbQ.wav
125.12074266319895,125.9065374472593,cough,oBLLs2UcJbQ.wav
125.9065374472593,126.98189148158193,etc,oBLLs2UcJbQ.wav
126.98189148158193,128.35296787534327,speech,oBLLs2UcJbQ.wav
128.35296787534327,129.85846352339493,breathe,oBLLs2UcJbQ.wav
129.85846352339493,131.6865653817434,cough,oBLLs2UcJbQ.wav
131.6865653817434,133.62220264352413,speech,oBLLs2UcJbQ.wav
133.62220264352413,134.99327903728548,etc,oBLLs2UcJbQ.wav
134.99327903728548,136.41812313276296,sniffle,oBLLs2UcJbQ.wav
136.41812313276296,137.72198989937914,cough,oBLLs2UcJbQ.wav
137.72198989937914,141.28410013807283,etc,oBLLs2UcJbQ.wav
141.28410013807283,142.49387342668578,breathe,oBLLs2UcJbQ.wav
142.49387342668578,143.62299516272455,cough,oBLLs2UcJbQ.wav
143.62299516272455,144.91342000391168,breathe,oBLLs2UcJbQ.wav
144.91342000391168,145.9887740382343,cough,oBLLs2UcJbQ.wav
145.9887740382343,147.64213086600537,etc,oBLLs2UcJbQ.wav
147.64213086600537,148.2739013611699,sniffle,oBLLs2UcJbQ.wav
148.2739013611699,149.47639583353023,cough,oBLLs2UcJbQ.wav
149.47639583353023,152.7293417873562,etc,oBLLs2UcJbQ.wav
152.7293417873562,154.31548898798206,breathe,oBLLs2UcJbQ.wav
154.31548898798206,155.3908430223047,cough,oBLLs2UcJbQ.wav
155.3908430223047,160.60631008876942,etc,oBLLs2UcJbQ.wav
160.60631008876942,161.7488737502372,sniffle,oBLLs2UcJbQ.wav
161.7488737502372,163.11995014399855,cough,oBLLs2UcJbQ.wav
163.11995014399855,164.7329811954825,etc,oBLLs2UcJbQ.wav
164.7329811954825,165.3109839889309,sniffle,oBLLs2UcJbQ.wav
165.3109839889309,167.13908584727938,etc,oBLLs2UcJbQ.wav
167.13908584727938,167.9724852238794,cough,oBLLs2UcJbQ.wav
167.9724852238794,169.47798087193107,etc,oBLLs2UcJbQ.wav
169.47798087193107,171.6555727914344,speech,oBLLs2UcJbQ.wav
171.6555727914344,173.18795229034413,breathe,oBLLs2UcJbQ.wav
173.18795229034413,174.73993682385935,cough,oBLLs2UcJbQ.wav
174.73993682385935,176.12445514304974,etc,oBLLs2UcJbQ.wav
176.12445514304974,177.9525570013982,speech,oBLLs2UcJbQ.wav
177.9525570013982,179.6327976800273,etc,oBLLs2UcJbQ.wav
179.6327976800273,183.181465993292,speech,oBLLs2UcJbQ.wav
183.181465993292,184.5391004616243,cough,oBLLs2UcJbQ.wav
184.5391004616243,185.82952530281145,etc,oBLLs2UcJbQ.wav
185.82952530281145,188.4775846123309,speech,oBLLs2UcJbQ.wav
188.4775846123309,189.3916355415051,breathe,oBLLs2UcJbQ.wav
189.3916355415051,190.2384768435342,etc,oBLLs2UcJbQ.wav
190.2384768435342,191.13908584727935,cough,oBLLs2UcJbQ.wav
191.13908584727935,194.84905726569244,etc,oBLLs2UcJbQ.wav
194.84905726569244,196.90172194235424,etc,oBLLs2UcJbQ.wav
196.90172194235424,198.16526293268333,breathe,oBLLs2UcJbQ.wav
198.16526293268333,200.04713249274792,cough,oBLLs2UcJbQ.wav
200.04713249274792,206.00743764172336,etc,oBLLs2UcJbQ.wav
0.0,4.127770441904375,etc,OcRian470no_230_000-240_000.wav
4.127770441904375,8.546419090567777,speech,OcRian470no_230_000-240_000.wav
8.546419090567777,9.555889924130158,cough,OcRian470no_230_000-240_000.wav
9.555889924130158,9.99997732426304,sniffle,OcRian470no_230_000-240_000.wav
0.0,5.046392657674407,speech,OFuniBSO6pA_50_000-60_000.wav
5.046392657674407,5.654800599236712,silence,OFuniBSO6pA_50_000-60_000.wav
5.654800599236712,6.551944513065874,etc,OFuniBSO6pA_50_000-60_000.wav
6.551944513065874,7.490336422933159,silence,OFuniBSO6pA_50_000-60_000.wav
7.490336422933159,8.511224324876688,etc,OFuniBSO6pA_50_000-60_000.wav
8.511224324876688,9.129944265448524,silence,OFuniBSO6pA_50_000-60_000.wav
9.129944265448524,9.99997732426304,etc,OFuniBSO6pA_50_000-60_000.wav
0.0,4.67677029027593,speech,oGf-eDCiQfg_70_000-80_000.wav
4.67677029027593,5.571124000760805,cough,oGf-eDCiQfg_70_000-80_000.wav
5.571124000760805,6.403492800618015,speech,oGf-eDCiQfg_70_000-80_000.wav
6.403492800618015,9.999954648526078,etc,oGf-eDCiQfg_70_000-80_000.wav
0.0,2.0025732280185817,cough,ogNIvnKY1wI_110_000-120_000.wav
2.0025732280185817,2.941206131504639,speech,ogNIvnKY1wI_110_000-120_000.wav
2.941206131504639,4.827326965868131,cough,ogNIvnKY1wI_110_000-120_000.wav
4.827326965868131,7.953151635024527,etc,ogNIvnKY1wI_110_000-120_000.wav
7.953151635024527,10.0,speech,ogNIvnKY1wI_110_000-120_000.wav
0.0,1.354700084144729,speech,oG_QgFX67q4_30_000-40_000.wav
1.354700084144729,2.3549662562464584,sneeze,oG_QgFX67q4_30_000-40_000.wav
2.3549662562464584,5.830117802620507,etc,oG_QgFX67q4_30_000-40_000.wav
5.830117802620507,10.0,speech,oG_QgFX67q4_30_000-40_000.wav
0.0,1.466431461007154,etc,OLSccYz9LW0_0_000-7_000.wav
1.466431461007154,6.130068027210885,speech,OLSccYz9LW0_0_000-7_000.wav
0.0,9.281405743731211,etc,OQwzQLvGJkI_10_000-20_000.wav
9.281405743731211,10.0,cough,OQwzQLvGJkI_10_000-20_000.wav
0.0,5.92535036239899,etc,oRxuEQ25RO8_0_000-10_000.wav
5.92535036239899,7.9708616898072835,cough,oRxuEQ25RO8_0_000-10_000.wav
7.9708616898072835,10.0,etc,oRxuEQ25RO8_0_000-10_000.wav
0.0,7.165054197191895,speech,orYVDqD1La0_310_000-320_000.wav
7.165054197191895,8.4047580319848,etc,orYVDqD1La0_310_000-320_000.wav
8.4047580319848,9.520491483298416,cough,orYVDqD1La0_310_000-320_000.wav
9.520491483298416,10.0,etc,orYVDqD1La0_310_000-320_000.wav
0.0,1.677611289671954,cough,OSlYn9hTRFA.wav
1.677611289671954,6.804672149279757,etc,OSlYn9hTRFA.wav
6.804672149279757,11.426996447579018,cough,OSlYn9hTRFA.wav
11.426996447579018,19.15187270916302,etc,OSlYn9hTRFA.wav
19.15187270916302,25.261841609213764,cough,OSlYn9hTRFA.wav
25.261841609213764,26.16505440313431,gasp,OSlYn9hTRFA.wav
26.16505440313431,29.804470660990624,cough,OSlYn9hTRFA.wav
29.804470660990624,30.388902468821566,gasp,OSlYn9hTRFA.wav
30.388902468821566,32.593804289274665,cough,OSlYn9hTRFA.wav
32.593804289274665,33.04541068623494,gasp,OSlYn9hTRFA.wav
33.04541068623494,37.21612858757392,cough,OSlYn9hTRFA.wav
37.21612858757392,37.69430006670833,gasp,OSlYn9hTRFA.wav
37.69430006670833,41.104388309440594,cough,OSlYn9hTRFA.wav
41.104388309440594,41.90134077466461,gasp,OSlYn9hTRFA.wav
41.90134077466461,45.96579834730706,cough,OSlYn9hTRFA.wav
45.96579834730706,46.44396982644147,gasp,OSlYn9hTRFA.wav
46.44396982644147,47.081531798620674,etc,OSlYn9hTRFA.wav
47.081531798620674,47.69252868862575,gasp,OSlYn9hTRFA.wav
47.69252868862575,51.34417195315208,cough,OSlYn9hTRFA.wav
51.34417195315208,51.928603760983016,gasp,OSlYn9hTRFA.wav
51.928603760983016,54.55854689622225,cough,OSlYn9hTRFA.wav
54.55854689622225,55.19610886840147,gasp,OSlYn9hTRFA.wav
55.19610886840147,55.83367084058067,etc,OSlYn9hTRFA.wav
55.83367084058067,56.65718838797881,gasp,OSlYn9hTRFA.wav
56.65718838797881,60.588820549750594,cough,OSlYn9hTRFA.wav
60.588820549750594,61.1466872754074,gasp,OSlYn9hTRFA.wav
61.1466872754074,64.62671304021892,cough,OSlYn9hTRFA.wav
64.62671304021892,65.34397025892052,gasp,OSlYn9hTRFA.wav
65.34397025892052,69.97189068653613,cough,OSlYn9hTRFA.wav
69.97189068653613,70.63601774088947,etc,OSlYn9hTRFA.wav
70.63601774088947,71.64549086350654,cough,OSlYn9hTRFA.wav
71.64549086350654,72.26049886621315,etc,OSlYn9hTRFA.wav
0.0,4.159087141485035,cough,ovP1V_dqcKs.wav
4.159087141485035,13.326480284085417,etc,ovP1V_dqcKs.wav
13.326480284085417,14.038902331824154,speech,ovP1V_dqcKs.wav
14.038902331824154,15.248675620437108,cough,ovP1V_dqcKs.wav
15.248675620437108,18.27310884196949,etc,ovP1V_dqcKs.wav
18.27310884196949,20.46414268690184,speech,ovP1V_dqcKs.wav
20.46414268690184,26.72807993683113,cough,ovP1V_dqcKs.wav
26.72807993683113,27.709340493150524,etc,ovP1V_dqcKs.wav
27.709340493150524,31.26417191559161,cough,ovP1V_dqcKs.wav
31.26417191559161,32.030361665046485,etc,ovP1V_dqcKs.wav
32.030361665046485,34.086976255688505,cough,ovP1V_dqcKs.wav
34.086976255688505,35.56558805288211,speech,ovP1V_dqcKs.wav
35.56558805288211,43.496324056011474,cough,ovP1V_dqcKs.wav
43.496324056011474,45.56638057208253,etc,ovP1V_dqcKs.wav
45.56638057208253,47.2331793252826,speech,ovP1V_dqcKs.wav
47.2331793252826,53.10002192151733,cough,ovP1V_dqcKs.wav
53.10002192151733,55.07598495958515,etc,ovP1V_dqcKs.wav
55.07598495958515,60.51996475834344,cough,ovP1V_dqcKs.wav
60.51996475834344,62.83197593213709,speech,ovP1V_dqcKs.wav
62.83197593213709,69.53949672122445,cough,ovP1V_dqcKs.wav
69.53949672122445,75.05684925630433,etc,ovP1V_dqcKs.wav
75.05684925630433,76.41448372463665,speech,ovP1V_dqcKs.wav
76.41448372463665,88.80152250936301,etc,ovP1V_dqcKs.wav
88.80152250936301,94.49387342668578,speech,ovP1V_dqcKs.wav
94.49387342668578,97.27565905433585,etc,ovP1V_dqcKs.wav
97.27565905433585,99.37259942126497,speech,ovP1V_dqcKs.wav
99.37259942126497,103.74675736961451,etc,ovP1V_dqcKs.wav
0.0,1.332265221408216,speech,OwAUGABGrqk.wav
1.332265221408216,2.87303998750797,etc,OwAUGABGrqk.wav
2.87303998750797,13.897549089773449,speech,OwAUGABGrqk.wav
13.897549089773449,16.129015992400678,etc,OwAUGABGrqk.wav
16.129015992400678,23.06250243984957,speech,OwAUGABGrqk.wav
23.06250243984957,24.8157978633424,etc,OwAUGABGrqk.wav
24.8157978633424,26.250312300745616,speech,OwAUGABGrqk.wav
26.250312300745616,34.9871319016406,etc,OwAUGABGrqk.wav
34.9871319016406,36.155995517302486,cough,OwAUGABGrqk.wav
36.155995517302486,38.30776717340731,speech,OwAUGABGrqk.wav
38.30776717340731,39.98136735037774,etc,OwAUGABGrqk.wav
39.98136735037774,62.8878772326192,speech,OwAUGABGrqk.wav
62.8878772326192,66.59265178285429,etc,OwAUGABGrqk.wav
66.59265178285429,86.26378375695919,speech,OwAUGABGrqk.wav
86.26378375695919,87.19356163305386,etc,OwAUGABGrqk.wav
87.19356163305386,99.56584173466156,speech,OwAUGABGrqk.wav
99.56584173466156,111.78577953476308,etc,OwAUGABGrqk.wav
111.78577953476308,114.33602742347992,speech,OwAUGABGrqk.wav
114.33602742347992,125.87663789233578,etc,OwAUGABGrqk.wav
125.87663789233578,136.51329253005574,speech,OwAUGABGrqk.wav
136.51329253005574,137.23054974875734,etc,OwAUGABGrqk.wav
137.23054974875734,148.73323033015728,speech,OwAUGABGrqk.wav
148.73323033015728,154.64130034088146,etc,OwAUGABGrqk.wav
154.64130034088146,164.6032061561816,speech,OwAUGABGrqk.wav
164.6032061561816,186.45291543963205,etc,OwAUGABGrqk.wav
186.45291543963205,194.0505289414343,speech,OwAUGABGrqk.wav
194.0505289414343,195.11313222839965,etc,OwAUGABGrqk.wav
195.11313222839965,200.744929649316,speech,OwAUGABGrqk.wav
200.744929649316,201.54188211454,throat-clearing,OwAUGABGrqk.wav
201.54188211454,214.84541858240053,speech,OwAUGABGrqk.wav
214.84541858240053,216.4150923495399,etc,OwAUGABGrqk.wav
216.4150923495399,239.4691734541947,gasp,OwAUGABGrqk.wav
239.4691734541947,242.1678694659869,etc,OwAUGABGrqk.wav
242.1678694659869,249.6146938496247,speech,OwAUGABGrqk.wav
249.6146938496247,259.6223129251701,etc,OwAUGABGrqk.wav
0.0,1.7015022967117337,cough,oYupDOgVGRw_10_000-20_000.wav
1.7015022967117337,6.686882718057489,etc,oYupDOgVGRw_10_000-20_000.wav
6.686882718057489,8.245367538939998,cough,oYupDOgVGRw_10_000-20_000.wav
8.245367538939998,10.0,etc,oYupDOgVGRw_10_000-20_000.wav
0.0,0.5915929873142738,etc,o_njfu8qsz8_50_000-60_000.wav
0.5915929873142738,1.4474656153676646,sniffle,o_njfu8qsz8_50_000-60_000.wav
1.4474656153676646,9.294683325592128,etc,o_njfu8qsz8_50_000-60_000.wav
9.294683325592128,9.9997052154195,speech,o_njfu8qsz8_50_000-60_000.wav
0.0,2.657845254980546,etc,P4bu1XBDoi4_180_000-190_000.wav
2.657845254980546,3.941824226730341,cough,P4bu1XBDoi4_180_000-190_000.wav
3.941824226730341,10.0,speech,P4bu1XBDoi4_180_000-190_000.wav
0.0,1.5513536082526695,etc,P4Vp5cMKjL0.wav
1.5513536082526695,7.2372880647335505,speech,P4Vp5cMKjL0.wav
7.2372880647335505,10.745630601711117,etc,P4Vp5cMKjL0.wav
10.745630601711117,67.14683399485662,speech,P4Vp5cMKjL0.wav
67.14683399485662,68.55823616490507,etc,P4Vp5cMKjL0.wav
68.55823616490507,71.8918336713052,speech,P4Vp5cMKjL0.wav
71.8918336713052,72.95374578019879,cough,P4Vp5cMKjL0.wav
72.95374578019879,75.52115353714406,speech,P4Vp5cMKjL0.wav
75.52115353714406,78.65928527128513,cough,P4Vp5cMKjL0.wav
78.65928527128513,103.32879818594104,speech,P4Vp5cMKjL0.wav
0.0,0.700884201486031,etc,P5ieydOAJQE_10_000-20_000.wav
0.700884201486031,1.7103573241031114,cough,P5ieydOAJQE_10_000-20_000.wav
1.7103573241031114,3.428232638030423,speech,P5ieydOAJQE_10_000-20_000.wav
3.428232638030423,5.154962979349112,cough,P5ieydOAJQE_10_000-20_000.wav
5.154962979349112,6.261841403271349,etc,P5ieydOAJQE_10_000-20_000.wav
6.261841403271349,7.962006662415906,cough,P5ieydOAJQE_10_000-20_000.wav
7.962006662415906,10.0,etc,P5ieydOAJQE_10_000-20_000.wav
0.0,7.191619279366028,etc,pBFMlOQyXCg_0_000-10_000.wav
7.191619279366028,10.0,cough,pBFMlOQyXCg_0_000-10_000.wav
0.0,1.478444352858345,speech,pcVQ37PIDak_40_000-50_000.wav
1.478444352858345,2.2002859203544385,sniffle,pcVQ37PIDak_40_000-50_000.wav
2.2002859203544385,3.0355597341713465,speech,pcVQ37PIDak_40_000-50_000.wav
3.0355597341713465,4.118322085415486,silence,pcVQ37PIDak_40_000-50_000.wav
4.118322085415486,4.932971854446792,gasp,pcVQ37PIDak_40_000-50_000.wav
4.932971854446792,6.118854429618945,gasp,pcVQ37PIDak_40_000-50_000.wav
6.118854429618945,7.696593855717548,sneeze,pcVQ37PIDak_40_000-50_000.wav
7.696593855717548,9.284645304208954,silence,pcVQ37PIDak_40_000-50_000.wav
9.284645304208954,10.0,gasp,pcVQ37PIDak_40_000-50_000.wav
0.0,1.664060755928769,silence,PdbjVujqBTM_90_000-100_000.wav
1.664060755928769,3.148991980492161,speech,PdbjVujqBTM_90_000-100_000.wav
3.148991980492161,3.6852171449178304,silence,PdbjVujqBTM_90_000-100_000.wav
3.6852171449178304,4.293626466093109,throat-clearing,PdbjVujqBTM_90_000-100_000.wav
4.293626466093109,4.675171294626758,silence,PdbjVujqBTM_90_000-100_000.wav
4.675171294626758,5.819805780227706,speech,PdbjVujqBTM_90_000-100_000.wav
5.819805780227706,6.593207459687806,silence,PdbjVujqBTM_90_000-100_000.wav
6.593207459687806,7.902834303573575,sneeze,PdbjVujqBTM_90_000-100_000.wav
7.902834303573575,8.634987893462469,silence,PdbjVujqBTM_90_000-100_000.wav
8.634987893462469,9.429013617708172,speech,PdbjVujqBTM_90_000-100_000.wav
9.429013617708172,10.0,silence,PdbjVujqBTM_90_000-100_000.wav
0.0,6.306116540228239,cough,PFQRifJJr1c_0_000-10_000.wav
6.306116540228239,7.235894416322918,etc,PFQRifJJr1c_0_000-10_000.wav
7.235894416322918,10.0,cough,PFQRifJJr1c_0_000-10_000.wav
0.0,25.73954056425913,etc,phcb_32Cmbo.wav
25.73954056425913,28.024667887194703,speech,phcb_32Cmbo.wav
28.024667887194703,31.04910110872709,etc,phcb_32Cmbo.wav
31.04910110872709,32.01691973961746,speech,phcb_32Cmbo.wav
32.01691973961746,38.11955388439835,etc,phcb_32Cmbo.wav
38.11955388439835,39.114256366146776,speech,phcb_32Cmbo.wav
39.114256366146776,69.68735790094382,etc,phcb_32Cmbo.wav
69.68735790094382,70.93745696584386,speech,phcb_32Cmbo.wav
70.93745696584386,114.6833560090703,etc,phcb_32Cmbo.wav
0.0,2.8615108849822377,cough,pHwZ5S5PmQs_0_000-10_000.wav
2.8615108849822377,4.402285651081992,etc,pHwZ5S5PmQs_0_000-10_000.wav
4.402285651081992,6.651462608491977,cough,pHwZ5S5PmQs_0_000-10_000.wav
6.651462608491977,7.404139936759098,etc,pHwZ5S5PmQs_0_000-10_000.wav
7.404139936759098,8.457888196333068,cough,pHwZ5S5PmQs_0_000-10_000.wav
8.457888196333068,10.0,speech,pHwZ5S5PmQs_0_000-10_000.wav
0.0,0.890659076468669,silence,pIXUMUwAv5A_210_000-220_000.wav
0.890659076468669,2.148725808390432,sneeze,pIXUMUwAv5A_210_000-220_000.wav
2.148725808390432,3.056183778956949,silence,pIXUMUwAv5A_210_000-220_000.wav
3.056183778956949,3.334608383562585,etc,pIXUMUwAv5A_210_000-220_000.wav
3.334608383562585,8.24313104253602,silence,pIXUMUwAv5A_210_000-220_000.wav
8.24313104253602,10.0,speech,pIXUMUwAv5A_210_000-220_000.wav
0.0,0.4678661583638143,silence,Pjg71GYeYIQ_110_000-120_000.wav
0.4678661583638143,1.8290531142135904,speech,Pjg71GYeYIQ_110_000-120_000.wav
1.8290531142135904,2.7261990623873062,silence,Pjg71GYeYIQ_110_000-120_000.wav
2.7261990623873062,3.5717848985970155,sneeze,Pjg71GYeYIQ_110_000-120_000.wav
3.5717848985970155,5.644501399550083,speech,Pjg71GYeYIQ_110_000-120_000.wav
5.644501399550083,8.346251266464032,silence,Pjg71GYeYIQ_110_000-120_000.wav
8.346251266464032,10.0,speech,Pjg71GYeYIQ_110_000-120_000.wav
0.0,3.0651765149839294,etc,pMse0rtj68g_20_000-30_000.wav
3.0651765149839294,5.615424403700764,cough,pMse0rtj68g_20_000-30_000.wav
5.615424403700764,7.864601361110749,gasp,pMse0rtj68g_20_000-30_000.wav
7.864601361110749,9.21056552460019,etc,pMse0rtj68g_20_000-30_000.wav
9.21056552460019,10.0,cough,pMse0rtj68g_20_000-30_000.wav
0.0,32.08412936676262,etc,PQ1NJa6U_Mc.wav
32.08412936676262,33.89878929968205,cough,PQ1NJa6U_Mc.wav
33.89878929968205,35.8881942631789,speech,PQ1NJa6U_Mc.wav
35.8881942631789,38.57657934898547,cough,PQ1NJa6U_Mc.wav
38.57657934898547,39.67881723416616,etc,PQ1NJa6U_Mc.wav
39.67881723416616,41.251522509363,cough,PQ1NJa6U_Mc.wav
41.251522509363,42.017712258817866,etc,PQ1NJa6U_Mc.wav
42.017712258817866,43.913023744311495,speech,PQ1NJa6U_Mc.wav
43.913023744311495,45.06902933120831,speech,PQ1NJa6U_Mc.wav
45.06902933120831,47.75741441701488,cough,PQ1NJa6U_Mc.wav
47.75741441701488,49.26291006506656,etc,PQ1NJa6U_Mc.wav
49.26291006506656,50.29793832310208,cough,PQ1NJa6U_Mc.wav
50.29793832310208,51.26575695399245,speech,PQ1NJa6U_Mc.wav
51.26575695399245,52.40832061546024,cough,PQ1NJa6U_Mc.wav
52.40832061546024,53.026649185195744,sniffle,PQ1NJa6U_Mc.wav
53.026649185195744,54.51142409156578,speech,PQ1NJa6U_Mc.wav
54.51142409156578,56.205106695623904,etc,PQ1NJa6U_Mc.wav
56.205106695623904,58.772514452569176,cough,PQ1NJa6U_Mc.wav
58.772514452569176,60.56029053463054,etc,PQ1NJa6U_Mc.wav
60.56029053463054,61.50122531466283,cough,PQ1NJa6U_Mc.wav
61.50122531466283,61.985134630108014,etc,PQ1NJa6U_Mc.wav
61.985134630108014,62.71099860327579,cough,PQ1NJa6U_Mc.wav
62.71099860327579,63.49063027815969,sneeze,PQ1NJa6U_Mc.wav
63.49063027815969,65.89673492995657,etc,PQ1NJa6U_Mc.wav
65.89673492995657,66.29999269282754,sneeze,PQ1NJa6U_Mc.wav
66.29999269282754,68.27595573089538,etc,PQ1NJa6U_Mc.wav
68.27595573089538,69.45884516865026,speech,PQ1NJa6U_Mc.wav
69.45884516865026,70.81647963698258,etc,PQ1NJa6U_Mc.wav
70.81647963698258,71.32727280328582,sneeze,PQ1NJa6U_Mc.wav
71.32727280328582,73.4107712447859,etc,PQ1NJa6U_Mc.wav
73.4107712447859,74.16351906881175,cough,PQ1NJa6U_Mc.wav
74.16351906881175,74.91626689283758,sneeze,PQ1NJa6U_Mc.wav
74.91626689283758,76.56234490435601,etc,PQ1NJa6U_Mc.wav
76.56234490435601,77.16723154866249,sneeze,PQ1NJa6U_Mc.wav
77.16723154866249,86.95295326099838,etc,PQ1NJa6U_Mc.wav
86.95295326099838,87.74602686131132,sneeze,PQ1NJa6U_Mc.wav
87.74602686131132,90.55538927597917,etc,PQ1NJa6U_Mc.wav
90.55538927597917,91.28125324914694,sneeze,PQ1NJa6U_Mc.wav
91.28125324914694,93.56638057208252,etc,PQ1NJa6U_Mc.wav
93.56638057208252,94.38633802325351,sneeze,PQ1NJa6U_Mc.wav
94.38633802325351,96.5504880173278,etc,PQ1NJa6U_Mc.wav
96.5504880173278,97.31667776678268,sneeze,PQ1NJa6U_Mc.wav
97.31667776678268,100.0319467034473,etc,PQ1NJa6U_Mc.wav
100.0319467034473,100.48897216803442,sneeze,PQ1NJa6U_Mc.wav
100.48897216803442,103.33138154273678,etc,PQ1NJa6U_Mc.wav
103.33138154273678,104.12445514304972,sneeze,PQ1NJa6U_Mc.wav
104.12445514304972,106.0466504794014,etc,PQ1NJa6U_Mc.wav
106.0466504794014,106.67842097456594,sneeze,PQ1NJa6U_Mc.wav
106.67842097456594,117.14968088378252,etc,PQ1NJa6U_Mc.wav
117.14968088378252,118.2115929926761,speech,PQ1NJa6U_Mc.wav
118.2115929926761,119.34071472871486,etc,PQ1NJa6U_Mc.wav
119.34071472871486,120.28164950874717,speech,PQ1NJa6U_Mc.wav
120.28164950874717,121.4914227973601,etc,PQ1NJa6U_Mc.wav
121.4914227973601,123.56147931343116,speech,PQ1NJa6U_Mc.wav
123.56147931343116,130.79939830342724,cough,PQ1NJa6U_Mc.wav
130.79939830342724,131.74033308345955,speech,PQ1NJa6U_Mc.wav
131.74033308345955,133.4474576129467,cough,PQ1NJa6U_Mc.wav
133.4474576129467,135.04704673900162,etc,PQ1NJa6U_Mc.wav
135.04704673900162,135.611607607021,sneeze,PQ1NJa6U_Mc.wav
135.611607607021,138.6494827539824,etc,PQ1NJa6U_Mc.wav
138.6494827539824,139.1737178457147,sneeze,PQ1NJa6U_Mc.wav
139.1737178457147,140.97493585320507,etc,PQ1NJa6U_Mc.wav
140.97493585320507,141.74112560265996,sneeze,PQ1NJa6U_Mc.wav
141.74112560265996,145.84091285851497,etc,PQ1NJa6U_Mc.wav
145.84091285851497,146.8490572656924,sneeze,PQ1NJa6U_Mc.wav
146.8490572656924,149.30915010286452,etc,PQ1NJa6U_Mc.wav
149.30915010286452,153.63745009101308,speech,PQ1NJa6U_Mc.wav
153.63745009101308,155.96843537414966,etc,PQ1NJa6U_Mc.wav
0.0,2.654014905637697,etc,pTHneU38ruM_80_000-90_000.wav
2.654014905637697,3.633657032953824,speech,pTHneU38ruM_80_000-90_000.wav
3.633657032953824,4.108010063022685,silence,pTHneU38ruM_80_000-90_000.wav
4.108010063022685,5.025780055982004,speech,pTHneU38ruM_80_000-90_000.wav
5.025780055982004,6.325094877474971,etc,pTHneU38ruM_80_000-90_000.wav
6.325094877474971,6.933504198650249,gasp,pTHneU38ruM_80_000-90_000.wav
6.933504198650249,7.459417340683117,etc,pTHneU38ruM_80_000-90_000.wav
7.459417340683117,7.810026102038363,gasp,pTHneU38ruM_80_000-90_000.wav
7.810026102038363,10.0,etc,pTHneU38ruM_80_000-90_000.wav
0.0,1.2587509271428383,speech,PuE_Qe_H-z4_150_000-160_000.wav
1.2587509271428383,2.7109754193288134,cough,PuE_Qe_H-z4_150_000-160_000.wav
2.7109754193288134,10.0,speech,PuE_Qe_H-z4_150_000-160_000.wav
0.0,0.6019224494702317,etc,PVPp4CYgGH0_180_000-190_000.wav
0.6019224494702317,1.2412678378239144,sneeze,PVPp4CYgGH0_180_000-190_000.wav
1.2412678378239144,10.0,etc,PVPp4CYgGH0_180_000-190_000.wav
0.0,10.00045351473923,cough,PwLeUwl82uI_30_000-40_000.wav
0.0,3.633657032953824,silence,pwSchn_sQ68_30_000-40_000.wav
3.633657032953824,5.572317242800474,etc,pwSchn_sQ68_30_000-40_000.wav
5.572317242800474,6.613831504473408,silence,pwSchn_sQ68_30_000-40_000.wav
6.613831504473408,7.614097676575137,throat-clearing,pwSchn_sQ68_30_000-40_000.wav
7.614097676575137,9.604317998385795,silence,pwSchn_sQ68_30_000-40_000.wav
9.604317998385795,10.0,sniffle,pwSchn_sQ68_30_000-40_000.wav
0.0,1.076275479539093,cough,pY1nR5Y1aAs_30_000-40_000.wav
1.076275479539093,1.6537487335359675,etc,pY1nR5Y1aAs_30_000-40_000.wav
1.6537487335359675,2.839631308708121,cough,pY1nR5Y1aAs_30_000-40_000.wav
2.839631308708121,10.0,etc,pY1nR5Y1aAs_30_000-40_000.wav
0.0,0.3670336253540052,etc,PyXQVNaAbHc.wav
0.3670336253540052,5.185170891268973,speech,PyXQVNaAbHc.wav
5.185170891268973,6.3559332175660685,etc,PyXQVNaAbHc.wav
6.3559332175660685,32.833173519977294,speech,PyXQVNaAbHc.wav
32.833173519977294,34.18405312724317,cough,PyXQVNaAbHc.wav
34.18405312724317,38.05657466807202,etc,PyXQVNaAbHc.wav
38.05657466807202,45.17120726633898,speech,PyXQVNaAbHc.wav
45.17120726633898,46.1168229914251,cough,PyXQVNaAbHc.wav
46.1168229914251,49.13378744765223,speech,PyXQVNaAbHc.wav
49.13378744765223,50.85170068027211,cough,PyXQVNaAbHc.wav
0.0,4.13904899642846,etc,pzsV0Sr5hrE.wav
4.13904899642846,5.011014025118435,cough,pzsV0Sr5hrE.wav
5.011014025118435,19.946931129453173,speech,pzsV0Sr5hrE.wav
19.946931129453173,22.675337832128257,etc,pzsV0Sr5hrE.wav
22.675337832128257,31.764897959183678,speech,pzsV0Sr5hrE.wav
0.0,1.3743310657596373,sneeze,Q-BnM0ChaUc_70_000-80_000.wav
1.3743310657596373,2.159037830783233,speech,Q-BnM0ChaUc_70_000-80_000.wav
2.159037830783233,2.51995861453128,sniffle,Q-BnM0ChaUc_70_000-80_000.wav
2.51995861453128,3.159304002884962,silence,Q-BnM0ChaUc_70_000-80_000.wav
3.159304002884962,4.025513883880274,etc,Q-BnM0ChaUc_70_000-80_000.wav
4.025513883880274,5.551693198014871,silence,Q-BnM0ChaUc_70_000-80_000.wav
5.551693198014871,6.036358250476534,speech,Q-BnM0ChaUc_70_000-80_000.wav
6.036358250476534,7.449105318290316,etc,Q-BnM0ChaUc_70_000-80_000.wav
7.449105318290316,7.871898236395171,gasp,Q-BnM0ChaUc_70_000-80_000.wav
7.871898236395171,9.129964968316932,sneeze,Q-BnM0ChaUc_70_000-80_000.wav
9.129964968316932,10.0,silence,Q-BnM0ChaUc_70_000-80_000.wav
0.0,2.146150808739915,etc,q-q6UT89OnM_12_000-22_000.wav
2.146150808739915,2.7880017613190704,silence,q-q6UT89OnM_12_000-22_000.wav
2.7880017613190704,5.402600494619453,etc,q-q6UT89OnM_12_000-22_000.wav
5.402600494619453,8.224856889048386,silence,q-q6UT89OnM_12_000-22_000.wav
8.224856889048386,9.153378684807256,etc,q-q6UT89OnM_12_000-22_000.wav
0.0,2.3549662562464584,speech,Q0iv7pzeJkw_20_000-30_000.wav
2.3549662562464584,3.705841189703433,sneeze,Q0iv7pzeJkw_20_000-30_000.wav
3.705841189703433,4.324562533271513,sniffle,Q0iv7pzeJkw_20_000-30_000.wav
4.324562533271513,6.521023302938197,speech,Q0iv7pzeJkw_20_000-30_000.wav
6.521023302938197,7.160368691291879,sniffle,Q0iv7pzeJkw_20_000-30_000.wav
7.160368691291879,8.738108117390484,speech,Q0iv7pzeJkw_20_000-30_000.wav
8.738108117390484,9.779622379063415,silence,Q0iv7pzeJkw_20_000-30_000.wav
9.779622379063415,10.0,etc,Q0iv7pzeJkw_20_000-30_000.wav
0.0,4.667936472823328,speech,q1sDGR5Gpzk_170_000-180_000.wav
4.667936472823328,10.0,cough,q1sDGR5Gpzk_170_000-180_000.wav
0.0,1.559821858449687,speech,q4y4UvCKRBg_0_000-10_000.wav
1.559821858449687,2.427614542804721,cough,q4y4UvCKRBg_0_000-10_000.wav
2.427614542804721,4.517401007169904,speech,q4y4UvCKRBg_0_000-10_000.wav
4.517401007169904,6.067030800661036,etc,q4y4UvCKRBg_0_000-10_000.wav
6.067030800661036,6.571767361969576,cough,q4y4UvCKRBg_0_000-10_000.wav
6.571767361969576,7.740630977631458,etc,q4y4UvCKRBg_0_000-10_000.wav
7.740630977631458,10.0,cough,q4y4UvCKRBg_0_000-10_000.wav
0.0,0.8494109868974636,etc,QAGC8LBi4xU_210_000-220_000.wav
0.8494109868974636,2.066229629248021,silence,QAGC8LBi4xU_210_000-220_000.wav
2.066229629248021,2.6952629952089024,etc,QAGC8LBi4xU_210_000-220_000.wav
2.6952629952089024,4.355498600449917,silence,QAGC8LBi4xU_210_000-220_000.wav
4.355498600449917,7.119120601720674,speech,QAGC8LBi4xU_210_000-220_000.wav
7.119120601720674,7.645033743753542,sniffle,QAGC8LBi4xU_210_000-220_000.wav
7.645033743753542,9.150589013102536,silence,QAGC8LBi4xU_210_000-220_000.wav
9.150589013102536,10.0,etc,QAGC8LBi4xU_210_000-220_000.wav
0.0,0.7875388525406557,sneeze,QApfHnvjiPE_50_000-60_000.wav
0.7875388525406557,3.159304002884962,speech,QApfHnvjiPE_50_000-60_000.wav
3.159304002884962,4.437994779592327,silence,QApfHnvjiPE_50_000-60_000.wav
4.437994779592327,4.984531966410798,sneeze,QApfHnvjiPE_50_000-60_000.wav
4.984531966410798,10.0,speech,QApfHnvjiPE_50_000-60_000.wav
0.0,0.983467278003881,speech,qaQ9ldqWB5k_160_000-170_000.wav
0.983467278003881,1.9527973829272065,silence,qaQ9ldqWB5k_160_000-170_000.wav
1.9527973829272065,3.1902400700633664,speech,qaQ9ldqWB5k_160_000-170_000.wav
3.1902400700633664,3.705841189703433,silence,qaQ9ldqWB5k_160_000-170_000.wav
3.705841189703433,4.757667473769169,speech,qaQ9ldqWB5k_160_000-170_000.wav
4.757667473769169,6.665391616437415,silence,qaQ9ldqWB5k_160_000-170_000.wav
6.665391616437415,7.098496556935071,gasp,qaQ9ldqWB5k_160_000-170_000.wav
7.098496556935071,8.222506997750417,silence,qaQ9ldqWB5k_160_000-170_000.wav
8.222506997750417,9.119652945924132,sneeze,qaQ9ldqWB5k_160_000-170_000.wav
9.119652945924132,10.0,silence,qaQ9ldqWB5k_160_000-170_000.wav
0.0,0.8390989645046624,etc,QbBo7uSUj5A_0_000-10_000.wav
0.8390989645046624,2.6746389504232995,silence,QbBo7uSUj5A_0_000-10_000.wav
2.6746389504232995,2.839631308708121,etc,QbBo7uSUj5A_0_000-10_000.wav
2.839631308708121,3.334608383562585,silence,QbBo7uSUj5A_0_000-10_000.wav
3.334608383562585,4.345186578057116,cough,QbBo7uSUj5A_0_000-10_000.wav
4.345186578057116,6.00542218329813,cough,QbBo7uSUj5A_0_000-10_000.wav
6.00542218329813,7.933770370751979,silence,QbBo7uSUj5A_0_000-10_000.wav
7.933770370751979,8.892788453282503,etc,QbBo7uSUj5A_0_000-10_000.wav
8.892788453282503,10.0,cough,QbBo7uSUj5A_0_000-10_000.wav
0.0,1.7546324610600008,speech,QBeB9-bBVZA_20_000-30_000.wav
1.7546324610600008,2.7109754193288134,etc,QBeB9-bBVZA_20_000-30_000.wav
2.7109754193288134,5.216948171088758,speech,QBeB9-bBVZA_20_000-30_000.wav
5.216948171088758,10.0,etc,QBeB9-bBVZA_20_000-30_000.wav
0.0,0.3369963498522547,speech,QC9481d_cXQ_0_000-9_000.wav
0.3369963498522547,2.008879494844692,cough,QC9481d_cXQ_0_000-9_000.wav
2.008879494844692,3.0015601121839524,etc,QC9481d_cXQ_0_000-9_000.wav
3.0015601121839524,3.538951123074378,cough,QC9481d_cXQ_0_000-9_000.wav
3.538951123074378,6.934963761340267,etc,QC9481d_cXQ_0_000-9_000.wav
6.934963761340267,7.435035952029969,cough,QC9481d_cXQ_0_000-9_000.wav
7.435035952029969,8.428843537414966,etc,QC9481d_cXQ_0_000-9_000.wav
0.0,1.4624165571445302,etc,qcvrLF5-Zno_250_000-260_000.wav
1.4624165571445302,3.5699130762924693,speech,qcvrLF5-Zno_250_000-260_000.wav
3.5699130762924693,4.1986200210803,cough,qcvrLF5-Zno_250_000-260_000.wav
4.1986200210803,8.183382347200354,speech,qcvrLF5-Zno_250_000-260_000.wav
8.183382347200354,9.184000442426056,etc,qcvrLF5-Zno_250_000-260_000.wav
9.184000442426056,10.0,speech,qcvrLF5-Zno_250_000-260_000.wav
0.0,0.9319071660398744,silence,qEv7NBFezUA_20_000-30_000.wav
0.9319071660398744,1.323764016966325,etc,qEv7NBFezUA_20_000-30_000.wav
1.323764016966325,1.7981170470351864,silence,qEv7NBFezUA_20_000-30_000.wav
1.7981170470351864,3.0664958013497503,sneeze,qEv7NBFezUA_20_000-30_000.wav
3.0664958013497503,3.860521525595453,silence,qEv7NBFezUA_20_000-30_000.wav
3.860521525595453,4.14925815259389,gasp,qEv7NBFezUA_20_000-30_000.wav
4.14925815259389,4.6442352274483545,silence,qEv7NBFezUA_20_000-30_000.wav
4.6442352274483545,5.262956571016434,gasp,qEv7NBFezUA_20_000-30_000.wav
5.262956571016434,6.902568131471845,sneeze,qEv7NBFezUA_20_000-30_000.wav
6.902568131471845,10.0,silence,qEv7NBFezUA_20_000-30_000.wav
0.0,1.5609405320007557,silence,qeYcFQsU61Y_200_000-210_000.wav
1.5609405320007557,2.942751532636134,sneeze,qeYcFQsU61Y_200_000-210_000.wav
2.942751532636134,3.778025346453042,silence,qeYcFQsU61Y_200_000-210_000.wav
3.778025346453042,4.706107361805162,speech,qeYcFQsU61Y_200_000-210_000.wav
4.706107361805162,5.324828705373242,silence,qeYcFQsU61Y_200_000-210_000.wav
5.324828705373242,5.881677914584514,sniffle,qeYcFQsU61Y_200_000-210_000.wav
5.881677914584514,6.603519482080607,silence,qeYcFQsU61Y_200_000-210_000.wav
6.603519482080607,8.32562722167843,speech,qeYcFQsU61Y_200_000-210_000.wav
8.32562722167843,9.315581371387358,sniffle,qeYcFQsU61Y_200_000-210_000.wav
9.315581371387358,10.0,silence,qeYcFQsU61Y_200_000-210_000.wav
0.0,3.262424226812976,silence,Qg5fVlHfok4_90_000-100_000.wav
3.262424226812976,4.499866913949136,sneeze,Qg5fVlHfok4_90_000-100_000.wav
4.499866913949136,9.32589339378016,silence,Qg5fVlHfok4_90_000-100_000.wav
9.32589339378016,10.0,speech,Qg5fVlHfok4_90_000-100_000.wav
0.0,1.037375242358391,etc,QGLBlsCETpw_20_000-30_000.wav
1.037375242358391,1.8608927897565355,cough,QGLBlsCETpw_20_000-30_000.wav
1.8608927897565355,3.2157119806373538,etc,QGLBlsCETpw_20_000-30_000.wav
3.2157119806373538,6.075885828052414,speech,QGLBlsCETpw_20_000-30_000.wav
6.075885828052414,10.0,cough,QGLBlsCETpw_20_000-30_000.wav
0.0,8.73808830308636,etc,qgUvp5rva50_70_000-80_000.wav
8.73808830308636,9.99997732426304,speech,qgUvp5rva50_70_000-80_000.wav
0.0,1.9848631732358264,etc,qHxgEpRG1Vs_30_000-40_000.wav
1.9848631732358264,3.029756405418418,cough,qHxgEpRG1Vs_30_000-40_000.wav
3.029756405418418,10.0,etc,qHxgEpRG1Vs_30_000-40_000.wav
0.0,3.233422035420109,speech,QIBUJSmWcM8_230_000-240_000.wav
3.233422035420109,5.686264622831787,etc,QIBUJSmWcM8_230_000-240_000.wav
5.686264622831787,8.094832073286574,speech,QIBUJSmWcM8_230_000-240_000.wav
8.094832073286574,10.0,etc,QIBUJSmWcM8_230_000-240_000.wav
0.0,0.5194510049121223,etc,QiOmHHmlvIA_30_000-40_000.wav
0.5194510049121223,1.6435149700341731,speech,QiOmHHmlvIA_30_000-40_000.wav
1.6435149700341731,2.097265561459588,silence,QiOmHHmlvIA_30_000-40_000.wav
2.097265561459588,2.6232037469754097,cough,QiOmHHmlvIA_30_000-40_000.wav
2.6232037469754097,3.149141932491232,silence,QiOmHHmlvIA_30_000-40_000.wav
3.149141932491232,3.850392846512328,cough,QiOmHHmlvIA_30_000-40_000.wav
3.850392846512328,4.427893599235583,etc,QiOmHHmlvIA_30_000-40_000.wav
4.427893599235583,5.407582376176819,cough,QiOmHHmlvIA_30_000-40_000.wav
5.407582376176819,6.923521852075365,etc,QiOmHHmlvIA_30_000-40_000.wav
6.923521852075365,7.717585387069841,sneeze,QiOmHHmlvIA_30_000-40_000.wav
7.717585387069841,10.00047619047619,etc,QiOmHHmlvIA_30_000-40_000.wav
0.0,1.4358514749703966,etc,qj-s6ZcgytA_170_000-180_000.wav
1.4358514749703966,2.480744707152988,sneeze,qj-s6ZcgytA_170_000-180_000.wav
2.480744707152988,6.492072115447175,speech,qj-s6ZcgytA_170_000-180_000.wav
6.492072115447175,7.581240484586656,etc,qj-s6ZcgytA_170_000-180_000.wav
7.581240484586656,8.643843771552003,cough,qj-s6ZcgytA_170_000-180_000.wav
8.643843771552003,10.0,speech,qj-s6ZcgytA_170_000-180_000.wav
0.0,0.6431705390414371,etc,QMuRBmhvfVk_180_000-190_000.wav
0.6431705390414371,2.024981539676816,speech,QMuRBmhvfVk_180_000-190_000.wav
2.024981539676816,3.716153212096234,silence,QMuRBmhvfVk_180_000-190_000.wav
3.716153212096234,4.561739048305944,gasp,QMuRBmhvfVk_180_000-190_000.wav
4.561739048305944,5.273268593409235,sniffle,QMuRBmhvfVk_180_000-190_000.wav
5.273268593409235,8.655611938248072,silence,QMuRBmhvfVk_180_000-190_000.wav
8.655611938248072,9.40838957292257,gasp,QMuRBmhvfVk_180_000-190_000.wav
9.40838957292257,10.0,silence,QMuRBmhvfVk_180_000-190_000.wav
0.0,3.527316646320493,etc,qOSdHmfwLF4.wav
3.527316646320493,10.423024391414328,speech,qOSdHmfwLF4.wav
10.423024391414328,10.81284022885628,sneeze,qOSdHmfwLF4.wav
10.81284022885628,11.605913829169214,speech,qOSdHmfwLF4.wav
11.605913829169214,12.009171592040198,burp,qOSdHmfwLF4.wav
12.009171592040198,12.58717438548861,speech,qOSdHmfwLF4.wav
12.58717438548861,12.936664446643464,hiccup,qOSdHmfwLF4.wav
12.936664446643464,13.756621897814464,speech,qOSdHmfwLF4.wav
13.756621897814464,14.697556677846762,cough,qOSdHmfwLF4.wav
14.697556677846762,26.05975136709562,speech,qOSdHmfwLF4.wav
26.05975136709562,26.647428384256933,etc,qOSdHmfwLF4.wav
26.647428384256933,27.077569997985982,burp,qOSdHmfwLF4.wav
27.077569997985982,27.72278241857956,etc,qOSdHmfwLF4.wav
27.72278241857956,28.20669173402474,hiccup,qOSdHmfwLF4.wav
28.20669173402474,28.78469452747315,sneeze,qOSdHmfwLF4.wav
28.78469452747315,29.301650802952825,burp,qOSdHmfwLF4.wav
29.301650802952825,29.825885894685104,etc,qOSdHmfwLF4.wav
29.825885894685104,30.40388868813352,hiccup,qOSdHmfwLF4.wav
30.40388868813352,30.82058837643353,sneeze,qOSdHmfwLF4.wav
30.82058837643353,31.210404213875485,etc,qOSdHmfwLF4.wav
31.210404213875485,31.613661976746467,burp,qOSdHmfwLF4.wav
31.613661976746467,32.326084024485205,etc,qOSdHmfwLF4.wav
32.326084024485205,32.79655141450136,hiccup,qOSdHmfwLF4.wav
32.79655141450136,33.24013495365944,sneeze,qOSdHmfwLF4.wav
33.24013495365944,33.992882777685274,burp,qOSdHmfwLF4.wav
33.992882777685274,34.382698615127225,etc,qOSdHmfwLF4.wav
34.382698615127225,34.92037563228854,hiccup,qOSdHmfwLF4.wav
34.92037563228854,35.51182035116599,sneeze,qOSdHmfwLF4.wav
35.51182035116599,36.11670699547246,burp,qOSdHmfwLF4.wav
36.11670699547246,36.47963898205635,hiccup,qOSdHmfwLF4.wav
36.47963898205635,37.11140947722089,sneeze,qOSdHmfwLF4.wav
37.11140947722089,37.44745761294671,etc,qOSdHmfwLF4.wav
37.44745761294671,37.75662189781446,hiccup,qOSdHmfwLF4.wav
37.75662189781446,38.132995809827385,sneeze,qOSdHmfwLF4.wav
38.132995809827385,38.563137423556434,etc,qOSdHmfwLF4.wav
38.563137423556434,38.92606941014032,hiccup,qOSdHmfwLF4.wav
38.92606941014032,39.275559471295175,sneeze,qOSdHmfwLF4.wav
39.275559471295175,41.34561598736622,cough,qOSdHmfwLF4.wav
41.34561598736622,59.296749544301456,speech,qOSdHmfwLF4.wav
59.296749544301456,60.90978059578539,etc,qOSdHmfwLF4.wav
60.90978059578539,61.24582873151121,burp,qOSdHmfwLF4.wav
61.24582873151121,61.783505748672525,etc,qOSdHmfwLF4.wav
61.783505748672525,62.32118276583384,hiccup,qOSdHmfwLF4.wav
62.32118276583384,62.899185559282245,sneeze,qOSdHmfwLF4.wav
62.899185559282245,63.57128183073389,burp,qOSdHmfwLF4.wav
63.57128183073389,64.13584269875327,etc,qOSdHmfwLF4.wav
64.13584269875327,64.848264746492,hiccup,qOSdHmfwLF4.wav
64.848264746492,65.54724486880171,sneeze,qOSdHmfwLF4.wav
65.54724486880171,66.08492188596303,burp,qOSdHmfwLF4.wav
66.08492188596303,66.70325045569854,etc,qOSdHmfwLF4.wav
66.70325045569854,67.18715977114371,hiccup,qOSdHmfwLF4.wav
67.18715977114371,67.5500917577276,sneeze,qOSdHmfwLF4.wav
67.5500917577276,68.23562995460827,burp,qOSdHmfwLF4.wav
68.23562995460827,68.89428430063089,etc,qOSdHmfwLF4.wav
68.89428430063089,69.56638057208252,hiccup,qOSdHmfwLF4.wav
69.56638057208252,70.10405758924384,etc,qOSdHmfwLF4.wav
70.10405758924384,70.38633802325353,burp,qOSdHmfwLF4.wav
70.38633802325353,70.85680541326967,hiccup,qOSdHmfwLF4.wav
70.85680541326967,71.31383087785679,sneeze,qOSdHmfwLF4.wav
71.31383087785679,71.60955323729551,etc,qOSdHmfwLF4.wav
71.60955323729551,71.9321594475923,hiccup,qOSdHmfwLF4.wav
71.9321594475923,72.5101622410407,sneeze,qOSdHmfwLF4.wav
72.5101622410407,72.9134200039117,etc,qOSdHmfwLF4.wav
72.9134200039117,73.16881658706332,hiccup,qOSdHmfwLF4.wav
73.16881658706332,73.54519049907624,sneeze,qOSdHmfwLF4.wav
73.54519049907624,73.86779670937302,etc,qOSdHmfwLF4.wav
73.86779670937302,75.31224583945597,cough,qOSdHmfwLF4.wav
75.31224583945597,75.83648093118825,etc,qOSdHmfwLF4.wav
75.83648093118825,81.36111228252072,speech,qOSdHmfwLF4.wav
81.36111228252072,81.84502159796591,sneeze,qOSdHmfwLF4.wav
81.84502159796591,83.53870420202405,speech,qOSdHmfwLF4.wav
83.53870420202405,84.17047469718858,hiccup,qOSdHmfwLF4.wav
84.17047469718858,85.6087607180951,speech,qOSdHmfwLF4.wav
85.6087607180951,86.41527624383707,cough,qOSdHmfwLF4.wav
86.41527624383707,87.71914301045325,speech,qOSdHmfwLF4.wav
87.71914301045325,92.89428430063089,speech,qOSdHmfwLF4.wav
92.89428430063089,96.91958311308812,speech,qOSdHmfwLF4.wav
96.91958311308812,98.6186623002979,etc,qOSdHmfwLF4.wav
98.6186623002979,117.9696383349535,speech,qOSdHmfwLF4.wav
117.9696383349535,118.59652472489346,burp,qOSdHmfwLF4.wav
118.59652472489346,119.20141136919996,etc,qOSdHmfwLF4.wav
119.20141136919996,119.68532068464512,hiccup,qOSdHmfwLF4.wav
119.68532068464512,120.2498815526645,sneeze,qOSdHmfwLF4.wav
120.2498815526645,120.7069070172516,burp,qOSdHmfwLF4.wav
120.7069070172516,121.55374831928069,etc,qOSdHmfwLF4.wav
121.55374831928069,121.9704480075807,hiccup,qOSdHmfwLF4.wav
121.9704480075807,122.40058962130976,sneeze,qOSdHmfwLF4.wav
122.40058962130976,123.04580204190331,burp,qOSdHmfwLF4.wav
123.04580204190331,123.62380483535172,etc,qOSdHmfwLF4.wav
123.62380483535172,124.17492377794208,hiccup,qOSdHmfwLF4.wav
124.17492377794208,124.5916234662421,sneeze,qOSdHmfwLF4.wav
124.5916234662421,125.18306818511954,burp,qOSdHmfwLF4.wav
125.18306818511954,126.1105610397228,etc,qOSdHmfwLF4.wav
126.1105610397228,126.46005110087766,hiccup,qOSdHmfwLF4.wav
126.46005110087766,126.94396041632284,sneeze,qOSdHmfwLF4.wav
126.94396041632284,127.46819550805512,burp,qOSdHmfwLF4.wav
127.46819550805512,127.9117790472132,hiccup,qOSdHmfwLF4.wav
127.9117790472132,128.38224643722936,sneeze,qOSdHmfwLF4.wav
128.38224643722936,128.78550420010035,etc,qOSdHmfwLF4.wav
128.78550420010035,129.054342708681,hiccup,qOSdHmfwLF4.wav
129.054342708681,129.45760047155198,sneeze,qOSdHmfwLF4.wav
129.45760047155198,129.78020668184877,cough,qOSdHmfwLF4.wav
129.78020668184877,130.18346444471976,hiccup,qOSdHmfwLF4.wav
130.18346444471976,130.65393183473589,sneeze,qOSdHmfwLF4.wav
130.65393183473589,132.72398835080696,cough,qOSdHmfwLF4.wav
132.72398835080696,133.50362002569085,burp,qOSdHmfwLF4.wav
133.50362002569085,133.974087415707,etc,qOSdHmfwLF4.wav
133.974087415707,134.2160420734296,hiccup,qOSdHmfwLF4.wav
134.2160420734296,135.84251505034257,sneeze,qOSdHmfwLF4.wav
135.84251505034257,136.72968212865874,cough,qOSdHmfwLF4.wav
136.72968212865874,139.342947845805,speech,qOSdHmfwLF4.wav
0.0,0.5916104270774304,speech,qPp2onMDFrI_10_000-20_000.wav
0.5916104270774304,1.808429069427988,sneeze,qPp2onMDFrI_10_000-20_000.wav
1.808429069427988,3.0664958013497503,speech,qPp2onMDFrI_10_000-20_000.wav
3.0664958013497503,4.334874555664315,sneeze,qPp2onMDFrI_10_000-20_000.wav
4.334874555664315,4.860787697697182,silence,qPp2onMDFrI_10_000-20_000.wav
4.860787697697182,6.026046228083732,sneeze,qPp2onMDFrI_10_000-20_000.wav
6.026046228083732,8.552491714320059,etc,qPp2onMDFrI_10_000-20_000.wav
8.552491714320059,9.315581371387358,sneeze,qPp2onMDFrI_10_000-20_000.wav
9.315581371387358,10.0,etc,qPp2onMDFrI_10_000-20_000.wav
0.0,1.3340760393591264,sneeze,qQdEVtjWgOQ_140_000-150_000.wav
1.3340760393591264,2.437462435388869,speech,qQdEVtjWgOQ_140_000-150_000.wav
2.437462435388869,10.0,silence,qQdEVtjWgOQ_140_000-150_000.wav
0.0,14.294298914975776,etc,QQouRzOM9BM.wav
14.294298914975776,45.04671201814059,cough,QQouRzOM9BM.wav
0.0,1.7723425158427566,etc,qR3fJNSRvJ8_10_000-20_000.wav
1.7723425158427566,3.056321487592552,cough,qR3fJNSRvJ8_10_000-20_000.wav
3.056321487592552,9.184000442426056,etc,qR3fJNSRvJ8_10_000-20_000.wav
9.184000442426056,10.0,speech,qR3fJNSRvJ8_10_000-20_000.wav
0.0,1.5509668310583091,etc,qRkBOI01JcE_0_000-10_000.wav
1.5509668310583091,3.1537267888977083,cough,qRkBOI01JcE_0_000-10_000.wav
3.1537267888977083,10.0,speech,qRkBOI01JcE_0_000-10_000.wav
0.0,6.474376741757527,speech,QSbpYuVty7Y_100_000-110_000.wav
6.474376741757527,7.616677865491383,cough,QSbpYuVty7Y_100_000-110_000.wav
7.616677865491383,10.00002267573696,speech,QSbpYuVty7Y_100_000-110_000.wav
0.0,4.324562533271513,speech,qUiN4mFsII8_0_000-10_000.wav
4.324562533271513,5.23202050383803,sneeze,qUiN4mFsII8_0_000-10_000.wav
5.23202050383803,6.923192176257448,silence,qUiN4mFsII8_0_000-10_000.wav
6.923192176257448,7.8203381244311645,speech,qUiN4mFsII8_0_000-10_000.wav
7.8203381244311645,8.418435423213642,sneeze,qUiN4mFsII8_0_000-10_000.wav
8.418435423213642,9.088716878745728,silence,qUiN4mFsII8_0_000-10_000.wav
9.088716878745728,10.0,speech,qUiN4mFsII8_0_000-10_000.wav
0.0,1.9848631732358264,speech,quwLxxbH2Pg_10_000-20_000.wav
1.9848631732358264,6.3503916771851285,etc,quwLxxbH2Pg_10_000-20_000.wav
6.3503916771851285,8.440178141550312,cough,quwLxxbH2Pg_10_000-20_000.wav
8.440178141550312,10.0,gasp,quwLxxbH2Pg_10_000-20_000.wav
0.0,1.4990683976439476,speech,qVoF6gzJhxw_10_000-20_000.wav
1.4990683976439476,2.5715187264952863,etc,qVoF6gzJhxw_10_000-20_000.wav
2.5715187264952863,3.396480517919393,gasp,qVoF6gzJhxw_10_000-20_000.wav
3.396480517919393,10.0,etc,qVoF6gzJhxw_10_000-20_000.wav
0.0,1.8470759676913917,cough,qW5-hZGGx9U.wav
1.8470759676913917,5.610815087820579,speech,qW5-hZGGx9U.wav
5.610815087820579,6.699611047572237,sniffle,qW5-hZGGx9U.wav
6.699611047572237,8.460503278775537,cough,qW5-hZGGx9U.wav
8.460503278775537,17.345615987366227,speech,qW5-hZGGx9U.wav
17.345615987366227,19.671069086588904,cough,qW5-hZGGx9U.wav
19.671069086588904,26.808731489405325,speech,qW5-hZGGx9U.wav
26.808731489405325,36.27801010062085,cough,qW5-hZGGx9U.wav
36.27801010062085,76.13948210687957,speech,qW5-hZGGx9U.wav
76.13948210687957,86.87230170842419,cough,qW5-hZGGx9U.wav
86.87230170842419,122.45924142825046,speech,qW5-hZGGx9U.wav
122.45924142825046,129.97944085225623,cough,qW5-hZGGx9U.wav
129.97944085225623,130.65153712370787,speech,qW5-hZGGx9U.wav
130.65153712370787,131.06823681200788,cough,qW5-hZGGx9U.wav
131.06823681200788,162.98553088970823,speech,qW5-hZGGx9U.wav
162.98553088970823,170.72807993683114,cough,qW5-hZGGx9U.wav
170.72807993683114,173.8124439692561,speech,qW5-hZGGx9U.wav
173.8124439692561,176.54115483134976,cough,qW5-hZGGx9U.wav
176.54115483134976,203.87705092447044,speech,qW5-hZGGx9U.wav
203.87705092447044,208.14367346938772,etc,qW5-hZGGx9U.wav
0.0,4.145489856732032,speech,Qz9dMRnRs78_10_000-20_000.wav
4.145489856732032,5.084122760218089,cough,Qz9dMRnRs78_10_000-20_000.wav
5.084122760218089,5.889930252833477,speech,Qz9dMRnRs78_10_000-20_000.wav
5.889930252833477,6.279551458054105,cough,Qz9dMRnRs78_10_000-20_000.wav
6.279551458054105,10.0,speech,Qz9dMRnRs78_10_000-20_000.wav
0.0,0.9113832199546484,sneeze,QZeYprvWo10_29_000-39_000.wav
0.9113832199546484,9.684444444444445,etc,QZeYprvWo10_29_000-39_000.wav
0.0,3.791288761076917,cough,r-9_WkeHiCU_80_000-90_000.wav
3.791288761076917,5.907640307616234,etc,r-9_WkeHiCU_80_000-90_000.wav
5.907640307616234,7.82032622415386,cough,r-9_WkeHiCU_80_000-90_000.wav
7.82032622415386,10.0,etc,r-9_WkeHiCU_80_000-90_000.wav
0.0,4.360716022920528,etc,R0AJ_4W0f8k.wav
4.360716022920528,8.43361942791747,cough,R0AJ_4W0f8k.wav
8.43361942791747,54.8474722272916,etc,R0AJ_4W0f8k.wav
54.8474722272916,61.08452562636282,speech,R0AJ_4W0f8k.wav
61.08452562636282,63.58472375616292,etc,R0AJ_4W0f8k.wav
63.58472375616292,65.60101257051784,speech,R0AJ_4W0f8k.wav
65.60101257051784,86.388392392979,etc,R0AJ_4W0f8k.wav
86.388392392979,86.85885978299515,speech,R0AJ_4W0f8k.wav
86.85885978299515,87.77291071216938,cough,R0AJ_4W0f8k.wav
87.77291071216938,89.0095678516404,etc,R0AJ_4W0f8k.wav
89.0095678516404,90.25966691654044,cough,R0AJ_4W0f8k.wav
90.25966691654044,100.42792565006567,etc,R0AJ_4W0f8k.wav
100.42792565006567,102.06784055240767,cough,R0AJ_4W0f8k.wav
102.06784055240767,171.89732426303854,etc,R0AJ_4W0f8k.wav
0.0,2.5161648167185,cough,R4szr2M1wik_50_000-60_000.wav
2.5161648167185,3.676173404989005,etc,R4szr2M1wik_50_000-60_000.wav
3.676173404989005,4.685646527606084,speech,R4szr2M1wik_50_000-60_000.wav
4.685646527606084,5.287788390219781,cough,R4szr2M1wik_50_000-60_000.wav
5.287788390219781,6.456652005881663,speech,R4szr2M1wik_50_000-60_000.wav
6.456652005881663,7.740630977631458,cough,R4szr2M1wik_50_000-60_000.wav
7.740630977631458,8.767814155031294,etc,R4szr2M1wik_50_000-60_000.wav
8.767814155031294,10.0,cough,R4szr2M1wik_50_000-60_000.wav
0.0,2.560439953675389,cough,R5FBHR8FcXw_130_000-140_000.wav
2.560439953675389,3.454797720204557,breathe,R5FBHR8FcXw_130_000-140_000.wav
3.454797720204557,5.146107951957735,cough,R5FBHR8FcXw_130_000-140_000.wav
5.146107951957735,6.38581178675064,gasp,R5FBHR8FcXw_130_000-140_000.wav
6.38581178675064,7.457270101107365,cough,R5FBHR8FcXw_130_000-140_000.wav
7.457270101107365,10.0,speech,R5FBHR8FcXw_130_000-140_000.wav
0.0,1.915419501133787,etc,R7X7RVx2HIg_0_000-10_000.wav
1.915419501133787,2.8499433311009224,gasp,R7X7RVx2HIg_0_000-10_000.wav
2.8499433311009224,5.087652190338812,etc,R7X7RVx2HIg_0_000-10_000.wav
5.087652190338812,5.891989936977315,silence,R7X7RVx2HIg_0_000-10_000.wav
5.891989936977315,6.789135885151031,sneeze,R7X7RVx2HIg_0_000-10_000.wav
6.789135885151031,7.48004138546872,sniffle,R7X7RVx2HIg_0_000-10_000.wav
7.48004138546872,8.17094688578641,etc,R7X7RVx2HIg_0_000-10_000.wav
8.17094688578641,10.0,silence,R7X7RVx2HIg_0_000-10_000.wav
0.0,5.768245668263699,silence,r9XuQJZimEg_20_000-30_000.wav
5.768245668263699,7.614097676575137,etc,r9XuQJZimEg_20_000-30_000.wav
7.614097676575137,10.0,silence,r9XuQJZimEg_20_000-30_000.wav
0.0,0.5091142479350197,silence,RaBnR8jfFQQ_0_000-10_000.wav
0.5091142479350197,3.3139843387769825,etc,RaBnR8jfFQQ_0_000-10_000.wav
3.3139843387769825,3.705841189703433,silence,RaBnR8jfFQQ_0_000-10_000.wav
3.705841189703433,10.0,etc,RaBnR8jfFQQ_0_000-10_000.wav
0.0,2.581830748888088,speech,raPBAKyYIGE_70_000-80_000.wav
2.581830748888088,4.138946130201089,etc,raPBAKyYIGE_70_000-80_000.wav
4.138946130201089,5.4382609516940565,silence,raPBAKyYIGE_70_000-80_000.wav
5.4382609516940565,5.726997578692494,etc,raPBAKyYIGE_70_000-80_000.wav
5.726997578692494,6.943816221043051,silence,raPBAKyYIGE_70_000-80_000.wav
6.943816221043051,8.119386773822402,speech,raPBAKyYIGE_70_000-80_000.wav
8.119386773822402,8.634987893462469,silence,raPBAKyYIGE_70_000-80_000.wav
8.634987893462469,10.0,etc,raPBAKyYIGE_70_000-80_000.wav
0.0,1.808429069427988,etc,rbaFjiHkFcY_190_000-200_000.wav
1.808429069427988,3.025247711778545,sneeze,rbaFjiHkFcY_190_000-200_000.wav
3.025247711778545,4.386434667628321,speech,rbaFjiHkFcY_190_000-200_000.wav
4.386434667628321,4.932971854446792,etc,rbaFjiHkFcY_190_000-200_000.wav
4.932971854446792,5.7785576906565,sniffle,rbaFjiHkFcY_190_000-200_000.wav
5.7785576906565,7.572849587003932,speech,rbaFjiHkFcY_190_000-200_000.wav
7.572849587003932,8.284379132107224,sniffle,rbaFjiHkFcY_190_000-200_000.wav
8.284379132107224,9.367141483351364,etc,rbaFjiHkFcY_190_000-200_000.wav
9.367141483351364,10.0,sniffle,rbaFjiHkFcY_190_000-200_000.wav
0.0,3.107283437033764,speech,rcAn5oRDPAw_0_000-10_000.wav
3.107283437033764,4.6176161851572814,cough,rcAn5oRDPAw_0_000-10_000.wav
4.6176161851572814,7.885737329401956,speech,rcAn5oRDPAw_0_000-10_000.wav
7.885737329401956,9.636281179138322,cough,rcAn5oRDPAw_0_000-10_000.wav
0.0,0.612234471863033,silence,RCHpZjtI9P0_10_000-20_000.wav
0.612234471863033,6.046670272869335,speech,RCHpZjtI9P0_10_000-20_000.wav
6.046670272869335,6.820071952329435,sneeze,RCHpZjtI9P0_10_000-20_000.wav
6.820071952329435,10.0,etc,RCHpZjtI9P0_10_000-20_000.wav
0.0,1.0034542297104765,etc,RDbDPY0gCho_60_000-70_000.wav
1.0034542297104765,3.1150028607027216,silence,RDbDPY0gCho_60_000-70_000.wav
3.1150028607027216,4.226881125331489,speech,RDbDPY0gCho_60_000-70_000.wav
4.226881125331489,6.17521826793786,silence,RDbDPY0gCho_60_000-70_000.wav
6.17521826793786,6.960673555794879,sneeze,RDbDPY0gCho_60_000-70_000.wav
6.960673555794879,8.960014288521835,etc,RDbDPY0gCho_60_000-70_000.wav
8.960014288521835,9.776071730451203,silence,RDbDPY0gCho_60_000-70_000.wav
9.776071730451203,9.892063492063492,etc,RDbDPY0gCho_60_000-70_000.wav
0.0,1.214475790185949,speech,rDGQN3dsgz4_0_000-10_000.wav
1.214475790185949,2.6489902275891684,cough,rDGQN3dsgz4_0_000-10_000.wav
2.6489902275891684,3.3485373915080223,etc,rDGQN3dsgz4_0_000-10_000.wav
3.3485373915080223,4.765341774128485,cough,rDGQN3dsgz4_0_000-10_000.wav
4.765341774128485,5.650844513266275,etc,rDGQN3dsgz4_0_000-10_000.wav
5.650844513266275,7.120779060235005,speech,rDGQN3dsgz4_0_000-10_000.wav
7.120779060235005,8.316207758071021,etc,rDGQN3dsgz4_0_000-10_000.wav
8.316207758071021,10.0,cough,rDGQN3dsgz4_0_000-10_000.wav
0.0,10.0,etc,rDrm_noJNIg_0_000-10_000.wav
0.0,2.8083807206339704,cough,rd_ZnOahj5o_100_000-110_000.wav
2.8083807206339704,4.446560788038881,etc,rd_ZnOahj5o_100_000-110_000.wav
4.446560788038881,5.1726730341318685,cough,rd_ZnOahj5o_100_000-110_000.wav
5.1726730341318685,7.572385457195278,etc,rd_ZnOahj5o_100_000-110_000.wav
7.572385457195278,10.0,speech,rd_ZnOahj5o_100_000-110_000.wav
0.0,3.870984007599318,etc,reejLuXlnsk_0_000-10_000.wav
3.870984007599318,4.853892048042264,cough,reejLuXlnsk_0_000-10_000.wav
4.853892048042264,5.92535036239899,etc,reejLuXlnsk_0_000-10_000.wav
5.92535036239899,7.306734635453941,cough,reejLuXlnsk_0_000-10_000.wav
7.306734635453941,8.449033168941689,etc,reejLuXlnsk_0_000-10_000.wav
8.449033168941689,10.0,cough,reejLuXlnsk_0_000-10_000.wav
0.0,6.189368332969956,etc,RFeU64gTvGQ.wav
6.189368332969956,7.04430857756836,gasp,RFeU64gTvGQ.wav
7.04430857756836,9.195102040816328,cough,RFeU64gTvGQ.wav
0.0,1.4062601961087358,speech,RgB5y0cYPUE_180_000-190_000.wav
1.4062601961087358,2.7261990623873062,silence,RgB5y0cYPUE_180_000-190_000.wav
2.7261990623873062,3.355232428348188,sniffle,RgB5y0cYPUE_180_000-190_000.wav
3.355232428348188,4.169882197379493,gasp,RgB5y0cYPUE_180_000-190_000.wav
4.169882197379493,5.067028145553209,etc,RgB5y0cYPUE_180_000-190_000.wav
5.067028145553209,6.108542407226143,gasp,RgB5y0cYPUE_180_000-190_000.wav
6.108542407226143,6.809759929936634,silence,RgB5y0cYPUE_180_000-190_000.wav
6.809759929936634,7.335673071969501,sniffle,RgB5y0cYPUE_180_000-190_000.wav
7.335673071969501,10.0,etc,RgB5y0cYPUE_180_000-190_000.wav
0.0,8.307333893145108,speech,RGCGo7N4btI_10_000-20_000.wav
8.307333893145108,9.99997732426304,cough,RGCGo7N4btI_10_000-20_000.wav
0.0,2.51995861453128,silence,RHXKtt2TA0o_230_000-240_000.wav
2.51995861453128,3.633657032953824,etc,RHXKtt2TA0o_230_000-240_000.wav
3.633657032953824,4.675171294626758,silence,RHXKtt2TA0o_230_000-240_000.wav
4.675171294626758,4.994843988803599,etc,RHXKtt2TA0o_230_000-240_000.wav
4.994843988803599,6.675703638830217,silence,RHXKtt2TA0o_230_000-240_000.wav
6.675703638830217,7.510977452647125,sneeze,RHXKtt2TA0o_230_000-240_000.wav
7.510977452647125,8.25344306492882,silence,RHXKtt2TA0o_230_000-240_000.wav
8.25344306492882,8.552491714320059,sniffle,RHXKtt2TA0o_230_000-240_000.wav
8.552491714320059,10.0,silence,RHXKtt2TA0o_230_000-240_000.wav
0.0,1.9494430636703144,etc,rIvPirweE1I_20_000-30_000.wav
1.9494430636703144,3.561058048901092,cough,rIvPirweE1I_20_000-30_000.wav
3.561058048901092,5.509164075004228,etc,rIvPirweE1I_20_000-30_000.wav
5.509164075004228,10.0,speech,rIvPirweE1I_20_000-30_000.wav
0.0,2.05591760685522,silence,RkS4Inh4lxs_160_000-170_000.wav
2.05591760685522,2.3962143458176635,gasp,RkS4Inh4lxs_160_000-170_000.wav
2.3962143458176635,4.314250510878711,silence,RkS4Inh4lxs_160_000-170_000.wav
4.314250510878711,5.572317242800474,sneeze,RkS4Inh4lxs_160_000-170_000.wav
5.572317242800474,6.242598698332561,silence,RkS4Inh4lxs_160_000-170_000.wav
6.242598698332561,6.665391616437415,sniffle,RkS4Inh4lxs_160_000-170_000.wav
6.665391616437415,7.335673071969501,silence,RkS4Inh4lxs_160_000-170_000.wav
7.335673071969501,8.078138684251197,speech,RkS4Inh4lxs_160_000-170_000.wav
8.078138684251197,10.0,silence,RkS4Inh4lxs_160_000-170_000.wav
0.0,1.9760081458444485,cough,RlGwm1F-_Y4_0_000-10_000.wav
1.9760081458444485,4.499690952387149,etc,RlGwm1F-_Y4_0_000-10_000.wav
4.499690952387149,6.465507033273041,cough,RlGwm1F-_Y4_0_000-10_000.wav
6.465507033273041,10.0,cough,RlGwm1F-_Y4_0_000-10_000.wav
0.0,0.6637945838270397,silence,rM0mOUPtSpU_60_000-70_000.wav
0.6637945838270397,1.385636151323133,sneeze,rM0mOUPtSpU_60_000-70_000.wav
1.385636151323133,2.561206704102485,silence,rM0mOUPtSpU_60_000-70_000.wav
2.561206704102485,3.076807823742552,sneeze,rM0mOUPtSpU_60_000-70_000.wav
3.076807823742552,4.108010063022685,silence,rM0mOUPtSpU_60_000-70_000.wav
4.108010063022685,4.767979496161971,sneeze,rM0mOUPtSpU_60_000-70_000.wav
4.767979496161971,5.726997578692494,silence,rM0mOUPtSpU_60_000-70_000.wav
5.726997578692494,6.448839146188587,sneeze,rM0mOUPtSpU_60_000-70_000.wav
6.448839146188587,7.624409698967939,silence,rM0mOUPtSpU_60_000-70_000.wav
7.624409698967939,8.036890594679992,sneeze,rM0mOUPtSpU_60_000-70_000.wav
8.036890594679992,9.09902890113853,silence,rM0mOUPtSpU_60_000-70_000.wav
9.09902890113853,9.532133841636186,sneeze,rM0mOUPtSpU_60_000-70_000.wav
9.532133841636186,10.0,silence,rM0mOUPtSpU_60_000-70_000.wav
0.0,3.268842144985621,etc,RnDx23kdlFk_60_000-70_000.wav
3.268842144985621,4.623661335866439,cough,RnDx23kdlFk_60_000-70_000.wav
4.623661335866439,10.0,etc,RnDx23kdlFk_60_000-70_000.wav
0.0,1.453564825811043,etc,Roq20aFeabQ_100_000-110_000.wav
1.453564825811043,2.0911282437090093,speech,Roq20aFeabQ_100_000-110_000.wav
2.0911282437090093,8.369356900509816,cough,Roq20aFeabQ_100_000-110_000.wav
8.369356900509816,10.00002267573696,etc,Roq20aFeabQ_100_000-110_000.wav
0.0,1.12592551627217,cough,rOrd2cxQGo4_550_000-560_000.wav
1.12592551627217,8.900639565901962,speech,rOrd2cxQGo4_550_000-560_000.wav
8.900639565901962,10.0,cough,rOrd2cxQGo4_550_000-560_000.wav
0.0,0.4781781807566157,etc,rr5T3E4j7_Q_20_000-30_000.wav
0.4781781807566157,1.045339412360689,silence,rr5T3E4j7_Q_20_000-30_000.wav
1.045339412360689,7.387233183933509,etc,rr5T3E4j7_Q_20_000-30_000.wav
7.387233183933509,10.0,speech,rr5T3E4j7_Q_20_000-30_000.wav
0.0,15.836800088485209,etc,Rr84-EZvO0U.wav
15.836800088485209,17.032228786321223,cough,Rr84-EZvO0U.wav
17.032228786321223,20.0075179898242,etc,Rr84-EZvO0U.wav
20.0075179898242,21.52172767374982,cough,Rr84-EZvO0U.wav
21.52172767374982,25.55962016421814,etc,Rr84-EZvO0U.wav
25.55962016421814,27.233220341188563,cough,Rr84-EZvO0U.wav
27.233220341188563,118.23600907029478,etc,Rr84-EZvO0U.wav
0.0,1.295957025101046,etc,rsH2f778DnM.wav
1.295957025101046,2.949313852872082,cough,rsH2f778DnM.wav
2.949313852872082,12.721593639778938,etc,rsH2f778DnM.wav
12.721593639778938,13.743179972385432,cough,rsH2f778DnM.wav
13.743179972385432,18.394086170830786,etc,rsH2f778DnM.wav
18.394086170830786,18.98553088970823,cough,rsH2f778DnM.wav
18.98553088970823,23.945601373021336,etc,rsH2f778DnM.wav
23.945601373021336,24.456394539324585,cough,rsH2f778DnM.wav
24.456394539324585,31.559894275030334,etc,rsH2f778DnM.wav
31.559894275030334,32.581480607636834,cough,rsH2f778DnM.wav
32.581480607636834,35.0682368120079,etc,rsH2f778DnM.wav
35.0682368120079,37.097967551791854,breathe,rsH2f778DnM.wav
37.097967551791854,40.61975201419845,etc,rsH2f778DnM.wav
40.61975201419845,41.1708709567888,cough,rsH2f778DnM.wav
41.1708709567888,46.89713118955678,etc,rsH2f778DnM.wav
46.89713118955678,47.93215944759231,cough,rsH2f778DnM.wav
47.93215944759231,57.78316457299,etc,rsH2f778DnM.wav
57.78316457299,58.83163475645456,cough,rsH2f778DnM.wav
58.83163475645456,61.57931972789115,etc,rsH2f778DnM.wav
0.0,0.95767999583599,speech,rSKjBDzagRU_60_000-70_000.wav
0.95767999583599,1.905167926713425,cough,rSKjBDzagRU_60_000-70_000.wav
1.905167926713425,5.146107951957735,speech,rSKjBDzagRU_60_000-70_000.wav
5.146107951957735,6.270696430662728,etc,rSKjBDzagRU_60_000-70_000.wav
6.270696430662728,10.0,speech,rSKjBDzagRU_60_000-70_000.wav
0.0,2.793344740985569,speech,Rtg1SUrxOPY.wav
2.793344740985569,3.669992452731981,etc,Rtg1SUrxOPY.wav
3.669992452731981,9.673701024086194,speech,Rtg1SUrxOPY.wav
9.673701024086194,12.755250556285702,etc,Rtg1SUrxOPY.wav
12.755250556285702,13.870984007599317,speech,Rtg1SUrxOPY.wav
13.870984007599317,37.89718268561243,etc,Rtg1SUrxOPY.wav
37.89718268561243,40.9521671356378,speech,Rtg1SUrxOPY.wav
40.9521671356378,44.36386204652317,etc,Rtg1SUrxOPY.wav
44.36386204652317,49.25183716656376,speech,Rtg1SUrxOPY.wav
49.25183716656376,68.8175714839473,etc,Rtg1SUrxOPY.wav
68.8175714839473,71.45492295306127,speech,Rtg1SUrxOPY.wav
71.45492295306127,99.72189652391609,etc,Rtg1SUrxOPY.wav
99.72189652391609,106.68367419111568,speech,Rtg1SUrxOPY.wav
106.68367419111568,107.8791028889517,etc,Rtg1SUrxOPY.wav
107.8791028889517,123.07519296134438,speech,Rtg1SUrxOPY.wav
123.07519296134438,131.89887606361827,etc,Rtg1SUrxOPY.wav
131.89887606361827,133.42766289181338,cough,Rtg1SUrxOPY.wav
133.42766289181338,134.7027868361718,gasp,Rtg1SUrxOPY.wav
134.7027868361718,138.0765522722868,cough,Rtg1SUrxOPY.wav
138.0765522722868,138.68754916229184,etc,Rtg1SUrxOPY.wav
138.68754916229184,139.69702228490894,cough,Rtg1SUrxOPY.wav
139.69702228490894,146.26636328260304,etc,Rtg1SUrxOPY.wav
146.26636328260304,147.5149221447873,gasp,Rtg1SUrxOPY.wav
147.5149221447873,148.23619047619047,cough,Rtg1SUrxOPY.wav
0.0,1.311881091491106,etc,RtQsSPgpddA_10_000-20_000.wav
1.311881091491106,3.038611432809796,cough,RtQsSPgpddA_10_000-20_000.wav
3.038611432809796,4.605951281083683,speech,RtQsSPgpddA_10_000-20_000.wav
4.605951281083683,7.289024580671185,cough,RtQsSPgpddA_10_000-20_000.wav
7.289024580671185,8.103687100677952,etc,RtQsSPgpddA_10_000-20_000.wav
8.103687100677952,10.0,speech,RtQsSPgpddA_10_000-20_000.wav
0.0,0.6947306510054437,gasp,ruU4UZudlVQ_30_000-40_000.wav
0.6947306510054437,1.540316487215153,sneeze,ruU4UZudlVQ_30_000-40_000.wav
1.540316487215153,3.674905122525029,etc,ruU4UZudlVQ_30_000-40_000.wav
3.674905122525029,4.2214423093435,sniffle,ruU4UZudlVQ_30_000-40_000.wav
4.2214423093435,10.0,etc,ruU4UZudlVQ_30_000-40_000.wav
0.0,1.694996823107173,silence,rVq-Q9pzwoY_0_000-10_000.wav
1.694996823107173,2.7880711967441143,sneeze,rVq-Q9pzwoY_0_000-10_000.wav
2.7880711967441143,5.726997578692494,silence,rVq-Q9pzwoY_0_000-10_000.wav
5.726997578692494,6.31478285508217,etc,rVq-Q9pzwoY_0_000-10_000.wav
6.31478285508217,8.665923960640873,silence,rVq-Q9pzwoY_0_000-10_000.wav
8.665923960640873,10.0,sneeze,rVq-Q9pzwoY_0_000-10_000.wav
0.0,5.8810752254421,cough,RwE9JAktTvU_580_000-590_000.wav
5.8810752254421,7.581240484586656,etc,RwE9JAktTvU_580_000-590_000.wav
7.581240484586656,10.0,speech,RwE9JAktTvU_580_000-590_000.wav
0.0,1.643369632093732,silence,RwETsHotWso_80_000-90_000.wav
1.643369632093732,3.324160675604022,etc,RwETsHotWso_80_000-90_000.wav
3.324160675604022,3.901610359263999,sniffle,RwETsHotWso_80_000-90_000.wav
3.901610359263999,4.8502776967053896,silence,RwETsHotWso_80_000-90_000.wav
4.8502776967053896,7.53129408512671,etc,RwETsHotWso_80_000-90_000.wav
7.53129408512671,8.686193452446664,speech,RwETsHotWso_80_000-90_000.wav
8.686193452446664,9.408005557021635,gasp,RwETsHotWso_80_000-90_000.wav
9.408005557021635,9.999591836734696,speech,RwETsHotWso_80_000-90_000.wav
0.0,1.2676059545342164,etc,RWlyM4veldE_0_000-10_000.wav
1.2676059545342164,4.278315267602701,speech,RWlyM4veldE_0_000-10_000.wav
4.278315267602701,5.889930252833477,cough,RWlyM4veldE_0_000-10_000.wav
5.889930252833477,7.404139936759098,etc,RWlyM4veldE_0_000-10_000.wav
7.404139936759098,9.520491483298416,etc,RWlyM4veldE_0_000-10_000.wav
9.520491483298416,10.0,cough,RWlyM4veldE_0_000-10_000.wav
0.0,1.6218070501893322,speech,rX7_r53uFNo_20_000-30_000.wav
1.6218070501893322,9.04232000416401,etc,rX7_r53uFNo_20_000-30_000.wav
9.04232000416401,10.0,cough,rX7_r53uFNo_20_000-30_000.wav
0.0,28.083302970760844,etc,RXJxtAHtkcs.wav
28.083302970760844,30.17279174795441,cough,RXJxtAHtkcs.wav
30.17279174795441,48.29017779071359,etc,RXJxtAHtkcs.wav
48.29017779071359,50.601339939863216,gasp,RXJxtAHtkcs.wav
50.601339939863216,53.20471799292832,etc,RXJxtAHtkcs.wav
53.20471799292832,54.590113378684805,gasp,RXJxtAHtkcs.wav
0.0,4.083504664992388,cough,RYppdW56lfo_0_000-10_000.wav
4.083504664992388,5.686264622831787,etc,RYppdW56lfo_0_000-10_000.wav
5.686264622831787,9.237130606774324,speech,RYppdW56lfo_0_000-10_000.wav
9.237130606774324,10.0,etc,RYppdW56lfo_0_000-10_000.wav
0.0,6.32650067014535,etc,S3oZrMGDMMw.wav
6.32650067014535,7.893840518419237,cough,S3oZrMGDMMw.wav
7.893840518419237,8.664227901469115,gasp,S3oZrMGDMMw.wav
8.664227901469115,12.941206131504638,cough,S3oZrMGDMMw.wav
12.941206131504638,34.66835033580852,etc,S3oZrMGDMMw.wav
34.66835033580852,35.35904247233599,gasp,S3oZrMGDMMw.wav
35.35904247233599,37.61707445713736,etc,S3oZrMGDMMw.wav
37.61707445713736,38.59998249758031,gasp,S3oZrMGDMMw.wav
38.59998249758031,40.6454938249886,cough,S3oZrMGDMMw.wav
40.6454938249886,143.38321995464852,etc,S3oZrMGDMMw.wav
0.0,0.5916104270774304,cough,s5YKy0zJOIk_40_000-50_000.wav
0.5916104270774304,1.2618918826095171,silence,s5YKy0zJOIk_40_000-50_000.wav
1.2618918826095171,1.8290531142135904,cough,s5YKy0zJOIk_40_000-50_000.wav
1.8290531142135904,2.303406144282452,speech,s5YKy0zJOIk_40_000-50_000.wav
2.303406144282452,2.715887039994505,sniffle,s5YKy0zJOIk_40_000-50_000.wav
2.715887039994505,4.437994779592327,silence,s5YKy0zJOIk_40_000-50_000.wav
4.437994779592327,8.160634863393609,etc,s5YKy0zJOIk_40_000-50_000.wav
8.160634863393609,10.0,silence,s5YKy0zJOIk_40_000-50_000.wav
0.0,2.631280172806413,etc,S93-xEv68_4_10_000-20_000.wav
2.631280172806413,5.650844513266275,etc,S93-xEv68_4_10_000-20_000.wav
5.650844513266275,7.926586552850394,speech,S93-xEv68_4_10_000-20_000.wav
7.926586552850394,10.0,cough,S93-xEv68_4_10_000-20_000.wav
0.0,5.046404100767607,silence,SAguclkFQoQ_40_000-50_000.wav
5.046404100767607,6.4694631909741895,sneeze,SAguclkFQoQ_40_000-50_000.wav
6.4694631909741895,7.449105318290316,etc,SAguclkFQoQ_40_000-50_000.wav
7.449105318290316,10.0,silence,SAguclkFQoQ_40_000-50_000.wav
0.0,5.31451668298044,etc,sbHrDFJNLcw_0_000-10_000.wav
5.31451668298044,6.366342967046176,sneeze,sbHrDFJNLcw_0_000-10_000.wav
6.366342967046176,8.944348565246509,etc,sbHrDFJNLcw_0_000-10_000.wav
8.944348565246509,10.0,sneeze,sbHrDFJNLcw_0_000-10_000.wav
0.0,1.143635571054926,etc,sBoYLyiSQrQ_0_000-10_000.wav
1.143635571054926,2.3656293510650754,cough,sBoYLyiSQrQ_0_000-10_000.wav
2.3656293510650754,10.0,speech,sBoYLyiSQrQ_0_000-10_000.wav
0.0,1.200019748252709,gasp,sCu07T0Pz1g_170_000-180_000.wav
1.200019748252709,2.7365110847801075,sneeze,sCu07T0Pz1g_170_000-180_000.wav
2.7365110847801075,6.376654989438978,etc,sCu07T0Pz1g_170_000-180_000.wav
6.376654989438978,6.923192176257448,gasp,sCu07T0Pz1g_170_000-180_000.wav
6.923192176257448,8.408123400820841,sneeze,sCu07T0Pz1g_170_000-180_000.wav
8.408123400820841,10.0,etc,sCu07T0Pz1g_170_000-180_000.wav
0.0,0.3289730510481594,etc,sD6WaQY_d6w_170_000-180_000.wav
0.3289730510481594,1.143635571054926,cough,sD6WaQY_d6w_170_000-180_000.wav
1.143635571054926,3.206856953245976,etc,sD6WaQY_d6w_170_000-180_000.wav
3.206856953245976,4.180909966297544,speech,sD6WaQY_d6w_170_000-180_000.wav
4.180909966297544,6.500927142838552,etc,sD6WaQY_d6w_170_000-180_000.wav
6.500927142838552,8.333917812853777,speech,sD6WaQY_d6w_170_000-180_000.wav
8.333917812853777,10.0,etc,sD6WaQY_d6w_170_000-180_000.wav
0.0,1.2412678378239144,silence,SF-srscAiK0_0_000-10_000.wav
1.2412678378239144,5.788869713049301,speech,SF-srscAiK0_0_000-10_000.wav
5.788869713049301,6.263222743118163,silence,SF-srscAiK0_0_000-10_000.wav
6.263222743118163,7.160368691291879,sneeze,SF-srscAiK0_0_000-10_000.wav
7.160368691291879,8.717484072604881,etc,SF-srscAiK0_0_000-10_000.wav
8.717484072604881,10.0,speech,SF-srscAiK0_0_000-10_000.wav
0.0,4.898167184999154,speech,sIp5-CTMsPg_90_000-100_000.wav
4.898167184999154,6.359246704576506,cough,sIp5-CTMsPg_90_000-100_000.wav
6.359246704576506,8.944914702858853,speech,sIp5-CTMsPg_90_000-100_000.wav
8.944914702858853,10.0,etc,sIp5-CTMsPg_90_000-100_000.wav
0.0,1.6129520227979544,etc,sjm1E5xLiNI_0_000-10_000.wav
1.6129520227979544,4.969007404130177,speech,sjm1E5xLiNI_0_000-10_000.wav
4.969007404130177,8.564148525029603,cough,sjm1E5xLiNI_0_000-10_000.wav
8.564148525029603,10.0,etc,sjm1E5xLiNI_0_000-10_000.wav
0.0,3.2569575718605224,cough,SKKwIcjv-5g_30_000-40_000.wav
3.2569575718605224,4.684353932642122,speech,SKKwIcjv-5g_30_000-40_000.wav
4.684353932642122,6.432513520565656,cough,SKKwIcjv-5g_30_000-40_000.wav
6.432513520565656,7.635375622347903,etc,SKKwIcjv-5g_30_000-40_000.wav
7.635375622347903,9.05596371882086,speech,SKKwIcjv-5g_30_000-40_000.wav
0.0,1.014403345182285,silence,SmtEawVCdb8_0_000-10_000.wav
1.014403345182285,10.0,etc,SmtEawVCdb8_0_000-10_000.wav
0.0,1.6185632353978336,etc,sNCKIJFUj5I.wav
1.6185632353978336,4.401041799207626,cough,sNCKIJFUj5I.wav
4.401041799207626,5.395744280956054,breathe,sNCKIJFUj5I.wav
5.395744280956054,7.613661976746469,cough,sNCKIJFUj5I.wav
7.613661976746469,8.863761041646521,etc,sNCKIJFUj5I.wav
8.863761041646521,9.616508865672358,sniffle,sNCKIJFUj5I.wav
9.616508865672358,12.546848609201511,etc,sNCKIJFUj5I.wav
12.546848609201511,13.11140947722089,sniffle,sNCKIJFUj5I.wav
13.11140947722089,26.513009129966605,etc,sNCKIJFUj5I.wav
26.513009129966605,27.521153537144063,cough,sNCKIJFUj5I.wav
27.521153537144063,41.143987105930734,etc,sNCKIJFUj5I.wav
41.143987105930734,41.92361878081464,breathe,sNCKIJFUj5I.wav
41.92361878081464,61.83727345038866,etc,sNCKIJFUj5I.wav
61.83727345038866,63.18146599329194,sneeze,sNCKIJFUj5I.wav
63.18146599329194,63.85356226474358,throat-clearing,sNCKIJFUj5I.wav
63.85356226474358,65.66822219766301,cough,sNCKIJFUj5I.wav
65.66822219766301,66.91832126256305,etc,sNCKIJFUj5I.wav
66.91832126256305,67.91302374431149,sniffle,sNCKIJFUj5I.wav
67.91302374431149,70.72238615897935,etc,sNCKIJFUj5I.wav
70.72238615897935,71.23317932528259,sniffle,sNCKIJFUj5I.wav
71.23317932528259,82.59776942199174,etc,sNCKIJFUj5I.wav
82.59776942199174,85.6087607180951,breathe,sNCKIJFUj5I.wav
85.6087607180951,86.54969549812739,sneeze,sNCKIJFUj5I.wav
86.54969549812739,87.14114021700483,throat-clearing,sNCKIJFUj5I.wav
87.14114021700483,88.1492846241823,cough,sNCKIJFUj5I.wav
88.1492846241823,89.72198989937914,etc,sNCKIJFUj5I.wav
89.72198989937914,90.03115418424689,sniffle,sNCKIJFUj5I.wav
90.03115418424689,107.59247190374018,etc,sNCKIJFUj5I.wav
107.59247190374018,110.17332158611448,breathe,sNCKIJFUj5I.wav
110.17332158611448,111.04704673900162,sneeze,sNCKIJFUj5I.wav
111.04704673900162,112.2702619530436,cough,sNCKIJFUj5I.wav
112.2702619530436,114.50162157426304,etc,sNCKIJFUj5I.wav
114.50162157426304,115.28125324914694,sniffle,sNCKIJFUj5I.wav
115.28125324914694,126.61895949499804,etc,sNCKIJFUj5I.wav
126.61895949499804,129.81813774710784,breathe,sNCKIJFUj5I.wav
129.81813774710784,130.73218867628208,sneeze,sNCKIJFUj5I.wav
130.73218867628208,135.62504953245002,etc,sNCKIJFUj5I.wav
135.62504953245002,136.40468120733394,sniffle,sNCKIJFUj5I.wav
136.40468120733394,144.81932652590845,etc,sNCKIJFUj5I.wav
144.81932652590845,146.64742838425693,breathe,sNCKIJFUj5I.wav
146.64742838425693,148.16636595773764,cough,sNCKIJFUj5I.wav
148.16636595773764,166.15782529095998,etc,sNCKIJFUj5I.wav
166.15782529095998,167.16596969813742,sneeze,sNCKIJFUj5I.wav
167.16596969813742,168.20099795617296,throat-clearing,sNCKIJFUj5I.wav
168.20099795617296,174.4267060478095,etc,sNCKIJFUj5I.wav
174.4267060478095,175.44829238041598,sniffle,sNCKIJFUj5I.wav
175.44829238041598,177.4701133786848,etc,sNCKIJFUj5I.wav
0.0,4.108010063022685,speech,SNdKLFxQh-k_30_000-40_000.wav
4.108010063022685,5.273268593409235,etc,SNdKLFxQh-k_30_000-40_000.wav
5.273268593409235,7.8203381244311645,etc,SNdKLFxQh-k_30_000-40_000.wav
7.8203381244311645,9.398077550529768,cough,SNdKLFxQh-k_30_000-40_000.wav
9.398077550529768,10.0,sniffle,SNdKLFxQh-k_30_000-40_000.wav
0.0,4.45861882437793,silence,sNfwx40b-u0_40_000-50_000.wav
4.45861882437793,5.056716123160408,throat-clearing,sNfwx40b-u0_40_000-50_000.wav
5.056716123160408,8.604051826284065,silence,sNfwx40b-u0_40_000-50_000.wav
8.604051826284065,10.0,sniffle,sNfwx40b-u0_40_000-50_000.wav
0.0,2.657845254980546,cough,SO4etSgwPVE_10_000-20_000.wav
2.657845254980546,3.782433733685539,throat-clearing,SO4etSgwPVE_10_000-20_000.wav
3.782433733685539,4.969007404130177,etc,SO4etSgwPVE_10_000-20_000.wav
4.969007404130177,10.0,speech,SO4etSgwPVE_10_000-20_000.wav
0.0,1.5155501581066786,etc,sPpVPwWdIag_130_000-140_000.wav
1.5155501581066786,2.4276200475996026,cough,sPpVPwWdIag_130_000-140_000.wav
2.4276200475996026,9.35226716976918,etc,sPpVPwWdIag_130_000-140_000.wav
9.35226716976918,10.00002267573696,speech,sPpVPwWdIag_130_000-140_000.wav
0.0,0.6637945838270397,silence,sR2wAn1Njvk_0_000-10_000.wav
0.6637945838270397,1.7053088454999743,etc,sR2wAn1Njvk_0_000-10_000.wav
1.7053088454999743,2.21059794274724,silence,sR2wAn1Njvk_0_000-10_000.wav
2.21059794274724,4.077073995844281,etc,sR2wAn1Njvk_0_000-10_000.wav
4.077073995844281,5.262956571016434,silence,sR2wAn1Njvk_0_000-10_000.wav
5.262956571016434,6.490087235759792,sneeze,sR2wAn1Njvk_0_000-10_000.wav
6.490087235759792,10.0,etc,sR2wAn1Njvk_0_000-10_000.wav
0.0,7.748081231036797,speech,sspVoY8hZEY.wav
7.748081231036797,13.366806060372513,cough,sspVoY8hZEY.wav
13.366806060372513,18.71669238112757,etc,sspVoY8hZEY.wav
18.71669238112757,27.10445384884405,speech,sspVoY8hZEY.wav
27.10445384884405,28.83118341293668,etc,sspVoY8hZEY.wav
28.83118341293668,34.30204706255303,speech,sspVoY8hZEY.wav
34.30204706255303,34.88004985600144,cough,sspVoY8hZEY.wav
34.88004985600144,36.56029053463055,speech,sspVoY8hZEY.wav
36.56029053463055,37.702854196098336,cough,sspVoY8hZEY.wav
37.702854196098336,50.53261416457207,speech,sspVoY8hZEY.wav
50.53261416457207,59.28330761887242,etc,sspVoY8hZEY.wav
59.28330761887242,70.18470914181803,speech,sspVoY8hZEY.wav
70.18470914181803,71.39448243043098,cough,sspVoY8hZEY.wav
71.39448243043098,87.2486756204371,speech,sspVoY8hZEY.wav
87.2486756204371,89.8698510790985,cough,sspVoY8hZEY.wav
89.8698510790985,96.80588460047944,speech,sspVoY8hZEY.wav
96.80588460047944,98.78184763854723,etc,sspVoY8hZEY.wav
98.78184763854723,103.96315203790132,speech,sspVoY8hZEY.wav
103.96315203790132,105.87190544882398,etc,sspVoY8hZEY.wav
105.87190544882398,109.08452562636282,speech,sspVoY8hZEY.wav
109.08452562636282,110.84867562043712,etc,sspVoY8hZEY.wav
110.84867562043712,115.68451101201794,cough,sspVoY8hZEY.wav
115.68451101201794,117.25721628721476,sniffle,sspVoY8hZEY.wav
117.25721628721476,118.26536069439224,cough,sspVoY8hZEY.wav
118.26536069439224,135.88044611560164,speech,sspVoY8hZEY.wav
135.88044611560164,142.6256439218502,etc,sspVoY8hZEY.wav
142.6256439218502,146.9627557783011,speech,sspVoY8hZEY.wav
146.9627557783011,148.38759987377858,cough,sspVoY8hZEY.wav
148.38759987377858,148.91183496551088,sniffle,sspVoY8hZEY.wav
148.91183496551088,152.97129644507876,speech,sspVoY8hZEY.wav
152.97129644507876,154.38269861512725,etc,sspVoY8hZEY.wav
154.38269861512725,158.32118276583384,speech,sspVoY8hZEY.wav
158.32118276583384,166.34601224696644,etc,sspVoY8hZEY.wav
166.34601224696644,171.7765501202957,speech,sspVoY8hZEY.wav
171.7765501202957,173.1560893628651,cough,sspVoY8hZEY.wav
173.1560893628651,173.84162755974577,speech,sspVoY8hZEY.wav
173.84162755974577,180.3261678004535,etc,sspVoY8hZEY.wav
0.0,1.9760081458444485,etc,SsYyb8Vmuxk_20_000-30_000.wav
1.9760081458444485,3.950679254121719,speech,SsYyb8Vmuxk_20_000-30_000.wav
3.950679254121719,6.111305937617925,etc,SsYyb8Vmuxk_20_000-30_000.wav
6.111305937617925,7.27131452588843,speech,SsYyb8Vmuxk_20_000-30_000.wav
7.27131452588843,8.130252182852086,cough,SsYyb8Vmuxk_20_000-30_000.wav
8.130252182852086,8.758959127639915,etc,SsYyb8Vmuxk_20_000-30_000.wav
8.758959127639915,9.095450168512278,speech,SsYyb8Vmuxk_20_000-30_000.wav
9.095450168512278,10.0,etc,SsYyb8Vmuxk_20_000-30_000.wav
0.0,4.774196801519863,etc,StJLcW5FKoI_10_000-20_000.wav
4.774196801519863,6.306116540228239,sneeze,StJLcW5FKoI_10_000-20_000.wav
6.306116540228239,7.634370648934923,etc,StJLcW5FKoI_10_000-20_000.wav
7.634370648934923,8.679263881117516,cough,StJLcW5FKoI_10_000-20_000.wav
8.679263881117516,9.352245962862236,etc,StJLcW5FKoI_10_000-20_000.wav
9.352245962862236,10.0,cough,StJLcW5FKoI_10_000-20_000.wav
0.0,4.49083592499577,etc,sUFGh7zp9D0_280_000-290_000.wav
4.49083592499577,5.20809314369738,breathe,sUFGh7zp9D0_280_000-290_000.wav
5.20809314369738,6.740012882405756,sneeze,sUFGh7zp9D0_280_000-290_000.wav
6.740012882405756,8.838654374162317,etc,sUFGh7zp9D0_280_000-290_000.wav
8.838654374162317,10.0,cough,sUFGh7zp9D0_280_000-290_000.wav
0.0,1.2056207627945712,speech,SumS_9VAq9c_70_000-80_000.wav
1.2056207627945712,2.2947891319340523,etc,SumS_9VAq9c_70_000-80_000.wav
2.2947891319340523,3.012046350635662,speech,SumS_9VAq9c_70_000-80_000.wav
3.012046350635662,3.614188213249359,cough,SumS_9VAq9c_70_000-80_000.wav
3.614188213249359,4.36686554151648,speech,SumS_9VAq9c_70_000-80_000.wav
4.36686554151648,5.659699540657653,etc,SumS_9VAq9c_70_000-80_000.wav
5.659699540657653,6.76657796457989,speech,SumS_9VAq9c_70_000-80_000.wav
6.76657796457989,8.989189839815742,etc,SumS_9VAq9c_70_000-80_000.wav
8.989189839815742,10.0,speech,SumS_9VAq9c_70_000-80_000.wav
0.0,2.767447151958512,silence,SvkPqsOwfDg_0_000-10_000.wav
2.767447151958512,3.778025346453042,sneeze,SvkPqsOwfDg_0_000-10_000.wav
3.778025346453042,5.4382609516940565,etc,SvkPqsOwfDg_0_000-10_000.wav
5.4382609516940565,6.08791836244054,speech,SvkPqsOwfDg_0_000-10_000.wav
6.08791836244054,6.830383974722237,etc,SvkPqsOwfDg_0_000-10_000.wav
6.830383974722237,7.614097676575137,speech,SvkPqsOwfDg_0_000-10_000.wav
7.614097676575137,10.0,etc,SvkPqsOwfDg_0_000-10_000.wav
0.0,1.4092895884570174,speech,SvmMkyMkpfY_170_000-180_000.wav
1.4092895884570174,4.127789161994179,etc,SvmMkyMkpfY_170_000-180_000.wav
4.127789161994179,7.731793482611849,speech,SvmMkyMkpfY_170_000-180_000.wav
7.731793482611849,8.803254226579265,cough,SvmMkyMkpfY_170_000-180_000.wav
8.803254226579265,10.00002267573696,speech,SvmMkyMkpfY_170_000-180_000.wav
0.0,0.2616257105077877,etc,svydzdjKqa4_10_000-20_000.wav
0.2616257105077877,1.4062601961087358,silence,svydzdjKqa4_10_000-20_000.wav
1.4062601961087358,10.0,etc,svydzdjKqa4_10_000-20_000.wav
0.0,0.5769138180067405,cough,SXFWxFliJG8_30_000-40_000.wav
0.5769138180067405,1.4358514749703966,etc,SXFWxFliJG8_30_000-40_000.wav
1.4358514749703966,3.4105225832476678,cough,SXFWxFliJG8_30_000-40_000.wav
3.4105225832476678,5.58885932152663,etc,SXFWxFliJG8_30_000-40_000.wav
5.58885932152663,5.854510143267966,cough,SXFWxFliJG8_30_000-40_000.wav
5.854510143267966,7.838036278936615,etc,SXFWxFliJG8_30_000-40_000.wav
7.838036278936615,8.944914702858853,cough,SXFWxFliJG8_30_000-40_000.wav
8.944914702858853,10.0,etc,SXFWxFliJG8_30_000-40_000.wav
0.0,4.025623421673033,silence,sZ29AZCjWTE_60_000-70_000.wav
4.025623421673033,4.73717232812449,gasp,sZ29AZCjWTE_60_000-70_000.wav
4.73717232812449,7.35649728810522,etc,sZ29AZCjWTE_60_000-70_000.wav
7.35649728810522,7.841175528731576,silence,sZ29AZCjWTE_60_000-70_000.wav
7.841175528731576,8.872405827936587,sneeze,sZ29AZCjWTE_60_000-70_000.wav
8.872405827936587,9.357084068562942,silence,sZ29AZCjWTE_60_000-70_000.wav
9.357084068562942,10.000272108843538,etc,sZ29AZCjWTE_60_000-70_000.wav
0.0,1.3473012010566177,speech,t244-6fRm9g_30_000-40_000.wav
1.3473012010566177,2.631280172806413,etc,t244-6fRm9g_30_000-40_000.wav
2.631280172806413,3.994954391078609,cough,t244-6fRm9g_30_000-40_000.wav
3.994954391078609,6.022755663704146,etc,t244-6fRm9g_30_000-40_000.wav
6.022755663704146,8.395903004593423,speech,t244-6fRm9g_30_000-40_000.wav
8.395903004593423,10.0,cough,t244-6fRm9g_30_000-40_000.wav
0.0,2.798383219136916,etc,t5vby75dXWo_140_000-150_000.wav
2.798383219136916,3.767713324060241,cough,t5vby75dXWo_140_000-150_000.wav
3.767713324060241,6.675703638830217,etc,t5vby75dXWo_140_000-150_000.wav
6.675703638830217,7.851274191609568,cough,t5vby75dXWo_140_000-150_000.wav
7.851274191609568,10.0,speech,t5vby75dXWo_140_000-150_000.wav
0.0,2.575736961451247,speech,T7AsgidnuDQ_40_000-50_000.wav
2.575736961451247,3.582096920989817,silence,T7AsgidnuDQ_40_000-50_000.wav
3.582096920989817,6.490087235759792,speech,T7AsgidnuDQ_40_000-50_000.wav
6.490087235759792,7.510977452647125,silence,T7AsgidnuDQ_40_000-50_000.wav
7.510977452647125,8.160634863393609,sneeze,T7AsgidnuDQ_40_000-50_000.wav
8.160634863393609,9.25370923703055,silence,T7AsgidnuDQ_40_000-50_000.wav
9.25370923703055,10.0,speech,T7AsgidnuDQ_40_000-50_000.wav
0.0,4.015201861487473,etc,t7Em0nH4koU_40_000-50_000.wav
4.015201861487473,4.365810622842719,sniffle,t7Em0nH4koU_40_000-50_000.wav
4.365810622842719,5.5929412875860764,silence,t7Em0nH4koU_40_000-50_000.wav
5.5929412875860764,6.221974653546957,sniffle,t7Em0nH4koU_40_000-50_000.wav
6.221974653546957,6.624143526866209,silence,t7Em0nH4koU_40_000-50_000.wav
6.624143526866209,10.0,etc,t7Em0nH4koU_40_000-50_000.wav
0.0,0.2822497552933903,etc,t8CV69hcvF0_210_000-220_000.wav
0.2822497552933903,2.220909965140041,silence,t8CV69hcvF0_210_000-220_000.wav
2.220909965140041,3.1283679357065584,gasp,t8CV69hcvF0_210_000-220_000.wav
3.1283679357065584,3.7470892792746384,silence,t8CV69hcvF0_210_000-220_000.wav
3.7470892792746384,5.046404100767607,sneeze,t8CV69hcvF0_210_000-220_000.wav
5.046404100767607,5.562005220407673,sniffle,t8CV69hcvF0_210_000-220_000.wav
5.562005220407673,7.160368691291879,silence,t8CV69hcvF0_210_000-220_000.wav
7.160368691291879,7.882210258787972,speech,t8CV69hcvF0_210_000-220_000.wav
7.882210258787972,10.0,silence,t8CV69hcvF0_210_000-220_000.wav
0.0,1.066614399666879,etc,TA-iHSeEUYk.wav
1.066614399666879,2.049522440109825,cough,TA-iHSeEUYk.wav
2.049522440109825,3.1918209735975744,etc,TA-iHSeEUYk.wav
3.1918209735975744,8.47827232625018,cough,TA-iHSeEUYk.wav
8.47827232625018,9.620570859737928,etc,TA-iHSeEUYk.wav
9.620570859737928,10.49721857148434,cough,TA-iHSeEUYk.wav
10.49721857148434,11.559821858449686,etc,TA-iHSeEUYk.wav
11.559821858449686,12.330209241499563,cough,TA-iHSeEUYk.wav
12.330209241499563,13.472507774987312,etc,TA-iHSeEUYk.wav
13.472507774987312,16.34153664979375,cough,TA-iHSeEUYk.wav
16.34153664979375,17.988571744590036,etc,TA-iHSeEUYk.wav
17.988571744590036,20.3262989759138,cough,TA-iHSeEUYk.wav
20.3262989759138,21.787378495491154,etc,TA-iHSeEUYk.wav
21.787378495491154,22.82341670028237,cough,TA-iHSeEUYk.wav
22.82341670028237,23.859454905073584,etc,TA-iHSeEUYk.wav
23.859454905073584,25.108013767257862,cough,TA-iHSeEUYk.wav
25.108013767257862,26.356572629442148,etc,TA-iHSeEUYk.wav
26.356572629442148,29.793226343150927,cough,TA-iHSeEUYk.wav
29.793226343150927,31.838737670559222,etc,TA-iHSeEUYk.wav
31.838737670559222,33.459207683181376,cough,TA-iHSeEUYk.wav
33.459207683181376,34.521810970146724,etc,TA-iHSeEUYk.wav
34.521810970146724,35.69067458580861,cough,TA-iHSeEUYk.wav
35.69067458580861,37.07205885886356,etc,TA-iHSeEUYk.wav
37.07205885886356,42.69433792586865,cough,TA-iHSeEUYk.wav
42.69433792586865,44.20854760979427,etc,TA-iHSeEUYk.wav
44.20854760979427,46.493144676769774,cough,TA-iHSeEUYk.wav
46.493144676769774,48.11361468939193,etc,TA-iHSeEUYk.wav
48.11361468939193,52.76250406986532,cough,TA-iHSeEUYk.wav
52.76250406986532,53.692281945960005,etc,TA-iHSeEUYk.wav
53.692281945960005,54.489234411184015,cough,TA-iHSeEUYk.wav
54.489234411184015,56.00344409510964,etc,TA-iHSeEUYk.wav
56.00344409510964,56.98635213555258,cough,TA-iHSeEUYk.wav
56.98635213555258,58.85727237325053,etc,TA-iHSeEUYk.wav
58.85727237325053,62.0716473163207,cough,TA-iHSeEUYk.wav
62.0716473163207,63.426466507201525,etc,TA-iHSeEUYk.wav
63.426466507201525,66.5611462037493,cough,TA-iHSeEUYk.wav
66.5611462037493,67.91596539463012,etc,TA-iHSeEUYk.wav
67.91596539463012,68.95200359942133,cough,TA-iHSeEUYk.wav
68.95200359942133,71.52979957594451,etc,TA-iHSeEUYk.wav
71.52979957594451,72.72522827378053,cough,TA-iHSeEUYk.wav
72.72522827378053,76.04586354554723,etc,TA-iHSeEUYk.wav
76.04586354554723,77.34755257207979,cough,TA-iHSeEUYk.wav
77.34755257207979,79.55245439253288,etc,TA-iHSeEUYk.wav
79.55245439253288,82.76682933560306,cough,TA-iHSeEUYk.wav
82.76682933560306,84.01538819778735,etc,TA-iHSeEUYk.wav
84.01538819778735,87.49541396259886,cough,TA-iHSeEUYk.wav
87.49541396259886,89.75344594740022,etc,TA-iHSeEUYk.wav
89.75344594740022,91.0817000561069,cough,TA-iHSeEUYk.wav
91.0817000561069,94.44829675687158,etc,TA-iHSeEUYk.wav
94.44829675687158,95.53746512601106,cough,TA-iHSeEUYk.wav
95.53746512601106,98.96436072647433,etc,TA-iHSeEUYk.wav
98.96436072647433,101.55253818287385,cough,TA-iHSeEUYk.wav
101.55253818287385,102.774531962884,etc,TA-iHSeEUYk.wav
102.774531962884,104.44813213985442,cough,TA-iHSeEUYk.wav
104.44813213985442,107.9015928224918,etc,TA-iHSeEUYk.wav
107.9015928224918,109.0970215203278,cough,TA-iHSeEUYk.wav
109.0970215203278,112.65674253166172,etc,TA-iHSeEUYk.wav
112.65674253166172,120.81234263878784,cough,TA-iHSeEUYk.wav
120.81234263878784,123.49541593837534,etc,TA-iHSeEUYk.wav
123.49541593837534,126.20505432013698,cough,TA-iHSeEUYk.wav
126.20505432013698,128.94705990649425,etc,TA-iHSeEUYk.wav
128.94705990649425,130.03622827563373,cough,TA-iHSeEUYk.wav
130.03622827563373,132.40052058913162,etc,TA-iHSeEUYk.wav
132.40052058913162,134.07412076610203,cough,TA-iHSeEUYk.wav
134.07412076610203,135.40237487480871,etc,TA-iHSeEUYk.wav
135.40237487480871,140.47630557006823,cough,TA-iHSeEUYk.wav
140.47630557006823,141.51234377485943,etc,TA-iHSeEUYk.wav
141.51234377485943,147.35666185316884,cough,TA-iHSeEUYk.wav
147.35666185316884,148.39270005796004,etc,TA-iHSeEUYk.wav
148.39270005796004,149.5681090423414,cough,TA-iHSeEUYk.wav
149.5681090423414,150.79010282235157,etc,TA-iHSeEUYk.wav
150.79010282235157,151.95896643801345,cough,TA-iHSeEUYk.wav
151.95896643801345,153.26065546454598,etc,TA-iHSeEUYk.wav
153.26065546454598,154.3763889158596,cough,TA-iHSeEUYk.wav
154.3763889158596,155.38586203847666,etc,TA-iHSeEUYk.wav
155.38586203847666,161.9740024176618,cough,TA-iHSeEUYk.wav
161.9740024176618,164.5698183486072,etc,TA-iHSeEUYk.wav
164.5698183486072,165.57929147122428,cough,TA-iHSeEUYk.wav
165.57929147122428,166.721590004712,etc,TA-iHSeEUYk.wav
166.721590004712,168.47488542820483,cough,TA-iHSeEUYk.wav
168.47488542820483,169.4046633042995,etc,TA-iHSeEUYk.wav
169.4046633042995,170.62665708430964,cough,TA-iHSeEUYk.wav
170.62665708430964,171.90178102866807,etc,TA-iHSeEUYk.wav
171.90178102866807,173.31374149659865,cough,TA-iHSeEUYk.wav
0.0,2.6047150906322787,speech,TA8XAitqVxg_0_000-10_000.wav
2.6047150906322787,4.083504664992388,cough,TA8XAitqVxg_0_000-10_000.wav
4.083504664992388,5.774814896745565,etc,TA8XAitqVxg_0_000-10_000.wav
5.774814896745565,10.0,cough,TA8XAitqVxg_0_000-10_000.wav
0.0,5.072535992068318,speech,TB3VhNczX88.wav
5.072535992068318,6.434494760147735,etc,TB3VhNczX88.wav
6.434494760147735,9.981922249098774,speech,TB3VhNczX88.wav
9.981922249098774,11.660615614405964,etc,TB3VhNczX88.wav
11.660615614405964,13.941104714445917,cough,TB3VhNczX88.wav
13.941104714445917,17.805266800624725,speech,TB3VhNczX88.wav
17.805266800624725,19.927388602050797,etc,TB3VhNczX88.wav
19.927388602050797,33.008527467557755,speech,TB3VhNczX88.wav
33.008527467557755,35.35059044839326,etc,TB3VhNczX88.wav
35.35059044839326,41.43189471516647,speech,TB3VhNczX88.wav
41.43189471516647,42.00201699017647,etc,TB3VhNczX88.wav
42.00201699017647,62.48489795918368,speech,TB3VhNczX88.wav
0.0,3.406438432704836,silence,TbeP1mQdsw0_0_000-9_000.wav
3.406438432704836,4.3223143807348645,sneeze,TbeP1mQdsw0_0_000-9_000.wav
4.3223143807348645,7.509921846917807,etc,TbeP1mQdsw0_0_000-9_000.wav
7.509921846917807,8.003776524777136,silence,TbeP1mQdsw0_0_000-9_000.wav
8.003776524777136,8.70748299319728,sniffle,TbeP1mQdsw0_0_000-9_000.wav
0.0,0.3956828988523039,silence,tBuVHf38Xhk_80_000-90_000.wav
0.3956828988523039,4.386444614192193,etc,tBuVHf38Xhk_80_000-90_000.wav
4.386444614192193,4.963919177652229,silence,tBuVHf38Xhk_80_000-90_000.wav
4.963919177652229,8.005972681593487,etc,tBuVHf38Xhk_80_000-90_000.wav
8.005972681593487,9.439347044467503,silence,tBuVHf38Xhk_80_000-90_000.wav
9.439347044467503,10.00002267573696,etc,tBuVHf38Xhk_80_000-90_000.wav
0.0,1.3340760393591264,speech,tDtqpIdzFqc_0_000-10_000.wav
1.3340760393591264,1.870301203784796,silence,tDtqpIdzFqc_0_000-10_000.wav
1.870301203784796,3.654281077739426,speech,tDtqpIdzFqc_0_000-10_000.wav
3.654281077739426,4.386434667628321,silence,tDtqpIdzFqc_0_000-10_000.wav
4.386434667628321,5.603253309978878,etc,tDtqpIdzFqc_0_000-10_000.wav
5.603253309978878,6.067294317654937,silence,tDtqpIdzFqc_0_000-10_000.wav
6.067294317654937,7.387233183933509,speech,tDtqpIdzFqc_0_000-10_000.wav
7.387233183933509,8.346251266464032,silence,tDtqpIdzFqc_0_000-10_000.wav
8.346251266464032,10.0,etc,tDtqpIdzFqc_0_000-10_000.wav
0.0,8.036890594679992,silence,tfCp6JyvAMg_200_000-210_000.wav
8.036890594679992,10.0,sneeze,tfCp6JyvAMg_200_000-210_000.wav
0.0,9.576984126984128,etc,TgJHM5oSWio_8_000-18_000.wav
0.0,6.256878655409845,cough,ThHs0zNnQXg.wav
6.256878655409845,6.912659871470018,etc,ThHs0zNnQXg.wav
6.912659871470018,10.074462163188707,cough,ThHs0zNnQXg.wav
10.074462163188707,14.594668402460613,etc,ThHs0zNnQXg.wav
14.594668402460613,22.300097691167643,cough,ThHs0zNnQXg.wav
22.300097691167643,26.10328559516461,etc,ThHs0zNnQXg.wav
26.10328559516461,30.506388045854344,cough,ThHs0zNnQXg.wav
30.506388045854344,31.583742900810343,etc,ThHs0zNnQXg.wav
31.583742900810343,37.673139907083375,cough,ThHs0zNnQXg.wav
37.673139907083375,38.35234188085998,etc,ThHs0zNnQXg.wav
38.35234188085998,39.05496461235303,gasp,ThHs0zNnQXg.wav
39.05496461235303,41.47083900226757,etc,ThHs0zNnQXg.wav
0.0,5.82176410883681,etc,TjP-9AlPShg.wav
5.82176410883681,17.696355840674567,speech,TjP-9AlPShg.wav
17.696355840674567,24.8157978633424,etc,TjP-9AlPShg.wav
24.8157978633424,26.01122656117841,speech,TjP-9AlPShg.wav
26.01122656117841,27.366045752059232,etc,TjP-9AlPShg.wav
27.366045752059232,43.3237480308264,speech,TjP-9AlPShg.wav
43.3237480308264,98.9136994723464,etc,TjP-9AlPShg.wav
98.9136994723464,108.1745315948349,speech,TjP-9AlPShg.wav
108.1745315948349,109.31683012832266,etc,TjP-9AlPShg.wav
109.31683012832266,111.20295096268616,speech,TjP-9AlPShg.wav
111.20295096268616,116.72700144935934,etc,TjP-9AlPShg.wav
116.72700144935934,122.30566870592742,speech,TjP-9AlPShg.wav
122.30566870592742,134.6954085844759,etc,TjP-9AlPShg.wav
134.6954085844759,135.9174023644861,cough,TjP-9AlPShg.wav
135.9174023644861,140.72568223800425,etc,TjP-9AlPShg.wav
140.72568223800425,142.31958716845227,cough,TjP-9AlPShg.wav
142.31958716845227,144.79013981064674,etc,TjP-9AlPShg.wav
144.79013981064674,146.38404474109475,cough,TjP-9AlPShg.wav
146.38404474109475,150.00090702947847,etc,TjP-9AlPShg.wav
0.0,0.8159995575739437,cough,TnGWTjiceJ4_40_000-50_000.wav
0.8159995575739437,1.6749372145375998,etc,TnGWTjiceJ4_40_000-50_000.wav
1.6749372145375998,2.7463955288943254,cough,TnGWTjiceJ4_40_000-50_000.wav
2.7463955288943254,5.996190581530013,etc,TnGWTjiceJ4_40_000-50_000.wav
5.996190581530013,7.324444690236697,cough,TnGWTjiceJ4_40_000-50_000.wav
7.324444690236697,10.0,etc,TnGWTjiceJ4_40_000-50_000.wav
0.0,1.880613226177597,etc,tPmmB8jSuSY_10_000-20_000.wav
1.880613226177597,4.211130286950699,silence,tPmmB8jSuSY_10_000-20_000.wav
4.211130286950699,5.335140727766043,sneeze,tPmmB8jSuSY_10_000-20_000.wav
5.335140727766043,7.438793295897515,silence,tPmmB8jSuSY_10_000-20_000.wav
7.438793295897515,8.624675871069668,sneeze,tPmmB8jSuSY_10_000-20_000.wav
8.624675871069668,10.0,silence,tPmmB8jSuSY_10_000-20_000.wav
0.0,1.426996447579019,cough,tPSB08-UtTI_30_000-40_000.wav
1.426996447579019,2.6224251454150345,etc,tPSB08-UtTI_30_000-40_000.wav
2.6224251454150345,4.579386198909549,cough,tPSB08-UtTI_30_000-40_000.wav
4.579386198909549,5.854510143267966,etc,tPSB08-UtTI_30_000-40_000.wav
5.854510143267966,7.076503923278116,cough,tPSB08-UtTI_30_000-40_000.wav
7.076503923278116,8.316207758071021,etc,tPSB08-UtTI_30_000-40_000.wav
8.316207758071021,10.0,cough,tPSB08-UtTI_30_000-40_000.wav
0.0,0.5916104270774304,silence,tQfIzmAmogw_10_000-20_000.wav
0.5916104270774304,2.05591760685522,etc,tQfIzmAmogw_10_000-20_000.wav
2.05591760685522,3.3449204059553863,sneeze,tQfIzmAmogw_10_000-20_000.wav
3.3449204059553863,10.0,etc,tQfIzmAmogw_10_000-20_000.wav
0.0,1.223330817577327,etc,TqZLvNd1oaM_20_000-30_000.wav
1.223330817577327,2.68441033715468,cough,TqZLvNd1oaM_20_000-30_000.wav
2.68441033715468,4.756486746737108,speech,TqZLvNd1oaM_20_000-30_000.wav
4.756486746737108,7.714065895457324,etc,TqZLvNd1oaM_20_000-30_000.wav
7.714065895457324,10.0,speech,TqZLvNd1oaM_20_000-30_000.wav
0.0,4.712211609780217,etc,ts4bZHaOMgE_100_000-110_000.wav
4.712211609780217,7.73177595024008,speech,ts4bZHaOMgE_100_000-110_000.wav
7.73177595024008,8.962624757641608,cough,ts4bZHaOMgE_100_000-110_000.wav
8.962624757641608,10.0,speech,ts4bZHaOMgE_100_000-110_000.wav
0.0,2.1353986388892503,speech,Tti_OYRWGj4_0_000-10_000.wav
2.1353986388892503,4.5616761441267935,etc,Tti_OYRWGj4_0_000-10_000.wav
4.5616761441267935,6.270696430662728,speech,Tti_OYRWGj4_0_000-10_000.wav
6.270696430662728,7.289024580671185,etc,Tti_OYRWGj4_0_000-10_000.wav
7.289024580671185,7.7760510871969695,cough,Tti_OYRWGj4_0_000-10_000.wav
7.7760510871969695,8.431323114158934,speech,Tti_OYRWGj4_0_000-10_000.wav
8.431323114158934,10.0,etc,Tti_OYRWGj4_0_000-10_000.wav
0.0,4.737043428983566,silence,Ttl6dPIYGKQ_0_000-10_000.wav
4.737043428983566,5.376388817337248,gasp,Ttl6dPIYGKQ_0_000-10_000.wav
5.376388817337248,6.1910385863685535,silence,Ttl6dPIYGKQ_0_000-10_000.wav
6.1910385863685535,6.665391616437415,sneeze,Ttl6dPIYGKQ_0_000-10_000.wav
6.665391616437415,8.48030755757045,etc,Ttl6dPIYGKQ_0_000-10_000.wav
8.48030755757045,10.0,etc,Ttl6dPIYGKQ_0_000-10_000.wav
0.0,0.6328585166486357,silence,TuIQg2cJqAs_0_000-10_000.wav
0.6328585166486357,1.849677158999193,speech,TuIQg2cJqAs_0_000-10_000.wav
1.849677158999193,3.1283679357065584,silence,TuIQg2cJqAs_0_000-10_000.wav
3.1283679357065584,4.427682757199526,sneeze,TuIQg2cJqAs_0_000-10_000.wav
4.427682757199526,5.458884996479659,gasp,TuIQg2cJqAs_0_000-10_000.wav
5.458884996479659,6.056982295262136,sneeze,TuIQg2cJqAs_0_000-10_000.wav
6.056982295262136,6.686015661223018,throat-clearing,TuIQg2cJqAs_0_000-10_000.wav
6.686015661223018,7.046936444971064,silence,TuIQg2cJqAs_0_000-10_000.wav
7.046936444971064,8.25344306492882,etc,TuIQg2cJqAs_0_000-10_000.wav
8.25344306492882,10.0,etc,TuIQg2cJqAs_0_000-10_000.wav
0.0,3.0563145571583394,speech,tUUkucw-BOY_80_000-90_000.wav
3.0563145571583394,4.809606004924579,cough,tUUkucw-BOY_80_000-90_000.wav
4.809606004924579,6.137857101717185,speech,tUUkucw-BOY_80_000-90_000.wav
6.137857101717185,7.997408637226833,breathe,tUUkucw-BOY_80_000-90_000.wav
7.997408637226833,9.006879470789213,speech,tUUkucw-BOY_80_000-90_000.wav
9.006879470789213,9.99997732426304,breathe,tUUkucw-BOY_80_000-90_000.wav
0.0,0.7451593384429205,etc,tvB2fbCLWV8_0_000-10_000.wav
0.7451593384429205,1.736922406277245,cough,tvB2fbCLWV8_0_000-10_000.wav
1.736922406277245,2.870365912373616,etc,tvB2fbCLWV8_0_000-10_000.wav
2.870365912373616,4.358010514125103,cough,tvB2fbCLWV8_0_000-10_000.wav
4.358010514125103,5.633134458483519,speech,tvB2fbCLWV8_0_000-10_000.wav
5.633134458483519,7.067648895886738,cough,tvB2fbCLWV8_0_000-10_000.wav
7.067648895886738,10.0,etc,tvB2fbCLWV8_0_000-10_000.wav
0.0,2.055703392366849,speech,TvpYv6ttXVE_0_000-10_000.wav
2.055703392366849,2.657845254980546,cough,TvpYv6ttXVE_0_000-10_000.wav
2.657845254980546,10.0,speech,TvpYv6ttXVE_0_000-10_000.wav
0.0,0.3750588073001598,etc,tWt0_TpfYtE_80_000-90_000.wav
0.3750588073001598,1.9528018110391856,speech,tWt0_TpfYtE_80_000-90_000.wav
1.9528018110391856,2.5715245576035097,etc,tWt0_TpfYtE_80_000-90_000.wav
2.5715245576035097,3.004630480198536,sneeze,tWt0_TpfYtE_80_000-90_000.wav
3.004630480198536,3.540856860554284,silence,tWt0_TpfYtE_80_000-90_000.wav
3.540856860554284,3.726473684523581,etc,tWt0_TpfYtE_80_000-90_000.wav
3.726473684523581,4.427692797296481,silence,tWt0_TpfYtE_80_000-90_000.wav
4.427692797296481,4.984543269204373,speech,tWt0_TpfYtE_80_000-90_000.wav
4.984543269204373,10.00002267573696,etc,tWt0_TpfYtE_80_000-90_000.wav
0.0,1.6749372145375998,cough,txVBnPl9KPM_0_000-10_000.wav
1.6749372145375998,10.0,etc,txVBnPl9KPM_0_000-10_000.wav
0.0,1.377588764628514,speech,TYQQZ-zy1P0_0_000-10_000.wav
1.377588764628514,2.446110703996881,sneeze,TYQQZ-zy1P0_0_000-10_000.wav
2.446110703996881,4.216804203521603,etc,TYQQZ-zy1P0_0_000-10_000.wav
4.216804203521603,5.641500122679425,speech,TYQQZ-zy1P0_0_000-10_000.wav
5.641500122679425,6.659140064935012,sneeze,TYQQZ-zy1P0_0_000-10_000.wav
6.659140064935012,8.470539162149958,etc,TYQQZ-zy1P0_0_000-10_000.wav
8.470539162149958,9.868480725623582,speech,TYQQZ-zy1P0_0_000-10_000.wav
0.0,6.624143526866209,etc,Tzs9ITxYt6E_50_000-60_000.wav
6.624143526866209,9.006220699603318,speech,Tzs9ITxYt6E_50_000-60_000.wav
9.006220699603318,10.0,etc,Tzs9ITxYt6E_50_000-60_000.wav
0.0,7.036624422578263,etc,U05C3txRsSs_10_000-20_000.wav
7.036624422578263,7.851274191609568,sneeze,U05C3txRsSs_10_000-20_000.wav
7.851274191609568,10.0,etc,U05C3txRsSs_10_000-20_000.wav
0.0,6.890970218366205,etc,U26ZJX0UmKo_0_000-10_000.wav
6.890970218366205,7.997916410355213,cough,U26ZJX0UmKo_0_000-10_000.wav
7.997916410355213,8.910040072554155,speech,U26ZJX0UmKo_0_000-10_000.wav
8.910040072554155,10.00061224489796,cough,U26ZJX0UmKo_0_000-10_000.wav
0.0,1.8520377623651576,cough,U362CVqe2hc_200_000-210_000.wav
1.8520377623651576,4.473125870213015,speech,U362CVqe2hc_200_000-210_000.wav
4.473125870213015,10.0,etc,U362CVqe2hc_200_000-210_000.wav
0.0,1.631201814058957,speech,u4N61XkG6lo_0_000-10_000.wav
1.631201814058957,6.840695997115038,etc,u4N61XkG6lo_0_000-10_000.wav
6.840695997115038,8.24313104253602,sneeze,u4N61XkG6lo_0_000-10_000.wav
8.24313104253602,9.150589013102536,silence,u4N61XkG6lo_0_000-10_000.wav
9.150589013102536,10.0,sneeze,u4N61XkG6lo_0_000-10_000.wav
0.0,1.214475790185949,speech,U53w21v9s8o_0_000-10_000.wav
1.214475790185949,3.038611432809796,etc,U53w21v9s8o_0_000-10_000.wav
3.038611432809796,4.039229528035498,speech,U53w21v9s8o_0_000-10_000.wav
4.039229528035498,5.650844513266275,etc,U53w21v9s8o_0_000-10_000.wav
5.650844513266275,7.917731525459016,cough,U53w21v9s8o_0_000-10_000.wav
7.917731525459016,8.661553826334758,etc,U53w21v9s8o_0_000-10_000.wav
8.661553826334758,10.0,cough,U53w21v9s8o_0_000-10_000.wav
0.0,1.787805024642385,etc,UBnqj0MvEY8_160_000-170_000.wav
1.787805024642385,2.592142771280889,etc,UBnqj0MvEY8_160_000-170_000.wav
2.592142771280889,3.169616025277764,speech,UBnqj0MvEY8_160_000-170_000.wav
3.169616025277764,3.5099127642402075,sneeze,UBnqj0MvEY8_160_000-170_000.wav
3.5099127642402075,5.036092078374805,speech,UBnqj0MvEY8_160_000-170_000.wav
5.036092078374805,7.8203381244311645,etc,UBnqj0MvEY8_160_000-170_000.wav
7.8203381244311645,8.284379132107224,sneeze,UBnqj0MvEY8_160_000-170_000.wav
8.284379132107224,8.903100475675304,speech,UBnqj0MvEY8_160_000-170_000.wav
8.903100475675304,9.655878110349802,silence,UBnqj0MvEY8_160_000-170_000.wav
9.655878110349802,10.0,sneeze,UBnqj0MvEY8_160_000-170_000.wav
0.0,0.7451593384429205,cough,uCwjRQRkbTI_10_000-20_000.wav
0.7451593384429205,2.3921944332392093,etc,uCwjRQRkbTI_10_000-20_000.wav
2.3921944332392093,3.3928125284649115,sneeze,uCwjRQRkbTI_10_000-20_000.wav
3.3928125284649115,4.154344884123411,etc,uCwjRQRkbTI_10_000-20_000.wav
4.154344884123411,6.84627321110229,cough,uCwjRQRkbTI_10_000-20_000.wav
6.84627321110229,7.625515621543546,speech,uCwjRQRkbTI_10_000-20_000.wav
7.625515621543546,8.174527319808975,cough,uCwjRQRkbTI_10_000-20_000.wav
8.174527319808975,8.652698798943382,speech,uCwjRQRkbTI_10_000-20_000.wav
8.652698798943382,9.272550716339834,cough,uCwjRQRkbTI_10_000-20_000.wav
9.272550716339834,10.0,etc,uCwjRQRkbTI_10_000-20_000.wav
0.0,0.4781564946713205,cough,Ue4B-v3DoTo_20_000-30_000.wav
0.4781564946713205,2.3548594550556983,silence,Ue4B-v3DoTo_20_000-30_000.wav
2.3548594550556983,3.458195810886074,sneeze,Ue4B-v3DoTo_20_000-30_000.wav
3.458195810886074,5.90203428127672,etc,Ue4B-v3DoTo_20_000-30_000.wav
5.90203428127672,7.108486184380963,sneeze,Ue4B-v3DoTo_20_000-30_000.wav
7.108486184380963,7.964345226754058,etc,Ue4B-v3DoTo_20_000-30_000.wav
7.964345226754058,8.851138933309313,sneeze,Ue4B-v3DoTo_20_000-30_000.wav
8.851138933309313,9.99954648526077,etc,Ue4B-v3DoTo_20_000-30_000.wav
0.0,6.013914273275662,etc,uFBONka7IYA_40_000-50_000.wav
6.013914273275662,10.00002267573696,cough,uFBONka7IYA_40_000-50_000.wav
0.0,8.24313104253602,etc,uG7cz8t01x8_0_000-10_000.wav
8.24313104253602,8.882476430889701,silence,uG7cz8t01x8_0_000-10_000.wav
8.882476430889701,10.0,etc,uG7cz8t01x8_0_000-10_000.wav
0.0,5.852067987022523,cough,uGTwqElP8p8_40_000-50_000.wav
5.852067987022523,7.22938775510204,speech,uGTwqElP8p8_40_000-50_000.wav
0.0,2.1695613770846203,silence,ui7wvb6DAw0_0_000-10_000.wav
2.1695613770846203,2.8192821331115168,sneeze,ui7wvb6DAw0_0_000-10_000.wav
2.8192821331115168,10.000975056689342,etc,ui7wvb6DAw0_0_000-10_000.wav
0.0,1.5598183214386705,etc,UibT25x1yFs_10_000-20_000.wav
1.5598183214386705,2.8526493889834734,speech,UibT25x1yFs_10_000-20_000.wav
2.8526493889834734,4.18975549308803,cough,UibT25x1yFs_10_000-20_000.wav
4.18975549308803,4.765330968364825,breathe,UibT25x1yFs_10_000-20_000.wav
4.765330968364825,6.598317481938621,cough,UibT25x1yFs_10_000-20_000.wav
6.598317481938621,9.99997732426304,speech,UibT25x1yFs_10_000-20_000.wav
0.0,2.560439953675389,etc,UIQO3w4-XEI_90_000-100_000.wav
2.560439953675389,3.9152591445562073,speech,UIQO3w4-XEI_90_000-100_000.wav
3.9152591445562073,5.252368280654269,cough,UIQO3w4-XEI_90_000-100_000.wav
5.252368280654269,5.898785280224856,etc,UIQO3w4-XEI_90_000-100_000.wav
5.898785280224856,9.015754921989876,cough,UIQO3w4-XEI_90_000-100_000.wav
9.015754921989876,10.0,etc,UIQO3w4-XEI_90_000-100_000.wav
0.0,1.7634834896135363,throat-clearing,ujvutchAWUo_80_000-90_000.wav
1.7634834896135363,2.418754030697889,etc,ujvutchAWUo_80_000-90_000.wav
2.418754030697889,3.3928048350124667,throat-clearing,ujvutchAWUo_80_000-90_000.wav
3.3928048350124667,9.99997732426304,speech,ujvutchAWUo_80_000-90_000.wav
0.0,3.711593514554516,speech,Upak5y2L3dc_240_000-250_000.wav
3.711593514554516,5.748249814571431,etc,Upak5y2L3dc_240_000-250_000.wav
5.748249814571431,6.855128238493669,cough,Upak5y2L3dc_240_000-250_000.wav
6.855128238493669,7.678645785891812,etc,Upak5y2L3dc_240_000-250_000.wav
7.678645785891812,10.0,cough,Upak5y2L3dc_240_000-250_000.wav
0.0,2.7377205211731144,etc,UPNlRqqgQvY_0_000-10_000.wav
2.7377205211731144,5.28813611326585,cough,UPNlRqqgQvY_0_000-10_000.wav
5.28813611326585,9.35286096316365,speech,UPNlRqqgQvY_0_000-10_000.wav
9.35286096316365,10.000657596371882,cough,UPNlRqqgQvY_0_000-10_000.wav
0.0,4.7830518289112405,cough,uTOrHGJQfqQ_30_000-40_000.wav
4.7830518289112405,6.120160965009303,gasp,uTOrHGJQfqQ_30_000-40_000.wav
6.120160965009303,8.174527319808975,cough,uTOrHGJQfqQ_30_000-40_000.wav
8.174527319808975,10.0,etc,uTOrHGJQfqQ_30_000-40_000.wav
0.0,2.148725808390432,silence,Uu8lA_-TelE_20_000-30_000.wav
2.148725808390432,3.932705682345062,etc,Uu8lA_-TelE_20_000-30_000.wav
3.932705682345062,10.0,silence,Uu8lA_-TelE_20_000-30_000.wav
0.0,0.8514177364826138,cough,uuKQshLRnvk_50_000-60_000.wav
0.8514177364826138,5.367471465577474,etc,uuKQshLRnvk_50_000-60_000.wav
5.367471465577474,9.99997732426304,speech,uuKQshLRnvk_50_000-60_000.wav
0.0,0.5400503151134237,silence,uwtac6bED4U_120_000-130_000.wav
0.5400503151134237,1.4578203080727423,sneeze,uwtac6bED4U_120_000-130_000.wav
1.4578203080727423,10.0,etc,uwtac6bED4U_120_000-130_000.wav
0.0,1.8874535919808464,speech,UxqKt8T55U0_70_000-80_000.wav
1.8874535919808464,9.31680472670749,etc,UxqKt8T55U0_70_000-80_000.wav
9.31680472670749,9.99997732426304,cough,UxqKt8T55U0_70_000-80_000.wav
0.0,2.2930941218896503,etc,uXYbMsRDldg_10_000-20_000.wav
2.2930941218896503,3.674905122525029,cough,uXYbMsRDldg_10_000-20_000.wav
3.674905122525029,4.128634107808288,sniffle,uXYbMsRDldg_10_000-20_000.wav
4.128634107808288,5.603253309978878,speech,uXYbMsRDldg_10_000-20_000.wav
5.603253309978878,5.9951101609053286,cough,uXYbMsRDldg_10_000-20_000.wav
5.9951101609053286,10.0,etc,uXYbMsRDldg_10_000-20_000.wav
0.0,1.8520377623651576,etc,UyMap8jaVkc_30_000-40_000.wav
1.8520377623651576,3.4990728571614462,cough,UyMap8jaVkc_30_000-40_000.wav
3.4990728571614462,4.579386198909549,etc,UyMap8jaVkc_30_000-40_000.wav
4.579386198909549,5.889930252833477,cough,UyMap8jaVkc_30_000-40_000.wav
5.889930252833477,7.05879386849536,etc,UyMap8jaVkc_30_000-40_000.wav
7.05879386849536,9.59133170242944,cough,UyMap8jaVkc_30_000-40_000.wav
9.59133170242944,10.0,etc,UyMap8jaVkc_30_000-40_000.wav
0.0,6.137871019792059,etc,uY_7LOFgLms_30_000-40_000.wav
6.137871019792059,7.466125128498743,cough,uY_7LOFgLms_30_000-40_000.wav
7.466125128498743,10.0,etc,uY_7LOFgLms_30_000-40_000.wav
0.0,10.0,etc,uz09iSxHiPk_50_000-60_000.wav
0.0,4.831183412936676,etc,UZa8hjP92GM.wav
4.831183412936676,5.9871889998334975,speech,UZa8hjP92GM.wav
5.9871889998334975,7.788407007323896,cough,UZa8hjP92GM.wav
7.788407007323896,10.705304825424015,etc,UZa8hjP92GM.wav
10.705304825424015,12.25112624976279,cough,UZa8hjP92GM.wav
12.25112624976279,13.151735253507988,etc,UZa8hjP92GM.wav
13.151735253507988,15.383094874727435,speech,UZa8hjP92GM.wav
15.383094874727435,22.991224667560008,etc,UZa8hjP92GM.wav
22.991224667560008,25.410771244785916,cough,UZa8hjP92GM.wav
25.410771244785916,35.36395917144662,etc,UZa8hjP92GM.wav
35.36395917144662,48.08002062731167,speech,UZa8hjP92GM.wav
48.08002062731167,48.752116898763305,etc,UZa8hjP92GM.wav
48.752116898763305,49.236026214208486,cough,UZa8hjP92GM.wav
49.236026214208486,51.6152470151473,etc,UZa8hjP92GM.wav
51.6152470151473,52.85190415461832,speech,UZa8hjP92GM.wav
52.85190415461832,54.31782822256713,cough,UZa8hjP92GM.wav
54.31782822256713,66.41556110869665,speech,UZa8hjP92GM.wav
66.41556110869665,69.18459774707742,etc,UZa8hjP92GM.wav
69.18459774707742,73.39192040636469,speech,UZa8hjP92GM.wav
73.39192040636469,77.83328798185941,cough,UZa8hjP92GM.wav
0.0,0.8956948040963447,cough,uzTkFQ360mE_30_000-40_000.wav
0.8956948040963447,10.0,etc,uzTkFQ360mE_30_000-40_000.wav
0.0,1.5609405320007557,etc,u_rSaTA7684_270_000-280_000.wav
1.5609405320007557,2.189973897961637,silence,u_rSaTA7684_270_000-280_000.wav
2.189973897961637,3.850209503202652,etc,u_rSaTA7684_270_000-280_000.wav
3.850209503202652,4.30393848848591,sniffle,u_rSaTA7684_270_000-280_000.wav
4.30393848848591,6.593207459687806,etc,u_rSaTA7684_270_000-280_000.wav
6.593207459687806,7.572849587003932,cough,u_rSaTA7684_270_000-280_000.wav
7.572849587003932,8.129698796215205,gasp,u_rSaTA7684_270_000-280_000.wav
8.129698796215205,8.851540363711297,cough,u_rSaTA7684_270_000-280_000.wav
8.851540363711297,10.0,silence,u_rSaTA7684_270_000-280_000.wav
0.0,2.055708053825789,etc,V0aTH2dvnhU_110_000-120_000.wav
2.055708053825789,3.4548055542129927,cough,V0aTH2dvnhU_110_000-120_000.wav
3.4548055542129927,4.154354304406595,etc,V0aTH2dvnhU_110_000-120_000.wav
4.154354304406595,6.005059225804858,cough,V0aTH2dvnhU_110_000-120_000.wav
6.005059225804858,10.00002267573696,etc,V0aTH2dvnhU_110_000-120_000.wav
0.0,4.6029871378771485,etc,V4ieLWRqO60_10_000-20_000.wav
4.6029871378771485,5.757933645870898,speech,V4ieLWRqO60_10_000-20_000.wav
5.757933645870898,10.0,etc,V4ieLWRqO60_10_000-20_000.wav
0.0,2.020283282801337,etc,V5jE5QHBhmY_20_000-30_000.wav
2.020283282801337,3.180291871071842,cough,V5jE5QHBhmY_20_000-30_000.wav
3.180291871071842,3.86212898020794,etc,V5jE5QHBhmY_20_000-30_000.wav
3.86212898020794,4.526256034561282,cough,V5jE5QHBhmY_20_000-30_000.wav
4.526256034561282,10.0,speech,V5jE5QHBhmY_20_000-30_000.wav
0.0,10.0,etc,V9OobFlnHIA_20_000-30_000.wav
0.0,1.1879107080118154,etc,VAQeoyf2C9s_90_000-100_000.wav
1.1879107080118154,2.2947891319340523,speech,VAQeoyf2C9s_90_000-100_000.wav
2.2947891319340523,3.4813628023786904,cough,VAQeoyf2C9s_90_000-100_000.wav
3.4813628023786904,4.995572486304311,speech,VAQeoyf2C9s_90_000-100_000.wav
4.995572486304311,6.120160965009303,throat-clearing,VAQeoyf2C9s_90_000-100_000.wav
6.120160965009303,7.82032622415386,speech,VAQeoyf2C9s_90_000-100_000.wav
7.82032622415386,8.714683990683026,throat-clearing,VAQeoyf2C9s_90_000-100_000.wav
8.714683990683026,10.0,cough,VAQeoyf2C9s_90_000-100_000.wav
0.0,12.278010100620856,etc,VdaTqi6O4d0.wav
12.278010100620856,16.83482282106298,cough,VdaTqi6O4d0.wav
16.83482282106298,18.098363811392066,breathe,VdaTqi6O4d0.wav
18.098363811392066,24.89997807848267,cough,VdaTqi6O4d0.wav
24.89997807848267,26.04254173995045,breathe,VdaTqi6O4d0.wav
26.04254173995045,27.34640850656664,cough,VdaTqi6O4d0.wav
27.34640850656664,32.60081632653061,etc,VdaTqi6O4d0.wav
0.0,1.1533560090702948,speech,VfjVJy3z1LU_60_000-70_000.wav
1.1533560090702948,3.1489848399207765,silence,VfjVJy3z1LU_60_000-70_000.wav
3.1489848399207765,3.839888773559327,speech,VfjVJy3z1LU_60_000-70_000.wav
3.839888773559327,9.078384270400871,etc,VfjVJy3z1LU_60_000-70_000.wav
9.078384270400871,9.99997732426304,sneeze,VfjVJy3z1LU_60_000-70_000.wav
0.0,1.2102741357992892,silence,VFOo96mZMQU_20_000-30_000.wav
1.2102741357992892,2.354854114996161,sneeze,VFOo96mZMQU_20_000-30_000.wav
2.354854114996161,3.63348400166654,silence,VFOo96mZMQU_20_000-30_000.wav
3.63348400166654,4.674948667422252,sneeze,VFOo96mZMQU_20_000-30_000.wav
4.674948667422252,6.448532058610197,silence,VFOo96mZMQU_20_000-30_000.wav
6.448532058610197,7.675604288559996,sneeze,VFOo96mZMQU_20_000-30_000.wav
7.675604288559996,9.294514709586204,etc,VFOo96mZMQU_20_000-30_000.wav
9.294514709586204,9.99952380952381,sneeze,VFOo96mZMQU_20_000-30_000.wav
0.0,1.725932890285577,etc,vGReKpeMAtA_10_000-20_000.wav
1.725932890285577,2.4787105249600745,sneeze,vGReKpeMAtA_10_000-20_000.wav
2.4787105249600745,9.19183710267374,etc,vGReKpeMAtA_10_000-20_000.wav
9.19183710267374,10.0,sniffle,vGReKpeMAtA_10_000-20_000.wav
0.0,1.994937147410752,speech,VGUn3tueVLE.wav
1.994937147410752,2.304101432278507,cough,VGUn3tueVLE.wav
2.304101432278507,7.990035888759388,speech,VGUn3tueVLE.wav
7.990035888759388,9.028831848511045,cough,VGUn3tueVLE.wav
9.028831848511045,9.508973462240096,speech,VGUn3tueVLE.wav
9.508973462240096,11.52526227659502,cough,VGUn3tueVLE.wav
11.52526227659502,12.802245192353135,speech,VGUn3tueVLE.wav
12.802245192353135,13.44745761294671,etc,VGUn3tueVLE.wav
13.44745761294671,14.536253572698367,cough,VGUn3tueVLE.wav
14.536253572698367,14.83197593213709,etc,VGUn3tueVLE.wav
14.83197593213709,15.987981519033912,cough,VGUn3tueVLE.wav
15.987981519033912,16.79449704477588,speech,VGUn3tueVLE.wav
16.79449704477588,17.399383689082356,cough,VGUn3tueVLE.wav
17.399383689082356,19.61730138487277,etc,VGUn3tueVLE.wav
19.61730138487277,20.18186225289215,speech,VGUn3tueVLE.wav
20.18186225289215,21.10935510749541,cough,VGUn3tueVLE.wav
21.10935510749541,23.569227461008417,speech,VGUn3tueVLE.wav
23.569227461008417,24.63113956990201,cough,VGUn3tueVLE.wav
24.63113956990201,26.52645105539564,speech,VGUn3tueVLE.wav
26.52645105539564,28.3545529137441,cough,VGUn3tueVLE.wav
28.3545529137441,32.90408681793362,speech,VGUn3tueVLE.wav
32.90408681793362,34.181069733691736,cough,VGUn3tueVLE.wav
34.181069733691736,35.70000730717244,etc,VGUn3tueVLE.wav
35.70000730717244,36.9501063720725,speech,VGUn3tueVLE.wav
36.9501063720725,38.28085698954674,cough,VGUn3tueVLE.wav
38.28085698954674,40.001423444462944,etc,VGUn3tueVLE.wav
40.001423444462944,41.39938368908236,cough,VGUn3tueVLE.wav
41.39938368908236,41.66822219766301,etc,VGUn3tueVLE.wav
41.66822219766301,43.33502095086308,cough,VGUn3tueVLE.wav
43.33502095086308,43.85925604259536,etc,VGUn3tueVLE.wav
43.85925604259536,45.13623895835348,cough,VGUn3tueVLE.wav
45.13623895835348,47.78429826787294,speech,VGUn3tueVLE.wav
47.78429826787294,48.57737186818588,cough,VGUn3tueVLE.wav
48.57737186818588,49.10160695991816,speech,VGUn3tueVLE.wav
49.10160695991816,50.13663521795369,cough,VGUn3tueVLE.wav
50.13663521795369,52.3545529137441,speech,VGUn3tueVLE.wav
52.3545529137441,57.925673150540106,cough,VGUn3tueVLE.wav
57.925673150540106,58.42302439141432,etc,VGUn3tueVLE.wav
58.42302439141432,61.38024798580154,cough,VGUn3tueVLE.wav
61.38024798580154,63.92077189188874,speech,VGUn3tueVLE.wav
63.92077189188874,66.90487933713402,cough,VGUn3tueVLE.wav
66.90487933713402,67.81893026630826,etc,VGUn3tueVLE.wav
67.81893026630826,69.29754206350187,cough,VGUn3tueVLE.wav
69.29754206350187,69.80833522980511,speech,VGUn3tueVLE.wav
69.80833522980511,73.70649360422463,cough,VGUn3tueVLE.wav
73.70649360422463,75.03724422169888,speech,VGUn3tueVLE.wav
75.03724422169888,75.73622434400859,cough,VGUn3tueVLE.wav
75.73622434400859,76.12604018145053,speech,VGUn3tueVLE.wav
76.12604018145053,80.17822284476584,cough,VGUn3tueVLE.wav
80.17822284476584,81.81813774710784,speech,VGUn3tueVLE.wav
81.81813774710784,84.26456817519181,cough,VGUn3tueVLE.wav
84.26456817519181,85.21894488065314,speech,VGUn3tueVLE.wav
85.21894488065314,87.70570108502422,cough,VGUn3tueVLE.wav
87.70570108502422,88.20305232589843,speech,VGUn3tueVLE.wav
88.20305232589843,94.10405758924384,cough,VGUn3tueVLE.wav
94.10405758924384,94.44010572496964,speech,VGUn3tueVLE.wav
94.44010572496964,96.22788180703104,cough,VGUn3tueVLE.wav
96.22788180703104,97.43765509564398,speech,VGUn3tueVLE.wav
97.43765509564398,98.82217341483435,cough,VGUn3tueVLE.wav
98.82217341483435,99.40017620828276,speech,VGUn3tueVLE.wav
99.40017620828276,100.0722724797344,cough,VGUn3tueVLE.wav
100.0722724797344,100.82502030376024,etc,VGUn3tueVLE.wav
100.82502030376024,102.83403030186255,cough,VGUn3tueVLE.wav
102.83403030186255,103.55989427503032,speech,VGUn3tueVLE.wav
103.55989427503032,104.27231632276909,cough,VGUn3tueVLE.wav
104.27231632276909,104.4067355770594,speech,VGUn3tueVLE.wav
104.4067355770594,104.83687719078844,cough,VGUn3tueVLE.wav
104.83687719078844,105.49553153681106,speech,VGUn3tueVLE.wav
105.49553153681106,107.91507811403696,cough,VGUn3tueVLE.wav
107.91507811403696,108.73503556520797,speech,VGUn3tueVLE.wav
108.73503556520797,109.12485140264992,cough,VGUn3tueVLE.wav
109.12485140264992,109.50122531466285,speech,VGUn3tueVLE.wav
109.50122531466285,119.04499236927612,cough,VGUn3tueVLE.wav
119.04499236927612,123.13133769970212,speech,VGUn3tueVLE.wav
123.13133769970212,124.54890297892698,etc,VGUn3tueVLE.wav
124.54890297892698,125.24788310123668,speech,VGUn3tueVLE.wav
125.24788310123668,125.83932782011414,cough,VGUn3tueVLE.wav
125.83932782011414,126.30979521013028,speech,VGUn3tueVLE.wav
126.30979521013028,127.5867781258884,cough,VGUn3tueVLE.wav
127.5867781258884,128.2857582481981,speech,VGUn3tueVLE.wav
128.2857582481981,133.55499301637897,cough,VGUn3tueVLE.wav
133.55499301637897,134.03890233182415,etc,VGUn3tueVLE.wav
134.03890233182415,135.2890013967242,speech,VGUn3tueVLE.wav
135.2890013967242,137.11710325507266,cough,VGUn3tueVLE.wav
137.11710325507266,137.3724998382243,speech,VGUn3tueVLE.wav
137.3724998382243,138.51506349969208,cough,VGUn3tueVLE.wav
138.51506349969208,139.1871597711437,speech,VGUn3tueVLE.wav
139.1871597711437,139.72483678830503,cough,VGUn3tueVLE.wav
139.72483678830503,140.84051659891475,speech,VGUn3tueVLE.wav
140.84051659891475,143.48857590843423,cough,VGUn3tueVLE.wav
143.48857590843423,143.811182118731,speech,VGUn3tueVLE.wav
143.811182118731,151.8825004853271,cough,VGUn3tueVLE.wav
151.8825004853271,153.065389923082,speech,VGUn3tueVLE.wav
153.065389923082,154.31548898798206,cough,VGUn3tueVLE.wav
154.31548898798206,154.62465327284983,speech,VGUn3tueVLE.wav
154.62465327284983,155.2833076188724,cough,VGUn3tueVLE.wav
155.2833076188724,155.5414520260497,speech,VGUn3tueVLE.wav
155.5414520260497,156.27801010062086,cough,VGUn3tueVLE.wav
156.27801010062086,157.20550295522412,speech,VGUn3tueVLE.wav
157.20550295522412,157.71629612152736,cough,VGUn3tueVLE.wav
157.71629612152736,159.88044611560164,speech,VGUn3tueVLE.wav
159.88044611560164,161.6278964213759,cough,VGUn3tueVLE.wav
161.6278964213759,161.85640915366946,speech,VGUn3tueVLE.wav
161.85640915366946,162.34031846911464,cough,VGUn3tueVLE.wav
162.34031846911464,162.90487933713402,speech,VGUn3tueVLE.wav
162.90487933713402,163.84581411716633,cough,VGUn3tueVLE.wav
163.84581411716633,164.50446846318894,speech,VGUn3tueVLE.wav
164.50446846318894,164.88084237520184,cough,VGUn3tueVLE.wav
164.88084237520184,165.53949672122445,etc,VGUn3tueVLE.wav
165.53949672122445,166.37289609782448,cough,VGUn3tueVLE.wav
166.37289609782448,167.811182118731,speech,VGUn3tueVLE.wav
167.811182118731,168.64458149533104,cough,VGUn3tueVLE.wav
168.64458149533104,169.26291006506654,speech,VGUn3tueVLE.wav
169.26291006506654,171.27919887942147,cough,VGUn3tueVLE.wav
171.27919887942147,171.80343397115374,speech,VGUn3tueVLE.wav
171.80343397115374,172.50241409346344,cough,VGUn3tueVLE.wav
172.50241409346344,173.26132502666576,speech,VGUn3tueVLE.wav
173.26132502666576,175.88250048532714,cough,VGUn3tueVLE.wav
175.88250048532714,177.02506414679493,speech,VGUn3tueVLE.wav
177.02506414679493,177.5089734622401,etc,VGUn3tueVLE.wav
177.5089734622401,177.77781197082078,speech,VGUn3tueVLE.wav
177.77781197082078,178.6515371237079,cough,VGUn3tueVLE.wav
178.6515371237079,179.1757722154402,throat-clearing,VGUn3tueVLE.wav
179.1757722154402,179.80754271060474,etc,VGUn3tueVLE.wav
179.80754271060474,180.4124293549112,cough,VGUn3tueVLE.wav
180.4124293549112,181.04419985007576,speech,VGUn3tueVLE.wav
181.04419985007576,182.22708928783064,cough,VGUn3tueVLE.wav
182.22708928783064,183.6519333833081,etc,VGUn3tueVLE.wav
183.6519333833081,185.03645170249848,cough,VGUn3tueVLE.wav
185.03645170249848,186.461295797976,speech,VGUn3tueVLE.wav
186.461295797976,188.08776877488893,cough,VGUn3tueVLE.wav
188.08776877488893,189.7234060366696,etc,VGUn3tueVLE.wav
189.7234060366696,191.78429826787297,cough,VGUn3tueVLE.wav
191.78429826787297,192.68490727161816,speech,VGUn3tueVLE.wav
192.68490727161816,203.6596815308853,cough,VGUn3tueVLE.wav
203.6596815308853,204.68126786349185,speech,VGUn3tueVLE.wav
204.68126786349185,205.54155109094992,cough,VGUn3tueVLE.wav
205.54155109094992,206.13299580982735,speech,VGUn3tueVLE.wav
206.13299580982735,208.5256585361952,cough,VGUn3tueVLE.wav
208.5256585361952,208.99612592621136,speech,VGUn3tueVLE.wav
208.99612592621136,209.60101257051784,cough,VGUn3tueVLE.wav
209.60101257051784,210.6494827539824,speech,VGUn3tueVLE.wav
210.6494827539824,225.7800498560012,cough,VGUn3tueVLE.wav
225.7800498560012,226.678420974566,speech,VGUn3tueVLE.wav
226.678420974566,227.64623960545637,cough,VGUn3tueVLE.wav
227.64623960545637,228.0494973683273,speech,VGUn3tueVLE.wav
228.0494973683273,231.5309560544468,cough,VGUn3tueVLE.wav
231.5309560544468,231.82667841388556,speech,VGUn3tueVLE.wav
231.82667841388556,232.92891629906623,cough,VGUn3tueVLE.wav
232.92891629906623,233.3859417636533,speech,VGUn3tueVLE.wav
233.3859417636533,235.2140436220018,cough,VGUn3tueVLE.wav
235.2140436220018,235.91302374431152,speech,VGUn3tueVLE.wav
235.91302374431152,237.754567528089,cough,VGUn3tueVLE.wav
237.754567528089,238.97778274213096,speech,VGUn3tueVLE.wav
238.97778274213096,239.74397249158585,cough,VGUn3tueVLE.wav
239.74397249158585,240.0128110001665,speech,VGUn3tueVLE.wav
240.0128110001665,242.48612527910856,cough,VGUn3tueVLE.wav
242.48612527910856,242.72807993683116,speech,VGUn3tueVLE.wav
242.72807993683116,243.25231502856343,cough,VGUn3tueVLE.wav
243.25231502856343,243.6824566422925,speech,VGUn3tueVLE.wav
243.6824566422925,248.3529678753433,cough,VGUn3tueVLE.wav
248.3529678753433,248.98473837050784,speech,VGUn3tueVLE.wav
248.98473837050784,249.48208961138204,cough,VGUn3tueVLE.wav
249.48208961138204,250.75907252714015,speech,VGUn3tueVLE.wav
250.75907252714015,258.6786044900209,cough,VGUn3tueVLE.wav
258.6786044900209,260.1818622528922,speech,VGUn3tueVLE.wav
260.1818622528922,260.8539585243438,cough,VGUn3tueVLE.wav
260.8539585243438,261.5394967212245,speech,VGUn3tueVLE.wav
261.5394967212245,262.02340603666966,cough,VGUn3tueVLE.wav
262.02340603666966,262.54764112840195,speech,VGUn3tueVLE.wav
262.54764112840195,264.06657870188263,cough,VGUn3tueVLE.wav
264.06657870188263,265.00751348191494,etc,VGUn3tueVLE.wav
265.00751348191494,266.1097513670956,cough,VGUn3tueVLE.wav
266.1097513670956,266.68775416054405,throat-clearing,VGUn3tueVLE.wav
266.68775416054405,267.21198925227634,cough,VGUn3tueVLE.wav
267.21198925227634,269.2551619174893,speech,VGUn3tueVLE.wav
269.2551619174893,270.01407285069155,cough,VGUn3tueVLE.wav
270.01407285069155,270.57863371871093,speech,VGUn3tueVLE.wav
270.57863371871093,270.8474722272916,cough,VGUn3tueVLE.wav
270.8474722272916,271.1700784375884,speech,VGUn3tueVLE.wav
271.1700784375884,275.0010271848627,cough,VGUn3tueVLE.wav
275.0010271848627,275.3370753205885,speech,VGUn3tueVLE.wav
275.3370753205885,276.11670699547244,cough,VGUn3tueVLE.wav
276.11670699547244,276.3855455040531,speech,VGUn3tueVLE.wav
276.3855455040531,287.3138308778568,cough,VGUn3tueVLE.wav
287.3138308778568,288.69834919704715,speech,VGUn3tueVLE.wav
288.69834919704715,289.39732931935686,etc,VGUn3tueVLE.wav
289.39732931935686,289.7333774550827,cough,VGUn3tueVLE.wav
289.7333774550827,290.4726833536795,speech,VGUn3tueVLE.wav
290.4726833536795,290.7146380114021,cough,VGUn3tueVLE.wav
290.7146380114021,291.29264080485046,speech,VGUn3tueVLE.wav
291.29264080485046,293.1941153995205,cough,VGUn3tueVLE.wav
293.1941153995205,294.1619340304109,speech,VGUn3tueVLE.wav
294.1619340304109,298.07353433025946,cough,VGUn3tueVLE.wav
298.07353433025946,298.4499082422724,speech,VGUn3tueVLE.wav
298.4499082422724,305.26771225881765,cough,VGUn3tueVLE.wav
305.26771225881765,306.21934114025333,speech,VGUn3tueVLE.wav
306.21934114025333,311.28155044384715,cough,VGUn3tueVLE.wav
311.28155044384715,311.7305305661568,speech,VGUn3tueVLE.wav
311.7305305661568,315.3001762082827,cough,VGUn3tueVLE.wav
315.3001762082827,315.910969374586,speech,VGUn3tueVLE.wav
315.910969374586,321.34767035709166,cough,VGUn3tueVLE.wav
321.34767035709166,321.67027656738844,speech,VGUn3tueVLE.wav
321.67027656738844,325.2592706569402,cough,VGUn3tueVLE.wav
325.2592706569402,325.75662189781445,speech,VGUn3tueVLE.wav
325.75662189781445,331.9802333714566,cough,VGUn3tueVLE.wav
331.9802333714566,333.21689051092767,speech,VGUn3tueVLE.wav
333.21689051092767,334.2653606943922,cough,VGUn3tueVLE.wav
334.2653606943922,335.26006317614065,speech,VGUn3tueVLE.wav
335.26006317614065,336.0665787018826,cough,VGUn3tueVLE.wav
336.0665787018826,336.7521168987633,speech,VGUn3tueVLE.wav
336.7521168987633,337.50486472278914,cough,VGUn3tueVLE.wav
337.50486472278914,338.21728677052783,speech,VGUn3tueVLE.wav
338.21728677052783,339.77655012029567,cough,VGUn3tueVLE.wav
339.77655012029567,340.7505318603625,speech,VGUn3tueVLE.wav
340.7505318603625,341.10002192151734,cough,VGUn3tueVLE.wav
341.10002192151734,341.6376989386787,speech,VGUn3tueVLE.wav
341.6376989386787,341.97374707440446,cough,VGUn3tueVLE.wav
341.97374707440446,342.8743560781497,speech,VGUn3tueVLE.wav
342.8743560781497,343.18352036301746,cough,VGUn3tueVLE.wav
343.18352036301746,344.4067355770594,speech,VGUn3tueVLE.wav
344.4067355770594,345.0116222213659,cough,VGUn3tueVLE.wav
345.0116222213659,346.06009240483047,speech,VGUn3tueVLE.wav
346.06009240483047,352.821380895634,cough,VGUn3tueVLE.wav
352.821380895634,353.8160833773824,speech,VGUn3tueVLE.wav
353.8160833773824,356.517910388618,cough,VGUn3tueVLE.wav
356.517910388618,357.76800945351806,etc,VGUn3tueVLE.wav
357.76800945351806,363.06412807255697,cough,VGUn3tueVLE.wav
363.06412807255697,363.7631081948667,speech,VGUn3tueVLE.wav
363.7631081948667,369.2266930282304,cough,VGUn3tueVLE.wav
369.2266930282304,370.1004181811176,speech,VGUn3tueVLE.wav
370.1004181811176,372.64094208720473,cough,VGUn3tueVLE.wav
372.64094208720473,373.554993016379,speech,VGUn3tueVLE.wav
373.554993016379,374.93951133556936,cough,VGUn3tueVLE.wav
374.93951133556936,376.04174922075,speech,VGUn3tueVLE.wav
376.04174922075,377.2111967330759,cough,VGUn3tueVLE.wav
377.2111967330759,378.9720889642792,speech,VGUn3tueVLE.wav
378.9720889642792,379.6441852357309,etc,VGUn3tueVLE.wav
379.6441852357309,383.07187622013424,cough,VGUn3tueVLE.wav
383.07187622013424,385.86779670937307,speech,VGUn3tueVLE.wav
385.86779670937307,386.7146380114021,cough,VGUn3tueVLE.wav
386.7146380114021,387.0238022962699,speech,VGUn3tueVLE.wav
387.0238022962699,389.78556011839805,cough,VGUn3tueVLE.wav
389.78556011839805,392.63524830935296,speech,VGUn3tueVLE.wav
392.63524830935296,400.2848228210629,cough,VGUn3tueVLE.wav
400.2848228210629,400.821380895634,speech,VGUn3tueVLE.wav
400.821380895634,402.5285054251211,cough,VGUn3tueVLE.wav
402.5285054251211,402.83766970998886,speech,VGUn3tueVLE.wav
402.83766970998886,405.9024287078084,cough,VGUn3tueVLE.wav
405.9024287078084,406.76271193526645,speech,VGUn3tueVLE.wav
406.76271193526645,413.73179241668186,cough,VGUn3tueVLE.wav
413.73179241668186,414.2425855829851,speech,VGUn3tueVLE.wav
414.2425855829851,416.4605032787755,cough,VGUn3tueVLE.wav
416.4605032787755,417.0250641467949,speech,VGUn3tueVLE.wav
417.0250641467949,417.7509281199627,cough,VGUn3tueVLE.wav
417.7509281199627,419.8344265614628,speech,VGUn3tueVLE.wav
419.8344265614628,422.66048866443055,cough,VGUn3tueVLE.wav
422.66048866443055,425.0498936279275,speech,VGUn3tueVLE.wav
425.0498936279275,426.71669238112753,cough,VGUn3tueVLE.wav
426.71669238112753,428.2625138054663,speech,VGUn3tueVLE.wav
428.2625138054663,431.0718762201342,cough,VGUn3tueVLE.wav
431.0718762201342,431.5423436101504,speech,VGUn3tueVLE.wav
431.5423436101504,432.2950914341762,cough,VGUn3tueVLE.wav
432.2950914341762,432.69107038079454,speech,VGUn3tueVLE.wav
432.69107038079454,433.2018635470978,cough,VGUn3tueVLE.wav
433.2018635470978,439.38514924445286,speech,VGUn3tueVLE.wav
439.38514924445286,447.3562110238693,cough,VGUn3tueVLE.wav
447.3562110238693,449.9236187808146,speech,VGUn3tueVLE.wav
449.9236187808146,450.5419473505501,cough,VGUn3tueVLE.wav
450.5419473505501,450.9586470388501,speech,VGUn3tueVLE.wav
450.9586470388501,453.378193616076,cough,VGUn3tueVLE.wav
453.378193616076,453.8352190806632,speech,VGUn3tueVLE.wav
453.8352190806632,455.2600631761407,cough,VGUn3tueVLE.wav
455.2600631761407,455.64987901358256,speech,VGUn3tueVLE.wav
455.64987901358256,456.9870460918988,cough,VGUn3tueVLE.wav
456.9870460918988,457.63928397707946,speech,VGUn3tueVLE.wav
457.63928397707946,459.71550360232686,cough,VGUn3tueVLE.wav
459.71550360232686,461.3823023555269,speech,VGUn3tueVLE.wav
461.3823023555269,474.0042703333888,cough,VGUn3tueVLE.wav
474.0042703333888,475.1737178457146,speech,VGUn3tueVLE.wav
475.1737178457146,475.4963240560114,cough,VGUn3tueVLE.wav
475.4963240560114,475.7920464154501,speech,VGUn3tueVLE.wav
475.7920464154501,476.4103749851856,cough,VGUn3tueVLE.wav
476.4103749851856,477.4319613177921,speech,VGUn3tueVLE.wav
477.4319613177921,479.64987901358256,cough,VGUn3tueVLE.wav
479.64987901358256,479.9187175221632,speech,VGUn3tueVLE.wav
479.9187175221632,483.3732923574247,cough,VGUn3tueVLE.wav
483.3732923574247,484.71020608407537,speech,VGUn3tueVLE.wav
484.71020608407537,487.1028688104432,cough,VGUn3tueVLE.wav
487.1028688104432,488.75622563821423,speech,VGUn3tueVLE.wav
488.75622563821423,490.9607014085756,cough,VGUn3tueVLE.wav
490.9607014085756,495.2352336950081,speech,VGUn3tueVLE.wav
495.2352336950081,496.2971458039016,etc,VGUn3tueVLE.wav
496.2971458039016,496.848264746492,cough,VGUn3tueVLE.wav
496.848264746492,497.7219898993792,speech,VGUn3tueVLE.wav
497.7219898993792,498.2327830656824,cough,VGUn3tueVLE.wav
498.2327830656824,501.4319613177922,speech,VGUn3tueVLE.wav
501.4319613177922,507.40017620828274,cough,VGUn3tueVLE.wav
507.40017620828274,508.2873432865989,speech,VGUn3tueVLE.wav
508.2873432865989,511.3179396173077,cough,VGUn3tueVLE.wav
511.3179396173077,512.0034778141884,speech,VGUn3tueVLE.wav
512.0034778141884,514.5440017202756,cough,VGUn3tueVLE.wav
514.5440017202756,515.3505172460175,speech,VGUn3tueVLE.wav
515.3505172460175,516.372103578624,cough,VGUn3tueVLE.wav
516.372103578624,516.9769902229305,speech,VGUn3tueVLE.wav
516.9769902229305,518.9126274847112,cough,VGUn3tueVLE.wav
518.9126274847112,519.7057010850241,speech,VGUn3tueVLE.wav
519.7057010850241,522.7435762319856,cough,VGUn3tueVLE.wav
522.7435762319856,523.7920464154502,speech,VGUn3tueVLE.wav
523.7920464154502,527.6364370881535,cough,VGUn3tueVLE.wav
527.6364370881535,528.268207583318,speech,VGUn3tueVLE.wav
528.268207583318,528.9134200039116,cough,VGUn3tueVLE.wav
528.9134200039116,531.1375008088785,speech,VGUn3tueVLE.wav
531.1375008088785,532.1725290669141,cough,VGUn3tueVLE.wav
532.1725290669141,533.8930955218302,speech,VGUn3tueVLE.wav
533.8930955218302,538.302047062553,cough,VGUn3tueVLE.wav
538.302047062553,539.7403330834595,speech,VGUn3tueVLE.wav
539.7403330834595,543.4503045018726,cough,VGUn3tueVLE.wav
543.4503045018726,550.99122466756,speech,VGUn3tueVLE.wav
550.99122466756,554.2172867705278,etc,VGUn3tueVLE.wav
554.2172867705278,555.7827132294722,speech,VGUn3tueVLE.wav
555.7827132294722,590.1815873015873,cough,VGUn3tueVLE.wav
0.0,1.169083681074305,speech,vh2uDw5F0mQ_20_000-30_000.wav
1.169083681074305,1.973421427712809,etc,vh2uDw5F0mQ_20_000-30_000.wav
1.973421427712809,4.623611182662752,speech,vh2uDw5F0mQ_20_000-30_000.wav
4.623611182662752,5.087652190338812,etc,vh2uDw5F0mQ_20_000-30_000.wav
5.087652190338812,9.346517438565762,speech,vh2uDw5F0mQ_20_000-30_000.wav
9.346517438565762,10.0,sneeze,vh2uDw5F0mQ_20_000-30_000.wav
0.0,2.321354214108186,speech,VHVH2byCxRE_530_000-540_000.wav
2.321354214108186,4.437705760647503,cough,VHVH2byCxRE_530_000-540_000.wav
4.437705760647503,5.261223308045647,etc,VHVH2byCxRE_530_000-540_000.wav
5.261223308045647,6.527492225012686,cough,VHVH2byCxRE_530_000-540_000.wav
6.527492225012686,10.0,etc,VHVH2byCxRE_530_000-540_000.wav
0.0,10.337828078439538,etc,vIBtwK5mH5Q.wav
10.337828078439538,13.499072857161446,cough,vIBtwK5mH5Q.wav
13.499072857161446,34.211924941915306,etc,vIBtwK5mH5Q.wav
34.211924941915306,34.982312324965186,cough,vIBtwK5mH5Q.wav
34.982312324965186,55.70405938848251,etc,vIBtwK5mH5Q.wav
55.70405938848251,56.979183332840925,cough,vIBtwK5mH5Q.wav
56.979183332840925,68.28638995491411,etc,vIBtwK5mH5Q.wav
68.28638995491411,69.48181865275014,cough,vIBtwK5mH5Q.wav
69.48181865275014,79.18375587899769,etc,vIBtwK5mH5Q.wav
79.18375587899769,82.1059149181524,speech,vIBtwK5mH5Q.wav
82.1059149181524,91.58013087021035,etc,vIBtwK5mH5Q.wav
91.58013087021035,103.95945916335668,speech,vIBtwK5mH5Q.wav
103.95945916335668,120.91785953691048,etc,vIBtwK5mH5Q.wav
120.91785953691048,124.8760567808564,etc,vIBtwK5mH5Q.wav
124.8760567808564,167.88027210884354,etc,vIBtwK5mH5Q.wav
0.0,4.021519473252742,cough,ViL1SkWhj-s_60_000-70_000.wav
4.021519473252742,5.456033910655961,etc,ViL1SkWhj-s_60_000-70_000.wav
5.456033910655961,10.0,cough,ViL1SkWhj-s_60_000-70_000.wav
0.0,4.505989294005515,etc,Vj1TWB7wawE_0_000-10_000.wav
4.505989294005515,5.080967833614536,sniffle,Vj1TWB7wawE_0_000-10_000.wav
5.080967833614536,6.9228482401586895,speech,Vj1TWB7wawE_0_000-10_000.wav
6.9228482401586895,8.404148884575152,etc,Vj1TWB7wawE_0_000-10_000.wav
8.404148884575152,9.450521541950112,speech,Vj1TWB7wawE_0_000-10_000.wav
0.0,1.5244052055774835,speech,vJjJKOJChBs_100_000-110_000.wav
1.5244052055774835,3.9241230701656624,cough,vJjJKOJChBs_100_000-110_000.wav
3.9241230701656624,5.872233513742781,speech,vJjJKOJChBs_100_000-110_000.wav
5.872233513742781,7.005679590005832,etc,vJjJKOJChBs_100_000-110_000.wav
7.005679590005832,10.00002267573696,speech,vJjJKOJChBs_100_000-110_000.wav
0.0,2.029133708972058,etc,vJQxPaHXXnY_200_000-210_000.wav
2.029133708972058,5.154951290090656,speech,vJQxPaHXXnY_200_000-210_000.wav
5.154951290090656,9.99997732426304,etc,vJQxPaHXXnY_200_000-210_000.wav
0.0,0.6947306510054437,speech,vkIoLVg6WwI_150_000-160_000.wav
0.6947306510054437,1.1897077258599076,etc,vkIoLVg6WwI_150_000-160_000.wav
1.1897077258599076,2.4477744577816702,silence,vkIoLVg6WwI_150_000-160_000.wav
2.4477744577816702,3.5305368090258105,speech,vkIoLVg6WwI_150_000-160_000.wav
3.5305368090258105,4.004889839094672,silence,vkIoLVg6WwI_150_000-160_000.wav
4.004889839094672,5.706373533906891,speech,vkIoLVg6WwI_150_000-160_000.wav
5.706373533906891,6.386967011831779,silence,vkIoLVg6WwI_150_000-160_000.wav
6.386967011831779,7.500665430254323,etc,vkIoLVg6WwI_150_000-160_000.wav
7.500665430254323,8.181258908179212,sneeze,vkIoLVg6WwI_150_000-160_000.wav
8.181258908179212,8.799980251747291,sniffle,vkIoLVg6WwI_150_000-160_000.wav
8.799980251747291,10.0,speech,vkIoLVg6WwI_150_000-160_000.wav
0.0,1.214475790185949,speech,VKjyBq-cctQ_20_000-30_000.wav
1.214475790185949,2.781815638459837,etc,VKjyBq-cctQ_20_000-30_000.wav
2.781815638459837,3.437087665421801,cough,VKjyBq-cctQ_20_000-30_000.wav
3.437087665421801,9.600186729820818,etc,VKjyBq-cctQ_20_000-30_000.wav
9.600186729820818,10.0,cough,VKjyBq-cctQ_20_000-30_000.wav
0.0,0.674106606219841,etc,VkML7uqepqE_40_000-50_000.wav
0.674106606219841,1.5815645767863584,sneeze,VkML7uqepqE_40_000-50_000.wav
1.5815645767863584,2.3549662562464584,etc,VkML7uqepqE_40_000-50_000.wav
2.3549662562464584,3.5099127642402075,sneeze,VkML7uqepqE_40_000-50_000.wav
3.5099127642402075,4.468930846770732,sneeze,VkML7uqepqE_40_000-50_000.wav
4.468930846770732,5.190772414266825,etc,VkML7uqepqE_40_000-50_000.wav
5.190772414266825,5.69606151151409,sneeze,VkML7uqepqE_40_000-50_000.wav
5.69606151151409,6.242598698332561,speech,VkML7uqepqE_40_000-50_000.wav
6.242598698332561,7.335673071969501,sneeze,VkML7uqepqE_40_000-50_000.wav
7.335673071969501,8.315315199285628,sneeze,VkML7uqepqE_40_000-50_000.wav
8.315315199285628,9.294957326601756,silence,VkML7uqepqE_40_000-50_000.wav
9.294957326601756,10.0,sneeze,VkML7uqepqE_40_000-50_000.wav
0.0,7.386429881976342,etc,vKtCl9CpMJw_70_000-80_000.wav
7.386429881976342,8.475598251115823,cough,vKtCl9CpMJw_70_000-80_000.wav
8.475598251115823,10.0,etc,vKtCl9CpMJw_70_000-80_000.wav
0.0,1.9405880362789367,cough,VlFNQv6fLqQ_0_000-10_000.wav
1.9405880362789367,10.0,speech,VlFNQv6fLqQ_0_000-10_000.wav
0.0,1.1175261031773485,etc,vlGxyAY9piA_100_000-110_000.wav
1.1175261031773485,2.344659550529924,silence,vlGxyAY9piA_100_000-110_000.wav
2.344659550529924,3.551168906330356,speech,vlGxyAY9piA_100_000-110_000.wav
3.551168906330356,4.149267561342535,silence,vlGxyAY9piA_100_000-110_000.wav
4.149267561342535,6.366357403198029,etc,vlGxyAY9piA_100_000-110_000.wav
6.366357403198029,9.336226586706784,speech,vlGxyAY9piA_100_000-110_000.wav
9.336226586706784,10.00002267573696,sneeze,vlGxyAY9piA_100_000-110_000.wav
0.0,0.9422191884326756,silence,VlOlPTnmUqc_0_000-10_000.wav
0.9422191884326756,1.6125006439647624,etc,VlOlPTnmUqc_0_000-10_000.wav
1.6125006439647624,6.325094877474971,silence,VlOlPTnmUqc_0_000-10_000.wav
6.325094877474971,8.459683512784848,sneeze,VlOlPTnmUqc_0_000-10_000.wav
8.459683512784848,10.0,silence,VlOlPTnmUqc_0_000-10_000.wav
0.0,1.7989075980168905,cough,vMfc_I1Is_0_40_000-50_000.wav
1.7989075980168905,4.5616761441267935,etc,vMfc_I1Is_0_40_000-50_000.wav
4.5616761441267935,8.059411963721063,cough,vMfc_I1Is_0_40_000-50_000.wav
8.059411963721063,10.0,etc,vMfc_I1Is_0_40_000-50_000.wav
0.0,1.602188621571961,silence,VOX5RKZLipo_140_000-150_000.wav
1.602188621571961,2.1693498531760342,etc,VOX5RKZLipo_140_000-150_000.wav
2.1693498531760342,3.13867995809936,silence,VOX5RKZLipo_140_000-150_000.wav
3.13867995809936,4.386434667628321,sneeze,VOX5RKZLipo_140_000-150_000.wav
4.386434667628321,5.458884996479659,silence,VOX5RKZLipo_140_000-150_000.wav
5.458884996479659,6.1910385863685535,gasp,VOX5RKZLipo_140_000-150_000.wav
6.1910385863685535,7.356297116755104,sneeze,VOX5RKZLipo_140_000-150_000.wav
7.356297116755104,8.02657857228719,sneeze,VOX5RKZLipo_140_000-150_000.wav
8.02657857228719,8.634987893462469,gasp,VOX5RKZLipo_140_000-150_000.wav
8.634987893462469,10.0,sneeze,VOX5RKZLipo_140_000-150_000.wav
0.0,0.3131858224717944,sneeze,vo_tK7tIsj8_120_000-130_000.wav
0.3131858224717944,1.200019748252709,silence,vo_tK7tIsj8_120_000-130_000.wav
1.200019748252709,1.880613226177597,gasp,vo_tK7tIsj8_120_000-130_000.wav
1.880613226177597,2.530270636924081,sniffle,vo_tK7tIsj8_120_000-130_000.wav
2.530270636924081,3.200552092456168,speech,vo_tK7tIsj8_120_000-130_000.wav
3.200552092456168,4.510178936341937,silence,vo_tK7tIsj8_120_000-130_000.wav
4.510178936341937,5.335140727766043,sneeze,vo_tK7tIsj8_120_000-130_000.wav
5.335140727766043,6.4694631909741895,speech,vo_tK7tIsj8_120_000-130_000.wav
6.4694631909741895,6.840695997115038,silence,vo_tK7tIsj8_120_000-130_000.wav
6.840695997115038,7.263488915219892,sniffle,vo_tK7tIsj8_120_000-130_000.wav
7.263488915219892,7.923458348359178,silence,vo_tK7tIsj8_120_000-130_000.wav
7.923458348359178,10.0,speech,vo_tK7tIsj8_120_000-130_000.wav
0.0,6.252986375879972,cough,vPOiW5hvj2A_10_000-20_000.wav
6.252986375879972,10.0,wheeze,vPOiW5hvj2A_10_000-20_000.wav
0.0,1.560983006573055,silence,vQAFw6Wi5ak_60_000-70_000.wav
1.560983006573055,3.644068210967178,speech,vQAFw6Wi5ak_60_000-70_000.wav
3.644068210967178,4.025623421673033,sneeze,vQAFw6Wi5ak_60_000-70_000.wav
4.025623421673033,4.65467390418809,speech,vQAFw6Wi5ak_60_000-70_000.wav
4.65467390418809,5.314661295679297,silence,vQAFw6Wi5ak_60_000-70_000.wav
5.314661295679297,5.67559190040105,sneeze,vQAFw6Wi5ak_60_000-70_000.wav
5.67559190040105,7.036815895351666,speech,vQAFw6Wi5ak_60_000-70_000.wav
7.036815895351666,7.676178680858773,silence,vQAFw6Wi5ak_60_000-70_000.wav
7.676178680858773,8.212418436445379,sneeze,vQAFw6Wi5ak_60_000-70_000.wav
8.212418436445379,9.449894795491394,silence,vQAFw6Wi5ak_60_000-70_000.wav
9.449894795491394,10.000272108843538,speech,vQAFw6Wi5ak_60_000-70_000.wav
0.0,1.8290531142135904,speech,vQAOUu0xou4_410_000-420_000.wav
1.8290531142135904,3.726465234489035,silence,vQAOUu0xou4_410_000-420_000.wav
3.726465234489035,4.118322085415486,gasp,vQAOUu0xou4_410_000-420_000.wav
4.118322085415486,5.097964212731613,silence,vQAOUu0xou4_410_000-420_000.wav
5.097964212731613,5.747621623478096,sneeze,vQAOUu0xou4_410_000-420_000.wav
5.747621623478096,6.892256109079044,etc,vQAOUu0xou4_410_000-420_000.wav
6.892256109079044,10.0,speech,vQAOUu0xou4_410_000-420_000.wav
0.0,9.30794971939554,speech,vQbG8p9ryRI_270_000-280_000.wav
9.30794971939554,9.99997732426304,cough,vQbG8p9ryRI_270_000-280_000.wav
0.0,2.268218906394727,cough,VrplLLZdUCU_40_000-50_000.wav
2.268218906394727,7.820308490987819,etc,VrplLLZdUCU_40_000-50_000.wav
7.820308490987819,9.99997732426304,cough,VrplLLZdUCU_40_000-50_000.wav
0.0,0.911355445311514,gasp,VruWVPsPYNQ_30_000-40_000.wav
0.911355445311514,1.6951313466645626,speech,VruWVPsPYNQ_30_000-40_000.wav
1.6951313466645626,3.0151749699960124,silence,VruWVPsPYNQ_30_000-40_000.wav
3.0151749699960124,3.5926940552035216,sniffle,VruWVPsPYNQ_30_000-40_000.wav
3.5926940552035216,4.85086063369131,silence,VruWVPsPYNQ_30_000-40_000.wav
4.85086063369131,6.119340052986375,sneeze,VruWVPsPYNQ_30_000-40_000.wav
6.119340052986375,7.779707422957964,etc,VruWVPsPYNQ_30_000-40_000.wav
7.779707422957964,8.480980597852797,sniffle,VruWVPsPYNQ_30_000-40_000.wav
8.480980597852797,9.120376727903968,etc,VruWVPsPYNQ_30_000-40_000.wav
9.120376727903968,10.000793650793652,speech,VruWVPsPYNQ_30_000-40_000.wav
0.0,4.579386198909549,etc,vrvBEAAre4k_180_000-190_000.wav
4.579386198909549,6.102450910226548,cough,vrvBEAAre4k_180_000-190_000.wav
6.102450910226548,10.0,etc,vrvBEAAre4k_180_000-190_000.wav
0.0,4.953595899232394,etc,vSqe64psUok_280_000-290_000.wav
4.953595899232394,5.54138117562207,sneeze,vSqe64psUok_280_000-290_000.wav
5.54138117562207,6.881944086686243,etc,vSqe64psUok_280_000-290_000.wav
6.881944086686243,8.047202617072793,cough,vSqe64psUok_280_000-290_000.wav
8.047202617072793,9.305269348994557,silence,vSqe64psUok_280_000-290_000.wav
9.305269348994557,10.0,cough,vSqe64psUok_280_000-290_000.wav
0.0,1.0436639019112874,sneeze,VSYn6mq6-dI_0_000-8_000.wav
1.0436639019112874,7.314285714285714,silence,VSYn6mq6-dI_0_000-8_000.wav
0.0,6.08791836244054,etc,vt6QyrVcE4s_40_000-50_000.wav
6.08791836244054,6.974752288221455,sneeze,vt6QyrVcE4s_40_000-50_000.wav
6.974752288221455,7.583161609396734,silence,vt6QyrVcE4s_40_000-50_000.wav
7.583161609396734,8.119386773822402,etc,vt6QyrVcE4s_40_000-50_000.wav
8.119386773822402,8.779356206961689,silence,vt6QyrVcE4s_40_000-50_000.wav
8.779356206961689,10.0,speech,vt6QyrVcE4s_40_000-50_000.wav
0.0,2.7375405015029477,etc,VT8eD6Ji-Jw_20_000-30_000.wav
2.7375405015029477,4.074649637601009,breathe,VT8eD6Ji-Jw_20_000-30_000.wav
4.074649637601009,5.553439211961118,throat-clearing,VT8eD6Ji-Jw_20_000-30_000.wav
5.553439211961118,6.93482348501607,gasp,VT8eD6Ji-Jw_20_000-30_000.wav
6.93482348501607,8.36933792241929,cough,VT8eD6Ji-Jw_20_000-30_000.wav
8.36933792241929,10.0,etc,VT8eD6Ji-Jw_20_000-30_000.wav
0.0,2.312499186716808,etc,vtHMZNOMlb4_320_000-330_000.wav
2.312499186716808,5.314353472393915,speech,vtHMZNOMlb4_320_000-330_000.wav
5.314353472393915,7.165054197191895,etc,vtHMZNOMlb4_320_000-330_000.wav
7.165054197191895,9.263695688948458,cough,vtHMZNOMlb4_320_000-330_000.wav
9.263695688948458,10.0,etc,vtHMZNOMlb4_320_000-330_000.wav
0.0,1.0816503793152803,etc,vTxLao_7NQU_120_000-130_000.wav
1.0816503793152803,6.182146156748948,cough,vTxLao_7NQU_120_000-130_000.wav
6.182146156748948,8.90949459329334,etc,vTxLao_7NQU_120_000-130_000.wav
8.90949459329334,10.0,throat-clearing,vTxLao_7NQU_120_000-130_000.wav
0.0,8.047202617072793,etc,Vu1kOW-YZcM_0_000-10_000.wav
8.047202617072793,9.470261707279375,speech,Vu1kOW-YZcM_0_000-10_000.wav
9.470261707279375,10.0,sneeze,Vu1kOW-YZcM_0_000-10_000.wav
0.0,1.185283446712018,sneeze,vucBLdDF-sI_250_000-260_000.wav
1.185283446712018,2.767447151958512,silence,vucBLdDF-sI_250_000-260_000.wav
2.767447151958512,4.097698040629884,speech,vucBLdDF-sI_250_000-260_000.wav
4.097698040629884,9.274333281816151,silence,vucBLdDF-sI_250_000-260_000.wav
9.274333281816151,9.614630020778597,gasp,vucBLdDF-sI_250_000-260_000.wav
9.614630020778597,10.0,silence,vucBLdDF-sI_250_000-260_000.wav
0.0,0.426618068792609,gasp,VuZblKpYmtY_180_000-190_000.wav
0.426618068792609,0.8081628973262583,silence,VuZblKpYmtY_180_000-190_000.wav
0.8081628973262583,1.5815645767863584,gasp,VuZblKpYmtY_180_000-190_000.wav
1.5815645767863584,1.880613226177597,sniffle,VuZblKpYmtY_180_000-190_000.wav
1.880613226177597,2.922127487850532,silence,VuZblKpYmtY_180_000-190_000.wav
2.922127487850532,3.695529167310632,gasp,VuZblKpYmtY_180_000-190_000.wav
3.695529167310632,5.036092078374805,silence,VuZblKpYmtY_180_000-190_000.wav
5.036092078374805,5.386700839730049,sniffle,VuZblKpYmtY_180_000-190_000.wav
5.386700839730049,9.521821819243383,silence,VuZblKpYmtY_180_000-190_000.wav
9.521821819243383,10.0,etc,VuZblKpYmtY_180_000-190_000.wav
0.0,0.7218666402811476,silence,VVG1tvI67Y4_24_000-34_000.wav
0.7218666402811476,1.187124139233768,sniffle,VVG1tvI67Y4_24_000-34_000.wav
1.187124139233768,1.5916958774534378,silence,VVG1tvI67Y4_24_000-34_000.wav
1.5916958774534378,2.1682106044164677,speech,VVG1tvI67Y4_24_000-34_000.wav
2.1682106044164677,2.6840395706465463,silence,VVG1tvI67Y4_24_000-34_000.wav
2.6840395706465463,2.977354080855807,sniffle,VVG1tvI67Y4_24_000-34_000.wav
2.977354080855807,4.201183588970308,silence,VVG1tvI67Y4_24_000-34_000.wav
4.201183588970308,4.555183859912519,sniffle,VVG1tvI67Y4_24_000-34_000.wav
4.555183859912519,5.060898532687107,silence,VVG1tvI67Y4_24_000-34_000.wav
5.060898532687107,6.031870704414314,speech,VVG1tvI67Y4_24_000-34_000.wav
6.031870704414314,9.808253968253968,silence,VVG1tvI67Y4_24_000-34_000.wav
0.0,10.0,etc,VWj-N0OSGpM_10_000-20_000.wav
0.0,1.2321858449687049,etc,vYsf2UqXHWU_20_000-30_000.wav
1.2321858449687049,4.1897649936889225,cough,vYsf2UqXHWU_20_000-30_000.wav
4.1897649936889225,5.0398476232612,etc,vYsf2UqXHWU_20_000-30_000.wav
5.0398476232612,6.855128238493669,cough,vYsf2UqXHWU_20_000-30_000.wav
6.855128238493669,8.085977045895197,gasp,vYsf2UqXHWU_20_000-30_000.wav
8.085977045895197,10.0,etc,vYsf2UqXHWU_20_000-30_000.wav
0.0,10.0,cough,VYtC_vHEe5Y_10_000-20_000.wav
0.0,3.038611432809796,etc,vYV0EdRotgM_20_000-30_000.wav
3.038611432809796,5.535729157178362,cough,vYV0EdRotgM_20_000-30_000.wav
5.535729157178362,10.0,etc,vYV0EdRotgM_20_000-30_000.wav
0.0,10.00061224489796,etc,vzC5DWnQ0IM_0_000-10_000.wav
0.0,0.4781781807566157,etc,vZUVj_NLDP8_50_000-60_000.wav
0.4781781807566157,2.839631308708121,silence,vZUVj_NLDP8_50_000-60_000.wav
2.839631308708121,4.14925815259389,sneeze,vZUVj_NLDP8_50_000-60_000.wav
4.14925815259389,6.397279034224581,silence,vZUVj_NLDP8_50_000-60_000.wav
6.397279034224581,7.48004138546872,sniffle,vZUVj_NLDP8_50_000-60_000.wav
7.48004138546872,10.0,silence,vZUVj_NLDP8_50_000-60_000.wav
0.0,5.907640307616234,cough,VzVjieAgz7Y_50_000-60_000.wav
5.907640307616234,10.0,etc,VzVjieAgz7Y_50_000-60_000.wav
0.0,0.6637945838270397,etc,W1LTDi-xsxw_20_000-30_000.wav
0.6637945838270397,2.251846032318445,silence,W1LTDi-xsxw_20_000-30_000.wav
2.251846032318445,2.6952629952089024,sneeze,W1LTDi-xsxw_20_000-30_000.wav
2.6952629952089024,5.93323802654852,etc,W1LTDi-xsxw_20_000-30_000.wav
5.93323802654852,6.789135885151031,sniffle,W1LTDi-xsxw_20_000-30_000.wav
6.789135885151031,7.510977452647125,gasp,W1LTDi-xsxw_20_000-30_000.wav
7.510977452647125,8.315315199285628,silence,W1LTDi-xsxw_20_000-30_000.wav
8.315315199285628,9.25370923703055,speech,W1LTDi-xsxw_20_000-30_000.wav
9.25370923703055,10.0,silence,W1LTDi-xsxw_20_000-30_000.wav
0.0,2.675555309763302,speech,w2aaJVD8EqE_250_000-260_000.wav
2.675555309763302,3.888694062382074,etc,w2aaJVD8EqE_250_000-260_000.wav
3.888694062382074,6.9171134302333135,cough,w2aaJVD8EqE_250_000-260_000.wav
6.9171134302333135,10.0,speech,w2aaJVD8EqE_250_000-260_000.wav
0.0,20.538819633306872,etc,w4enmhllLkQ.wav
20.538819633306872,21.04355619461541,cough,w4enmhllLkQ.wav
21.04355619461541,32.81152373256989,etc,w4enmhllLkQ.wav
32.81152373256989,34.03351751258003,cough,w4enmhllLkQ.wav
34.03351751258003,36.211854250859,etc,w4enmhllLkQ.wav
36.211854250859,37.327587702172615,cough,w4enmhllLkQ.wav
37.327587702172615,39.96154195011338,etc,w4enmhllLkQ.wav
0.0,10.0,etc,W728NGYhmmQ_30_000-40_000.wav
0.0,0.983467278003881,gasp,wbb-NCY-z2U_20_000-30_000.wav
0.983467278003881,2.344654233853657,sniffle,wbb-NCY-z2U_20_000-30_000.wav
2.344654233853657,3.0046236669929423,silence,wbb-NCY-z2U_20_000-30_000.wav
3.0046236669929423,4.520490958734738,throat-clearing,wbb-NCY-z2U_20_000-30_000.wav
4.520490958734738,5.562005220407673,silence,wbb-NCY-z2U_20_000-30_000.wav
5.562005220407673,5.964174093726925,sniffle,wbb-NCY-z2U_20_000-30_000.wav
5.964174093726925,10.0,etc,wbb-NCY-z2U_20_000-30_000.wav
0.0,5.759021202724346,speech,wEIr3uj5QdE_0_000-10_000.wav
5.759021202724346,8.403044192945561,cough,wEIr3uj5QdE_0_000-10_000.wav
8.403044192945561,9.822040816326531,etc,wEIr3uj5QdE_0_000-10_000.wav
0.0,4.819539608125977,etc,WEsjq-QING4_10_000-20_000.wav
4.819539608125977,5.644501399550083,sneeze,WEsjq-QING4_10_000-20_000.wav
5.644501399550083,9.150589013102536,etc,WEsjq-QING4_10_000-20_000.wav
9.150589013102536,9.594005975992994,sniffle,WEsjq-QING4_10_000-20_000.wav
9.594005975992994,10.0,etc,WEsjq-QING4_10_000-20_000.wav
0.0,2.721000298181707,etc,WkaNCu_1l68_12_000-22_000.wav
2.721000298181707,4.831043009174071,etc,WkaNCu_1l68_12_000-22_000.wav
4.831043009174071,7.863727970220129,speech,WkaNCu_1l68_12_000-22_000.wav
7.863727970220129,9.060362811791384,etc,WkaNCu_1l68_12_000-22_000.wav
0.0,3.986099363687231,speech,wL4MvSEl2CU_0_000-10_000.wav
3.986099363687231,8.52872841546409,cough,wL4MvSEl2CU_0_000-10_000.wav
8.52872841546409,10.0,etc,wL4MvSEl2CU_0_000-10_000.wav
0.0,7.418169251111912,silence,WMbKzJgLIXI_10_000-20_000.wav
7.418169251111912,8.01626654989439,sniffle,WMbKzJgLIXI_10_000-20_000.wav
8.01626654989439,9.707438222313808,silence,WMbKzJgLIXI_10_000-20_000.wav
9.707438222313808,10.0,sniffle,WMbKzJgLIXI_10_000-20_000.wav
0.0,1.488981639318664,etc,wqE1xKIehEA_0_000-10_000.wav
1.488981639318664,5.633134458483519,cough,wqE1xKIehEA_0_000-10_000.wav
5.633134458483519,10.0,etc,wqE1xKIehEA_0_000-10_000.wav
0.0,4.464270842821637,cough,Wqvuk_-8l9c_0_000-10_000.wav
4.464270842821637,6.341536649793751,etc,Wqvuk_-8l9c_0_000-10_000.wav
6.341536649793751,7.076503923278116,speech,Wqvuk_-8l9c_0_000-10_000.wav
7.076503923278116,10.0,etc,Wqvuk_-8l9c_0_000-10_000.wav
0.0,10.0,etc,WQWA6AQP8oA_130_000-140_000.wav
0.0,4.520075082304259,etc,wU1xLUAWAyA.wav
4.520075082304259,5.396722794050671,cough,wU1xLUAWAyA.wav
5.396722794050671,9.22209462712592,etc,wU1xLUAWAyA.wav
9.22209462712592,10.125307421046468,cough,wU1xLUAWAyA.wav
10.125307421046468,21.38890226287915,etc,wU1xLUAWAyA.wav
21.38890226287915,22.053029317232493,cough,wU1xLUAWAyA.wav
22.053029317232493,23.50940994691783,etc,wU1xLUAWAyA.wav
23.50940994691783,38.06707497834309,speech,wU1xLUAWAyA.wav
38.06707497834309,38.81089727921884,cough,wU1xLUAWAyA.wav
38.81089727921884,40.059456141403125,etc,wU1xLUAWAyA.wav
40.059456141403125,45.61896724451911,speech,wU1xLUAWAyA.wav
45.61896724451911,46.36278954539485,cough,wU1xLUAWAyA.wav
46.36278954539485,47.47852299670846,etc,wU1xLUAWAyA.wav
47.47852299670846,53.588491896759216,speech,wU1xLUAWAyA.wav
53.588491896759216,54.19948878676429,cough,wU1xLUAWAyA.wav
54.19948878676429,61.478321302476914,etc,wU1xLUAWAyA.wav
61.478321302476914,62.4080991785716,cough,wU1xLUAWAyA.wav
62.4080991785716,63.444257581324194,etc,wU1xLUAWAyA.wav
63.444257581324194,68.19940729049412,speech,wU1xLUAWAyA.wav
68.19940729049412,68.75727401615093,cough,wU1xLUAWAyA.wav
68.75727401615093,69.83272820405855,etc,wU1xLUAWAyA.wav
69.83272820405855,76.20686176119419,speech,wU1xLUAWAyA.wav
76.20686176119419,77.72107144511982,cough,wU1xLUAWAyA.wav
77.72107144511982,90.05702794758588,etc,wU1xLUAWAyA.wav
90.05702794758588,110.43812834328936,speech,wU1xLUAWAyA.wav
110.43812834328936,111.03157544246017,etc,wU1xLUAWAyA.wav
111.03157544246017,121.49821781906884,speech,wU1xLUAWAyA.wav
121.49821781906884,122.56082110603418,cough,wU1xLUAWAyA.wav
122.56082110603418,123.43746881778058,etc,wU1xLUAWAyA.wav
123.43746881778058,128.45826934869186,speech,wU1xLUAWAyA.wav
128.45826934869186,129.46774247130892,cough,wU1xLUAWAyA.wav
129.46774247130892,130.2688911400194,etc,wU1xLUAWAyA.wav
130.2688911400194,140.78866368097636,speech,wU1xLUAWAyA.wav
140.78866368097636,142.6747845153399,cough,wU1xLUAWAyA.wav
142.6747845153399,151.28841678819165,speech,wU1xLUAWAyA.wav
151.28841678819165,153.28079795125166,cough,wU1xLUAWAyA.wav
153.28079795125166,160.26741456304882,speech,wU1xLUAWAyA.wav
160.26741456304882,161.1971924391435,cough,wU1xLUAWAyA.wav
161.1971924391435,162.47231638350192,etc,wU1xLUAWAyA.wav
162.47231638350192,165.34146545626962,speech,wU1xLUAWAyA.wav
165.34146545626962,166.35093857888668,cough,wU1xLUAWAyA.wav
166.35093857888668,167.51980219454856,etc,wU1xLUAWAyA.wav
167.51980219454856,168.60897056368805,cough,wU1xLUAWAyA.wav
168.60897056368805,170.92013271283767,etc,wU1xLUAWAyA.wav
170.92013271283767,178.14583506420203,speech,wU1xLUAWAyA.wav
178.14583506420203,179.04904785812258,cough,wU1xLUAWAyA.wav
179.04904785812258,180.1850411391005,etc,wU1xLUAWAyA.wav
180.1850411391005,181.48673016563308,cough,wU1xLUAWAyA.wav
181.48673016563308,183.34628591782243,etc,wU1xLUAWAyA.wav
183.34628591782243,190.3329025296196,speech,wU1xLUAWAyA.wav
190.3329025296196,191.02359466614703,cough,wU1xLUAWAyA.wav
191.02359466614703,195.4745408507488,etc,wU1xLUAWAyA.wav
195.4745408507488,197.1481410277192,cough,wU1xLUAWAyA.wav
197.1481410277192,202.62054795559075,etc,wU1xLUAWAyA.wav
202.62054795559075,203.78941157125263,cough,wU1xLUAWAyA.wav
203.78941157125263,204.79492888630588,etc,wU1xLUAWAyA.wav
204.79492888630588,209.28442777373448,etc,wU1xLUAWAyA.wav
209.28442777373448,210.1079453211326,cough,wU1xLUAWAyA.wav
210.1079453211326,211.46276451201345,etc,wU1xLUAWAyA.wav
211.46276451201345,213.3223202642028,cough,wU1xLUAWAyA.wav
213.3223202642028,219.7069552773347,etc,wU1xLUAWAyA.wav
219.7069552773347,220.4773426603846,cough,wU1xLUAWAyA.wav
220.4773426603846,221.77903168691716,etc,wU1xLUAWAyA.wav
221.77903168691716,231.7409375022173,speech,wU1xLUAWAyA.wav
231.7409375022173,232.72384554266023,cough,wU1xLUAWAyA.wav
232.72384554266023,234.00928157255345,etc,wU1xLUAWAyA.wav
234.00928157255345,235.68288174952383,speech,wU1xLUAWAyA.wav
235.68288174952383,236.7454850364892,cough,wU1xLUAWAyA.wav
236.7454850364892,240.9999092970521,etc,wU1xLUAWAyA.wav
0.0,0.9193015616896212,etc,wuvn-vp5InE.wav
0.9193015616896212,1.827598466575012,gasp,wuvn-vp5InE.wav
1.827598466575012,4.122243278917052,cough,wuvn-vp5InE.wav
4.122243278917052,4.954052023391042,gasp,wuvn-vp5InE.wav
4.954052023391042,6.828011953470375,cough,wuvn-vp5InE.wav
6.828011953470375,7.267818875835932,gasp,wuvn-vp5InE.wav
7.267818875835932,8.309970061441275,cough,wuvn-vp5InE.wav
8.309970061441275,8.998363505143887,gasp,wuvn-vp5InE.wav
8.998363505143887,10.797278911564623,etc,wuvn-vp5InE.wav
0.0,2.148720935996308,etc,wxIEZMiWlOI_160_000-170_000.wav
2.148720935996308,2.8190008716157973,sneeze,wxIEZMiWlOI_160_000-170_000.wav
2.8190008716157973,5.397000623998447,etc,wxIEZMiWlOI_160_000-170_000.wav
5.397000623998447,6.624128506132588,sneeze,wxIEZMiWlOI_160_000-170_000.wav
6.624128506132588,7.108792459580526,speech,wxIEZMiWlOI_160_000-170_000.wav
7.108792459580526,9.99997732426304,silence,wxIEZMiWlOI_160_000-170_000.wav
0.0,2.21059794274724,speech,wXLbBWxImPI_160_000-170_000.wav
2.21059794274724,3.025247711778545,silence,wXLbBWxImPI_160_000-170_000.wav
3.025247711778545,4.035825906273075,speech,wXLbBWxImPI_160_000-170_000.wav
4.035825906273075,6.696327683615819,etc,wXLbBWxImPI_160_000-170_000.wav
6.696327683615819,8.758732162176086,speech,wXLbBWxImPI_160_000-170_000.wav
8.758732162176086,10.0,etc,wXLbBWxImPI_160_000-170_000.wav
0.0,0.3131858224717944,etc,wY4PvQrZfkk_200_000-210_000.wav
0.3131858224717944,2.654014905637697,silence,wY4PvQrZfkk_200_000-210_000.wav
2.654014905637697,3.716153212096234,speech,wY4PvQrZfkk_200_000-210_000.wav
3.716153212096234,4.283314443700308,sniffle,wY4PvQrZfkk_200_000-210_000.wav
4.283314443700308,5.479509041265262,silence,wY4PvQrZfkk_200_000-210_000.wav
5.479509041265262,7.645033743753542,sneeze,wY4PvQrZfkk_200_000-210_000.wav
7.645033743753542,8.25344306492882,silence,wY4PvQrZfkk_200_000-210_000.wav
8.25344306492882,8.70717205021208,sniffle,wY4PvQrZfkk_200_000-210_000.wav
8.70717205021208,10.0,silence,wY4PvQrZfkk_200_000-210_000.wav
0.0,10.0,etc,WzIeJ_yU9ys_30_000-40_000.wav
0.0,3.097431868528154,silence,x-kSh9auPqU_40_000-50_000.wav
3.097431868528154,5.056716123160408,etc,x-kSh9auPqU_40_000-50_000.wav
5.056716123160408,5.902301959370116,sneeze,x-kSh9auPqU_40_000-50_000.wav
5.902301959370116,10.0,etc,x-kSh9auPqU_40_000-50_000.wav
0.0,2.839631308708121,speech,x-LNxIXZOVc_80_000-90_000.wav
2.839631308708121,3.540848831418612,gasp,x-LNxIXZOVc_80_000-90_000.wav
3.540848831418612,4.427682757199526,sneeze,x-LNxIXZOVc_80_000-90_000.wav
4.427682757199526,10.0,etc,x-LNxIXZOVc_80_000-90_000.wav
0.0,1.7192123514944893,throat-clearing,X0kpF1at8lM_0_000-10_000.wav
1.7192123514944893,5.084122760218089,etc,X0kpF1at8lM_0_000-10_000.wav
5.084122760218089,10.0,cough,X0kpF1at8lM_0_000-10_000.wav
0.0,3.674905122525029,etc,x1UWoxvZ1T8_90_000-100_000.wav
3.674905122525029,4.520490958734738,silence,x1UWoxvZ1T8_90_000-100_000.wav
4.520490958734738,7.0263124001854615,etc,x1UWoxvZ1T8_90_000-100_000.wav
7.0263124001854615,8.140010818608006,silence,x1UWoxvZ1T8_90_000-100_000.wav
8.140010818608006,8.841228341318496,etc,x1UWoxvZ1T8_90_000-100_000.wav
8.841228341318496,10.0,speech,x1UWoxvZ1T8_90_000-100_000.wav
0.0,1.7811975432341345,breathe,x2ZyKE89nzw_0_000-10_000.wav
1.7811975432341345,4.552821116735416,cough,x2ZyKE89nzw_0_000-10_000.wav
4.552821116735416,10.0,etc,x2ZyKE89nzw_0_000-10_000.wav
0.0,4.87160210282502,speech,X350MvrZ7BU_40_000-50_000.wav
4.87160210282502,6.332681622402372,cough,X350MvrZ7BU_40_000-50_000.wav
6.332681622402372,10.0,speech,X350MvrZ7BU_40_000-50_000.wav
0.0,3.778025346453042,silence,x4dZyf9Gbj0_130_000-140_000.wav
3.778025346453042,5.62387735476448,sneeze,x4dZyf9Gbj0_130_000-140_000.wav
5.62387735476448,7.036624422578263,speech,x4dZyf9Gbj0_130_000-140_000.wav
7.036624422578263,7.70690587811035,sniffle,x4dZyf9Gbj0_130_000-140_000.wav
7.70690587811035,10.0,speech,x4dZyf9Gbj0_130_000-140_000.wav
0.0,1.4681323304655436,speech,X5kiB95lXWA_40_000-50_000.wav
1.4681323304655436,3.118055913313757,silence,X5kiB95lXWA_40_000-50_000.wav
3.118055913313757,6.211662631154156,etc,X5kiB95lXWA_40_000-50_000.wav
6.211662631154156,6.655079594044613,silence,X5kiB95lXWA_40_000-50_000.wav
6.655079594044613,7.108808579327873,etc,X5kiB95lXWA_40_000-50_000.wav
7.108808579327873,7.407857228719111,silence,X5kiB95lXWA_40_000-50_000.wav
7.407857228719111,10.0,etc,X5kiB95lXWA_40_000-50_000.wav
0.0,5.367483636742182,cough,X5lhQ_ZfzWs_40_000-50_000.wav
5.367483636742182,10.0,etc,X5lhQ_ZfzWs_40_000-50_000.wav
0.0,3.510601959687179,cough,X8yUSV4oqoU.wav
3.510601959687179,4.068468685343986,gasp,X8yUSV4oqoU.wav
4.068468685343986,5.52954820492134,cough,X8yUSV4oqoU.wav
5.52954820492134,5.9014593553592105,gasp,X8yUSV4oqoU.wav
5.9014593553592105,9.434615284518992,cough,X8yUSV4oqoU.wav
9.434615284518992,10.470653489310203,etc,X8yUSV4oqoU.wav
10.470653489310203,12.5161648167185,cough,X8yUSV4oqoU.wav
12.5161648167185,13.286552199768376,gasp,X8yUSV4oqoU.wav
13.286552199768376,15.066412705435331,cough,X8yUSV4oqoU.wav
15.066412705435331,19.476216346341523,etc,X8yUSV4oqoU.wav
19.476216346341523,25.108013767257862,cough,X8yUSV4oqoU.wav
25.108013767257862,29.333587888250605,etc,X8yUSV4oqoU.wav
29.333587888250605,32.415137420450115,cough,X8yUSV4oqoU.wav
32.415137420450115,32.81361365306212,gasp,X8yUSV4oqoU.wav
32.81361365306212,33.982477268724004,cough,X8yUSV4oqoU.wav
33.982477268724004,38.20632533441126,etc,X8yUSV4oqoU.wav
38.20632533441126,41.2347447022625,cough,X8yUSV4oqoU.wav
41.2347447022625,42.13795749618305,etc,X8yUSV4oqoU.wav
42.13795749618305,43.519341769238,cough,X8yUSV4oqoU.wav
43.519341769238,57.91131047088601,etc,X8yUSV4oqoU.wav
57.91131047088601,62.261678110711486,cough,X8yUSV4oqoU.wav
62.261678110711486,75.85990710395065,etc,X8yUSV4oqoU.wav
75.85990710395065,82.3683522366134,cough,X8yUSV4oqoU.wav
82.3683522366134,83.05904437314089,gasp,X8yUSV4oqoU.wav
83.05904437314089,84.41386356402171,cough,X8yUSV4oqoU.wav
84.41386356402171,84.94516520750437,gasp,X8yUSV4oqoU.wav
84.94516520750437,89.72687999884845,cough,X8yUSV4oqoU.wav
89.72687999884845,110.83832778904257,etc,X8yUSV4oqoU.wav
110.83832778904257,113.44170584210768,cough,X8yUSV4oqoU.wav
113.44170584210768,130.1942857142857,etc,X8yUSV4oqoU.wav
0.0,1.0659634571462917,silence,xb2q8ekh4ZY_0_000-10_000.wav
1.0659634571462917,10.0,etc,xb2q8ekh4ZY_0_000-10_000.wav
0.0,2.4787105249600745,speech,xbiGo2Ie3kk_40_000-50_000.wav
2.4787105249600745,10.0,etc,xbiGo2Ie3kk_40_000-50_000.wav
0.0,5.978548309973183,cough,xCRumdDLFj0_90_000-100_000.wav
5.978548309973183,8.334012301717868,etc,xCRumdDLFj0_90_000-100_000.wav
8.334012301717868,10.000113378684809,speech,xCRumdDLFj0_90_000-100_000.wav
0.0,5.397012862122852,silence,XCYPLkfe86E_430_000-440_000.wav
5.397012862122852,6.386967011831779,sneeze,XCYPLkfe86E_430_000-440_000.wav
6.386967011831779,6.881944086686243,silence,XCYPLkfe86E_430_000-440_000.wav
6.881944086686243,7.294424982398296,sniffle,XCYPLkfe86E_430_000-440_000.wav
7.294424982398296,7.975018460323184,silence,XCYPLkfe86E_430_000-440_000.wav
7.975018460323184,8.64529991585527,gasp,XCYPLkfe86E_430_000-440_000.wav
8.64529991585527,9.222773169852143,silence,XCYPLkfe86E_430_000-440_000.wav
9.222773169852143,10.0,speech,XCYPLkfe86E_430_000-440_000.wav
0.0,0.271937732900589,etc,xDJpXrEQAMs_20_000-30_000.wav
0.271937732900589,1.509380420036749,silence,xDJpXrEQAMs_20_000-30_000.wav
1.509380420036749,2.808695241529717,speech,xDJpXrEQAMs_20_000-30_000.wav
2.808695241529717,3.365544450740989,sneeze,xDJpXrEQAMs_20_000-30_000.wav
3.365544450740989,5.304204660587639,etc,xDJpXrEQAMs_20_000-30_000.wav
5.304204660587639,5.747621623478096,sneeze,xDJpXrEQAMs_20_000-30_000.wav
5.747621623478096,6.139478474404547,etc,xDJpXrEQAMs_20_000-30_000.wav
6.139478474404547,6.541647347723799,silence,xDJpXrEQAMs_20_000-30_000.wav
6.541647347723799,10.0,etc,xDJpXrEQAMs_20_000-30_000.wav
0.0,1.1175235691102985,gasp,xEFzYTPoBzw_110_000-120_000.wav
1.1175235691102985,1.7156208678927756,sneeze,xEFzYTPoBzw_110_000-120_000.wav
1.7156208678927756,3.37585647313379,etc,xEFzYTPoBzw_110_000-120_000.wav
3.37585647313379,3.953329727130665,speech,xEFzYTPoBzw_110_000-120_000.wav
3.953329727130665,4.829851630518778,sniffle,xEFzYTPoBzw_110_000-120_000.wav
4.829851630518778,5.5929412875860764,silence,xEFzYTPoBzw_110_000-120_000.wav
5.5929412875860764,6.263222743118163,speech,xEFzYTPoBzw_110_000-120_000.wav
6.263222743118163,6.768511840365428,sniffle,xEFzYTPoBzw_110_000-120_000.wav
6.768511840365428,9.233085192244946,silence,xEFzYTPoBzw_110_000-120_000.wav
9.233085192244946,10.0,etc,xEFzYTPoBzw_110_000-120_000.wav
0.0,0.9009710988614704,sneeze,xet-7mNQ_Nc_20_000-30_000.wav
0.9009710988614704,5.036092078374805,etc,xet-7mNQ_Nc_20_000-30_000.wav
5.036092078374805,10.0,speech,xet-7mNQ_Nc_20_000-30_000.wav
0.0,0.966535023227368,etc,XHRtByiYCb4_30_000-40_000.wav
0.966535023227368,3.0474664602011736,speech,XHRtByiYCb4_30_000-40_000.wav
3.0474664602011736,3.8178538432510503,sniffle,XHRtByiYCb4_30_000-40_000.wav
3.8178538432510503,8.962624757641608,speech,XHRtByiYCb4_30_000-40_000.wav
8.962624757641608,10.0,sniffle,XHRtByiYCb4_30_000-40_000.wav
0.0,1.3473012010566177,cough,XHUDP7gVBes_20_000-30_000.wav
1.3473012010566177,3.853273952816562,speech,XHUDP7gVBes_20_000-30_000.wav
3.853273952816562,6.173291129357571,etc,XHUDP7gVBes_20_000-30_000.wav
6.173291129357571,7.749486005022836,sneeze,XHUDP7gVBes_20_000-30_000.wav
7.749486005022836,10.0,etc,XHUDP7gVBes_20_000-30_000.wav
0.0,0.8602746945308332,cough,XiFQrZJ0QK4_30_000-40_000.wav
0.8602746945308332,1.9405880362789367,etc,XiFQrZJ0QK4_30_000-40_000.wav
1.9405880362789367,2.9943362958529063,cough,XiFQrZJ0QK4_30_000-40_000.wav
2.9943362958529063,10.0,etc,XiFQrZJ0QK4_30_000-40_000.wav
0.0,3.2776971723769988,etc,XJ0AWvDcnLM_50_000-60_000.wav
3.2776971723769988,7.191619279366028,cough,XJ0AWvDcnLM_50_000-60_000.wav
7.191619279366028,10.0,etc,XJ0AWvDcnLM_50_000-60_000.wav
0.0,1.0550852971411468,etc,XjnWLp_SwGI_40_000-50_000.wav
1.0550852971411468,2.312499186716808,cough,XjnWLp_SwGI_40_000-50_000.wav
2.312499186716808,2.8349458028081043,sniffle,XjnWLp_SwGI_40_000-50_000.wav
2.8349458028081043,5.1726730341318685,etc,XjnWLp_SwGI_40_000-50_000.wav
5.1726730341318685,6.129015992400681,breathe,XjnWLp_SwGI_40_000-50_000.wav
6.129015992400681,9.555911592863929,cough,XjnWLp_SwGI_40_000-50_000.wav
9.555911592863929,9.794997332431132,sniffle,XjnWLp_SwGI_40_000-50_000.wav
9.794997332431132,10.0,etc,XjnWLp_SwGI_40_000-50_000.wav
0.0,3.012046350635662,speech,xk57B6zi6hA_130_000-140_000.wav
3.012046350635662,7.032228786321227,etc,xk57B6zi6hA_130_000-140_000.wav
7.032228786321227,7.784906114588348,cough,xk57B6zi6hA_130_000-140_000.wav
7.784906114588348,10.0,etc,xk57B6zi6hA_130_000-140_000.wav
0.0,1.2056180289606422,etc,XkvEg4aBdWs_120_000-130_000.wav
1.2056180289606422,2.082263752843762,sniffle,XkvEg4aBdWs_120_000-130_000.wav
2.082263752843762,4.783040982988727,etc,XkvEg4aBdWs_120_000-130_000.wav
4.783040982988727,6.058162035909628,speech,XkvEg4aBdWs_120_000-130_000.wav
6.058162035909628,7.439543176573938,etc,XkvEg4aBdWs_120_000-130_000.wav
7.439543176573938,9.99997732426304,speech,XkvEg4aBdWs_120_000-130_000.wav
0.0,3.37585647313379,silence,xlcrW0pMrVo_210_000-220_000.wav
3.37585647313379,5.747621623478096,etc,xlcrW0pMrVo_210_000-220_000.wav
5.747621623478096,6.541647347723799,gasp,xlcrW0pMrVo_210_000-220_000.wav
6.541647347723799,7.3047370047910976,speech,xlcrW0pMrVo_210_000-220_000.wav
7.3047370047910976,7.892522281180773,silence,xlcrW0pMrVo_210_000-220_000.wav
7.892522281180773,8.810292274140092,gasp,xlcrW0pMrVo_210_000-220_000.wav
8.810292274140092,9.480573729672178,sniffle,xlcrW0pMrVo_210_000-220_000.wav
9.480573729672178,10.0,silence,xlcrW0pMrVo_210_000-220_000.wav
0.0,1.694996823107173,silence,xMz3lrehAUM_140_000-150_000.wav
1.694996823107173,4.984531966410798,etc,xMz3lrehAUM_140_000-150_000.wav
4.984531966410798,5.922926004155719,sneeze,xMz3lrehAUM_140_000-150_000.wav
5.922926004155719,7.655345766146343,etc,xMz3lrehAUM_140_000-150_000.wav
7.655345766146343,9.439325640100972,silence,xMz3lrehAUM_140_000-150_000.wav
9.439325640100972,10.0,sneeze,xMz3lrehAUM_140_000-150_000.wav
0.0,10.0,etc,xn_Nh8CHpIM_40_000-50_000.wav
0.0,3.003191323244284,speech,xoGXe-eT_Sw_110_000-120_000.wav
3.003191323244284,4.756486746737108,cough,xoGXe-eT_Sw_110_000-120_000.wav
4.756486746737108,8.413613059376178,speech,xoGXe-eT_Sw_110_000-120_000.wav
8.413613059376178,10.0,etc,xoGXe-eT_Sw_110_000-120_000.wav
0.0,2.675688784177848,cough,xp-tW5uzXaA_30_000-40_000.wav
2.675688784177848,3.3398489695860563,breathe,xp-tW5uzXaA_30_000-40_000.wav
3.3398489695860563,10.000498866213151,cough,xp-tW5uzXaA_30_000-40_000.wav
0.0,1.4371962632871398,sneeze,xQTIokRwwI0_230_000-240_000.wav
1.4371962632871398,2.643702883244896,speech,xQTIokRwwI0_230_000-240_000.wav
2.643702883244896,3.5305368090258105,sniffle,xQTIokRwwI0_230_000-240_000.wav
3.5305368090258105,4.809227585733176,silence,xQTIokRwwI0_230_000-240_000.wav
4.809227585733176,5.7785576906565,etc,xQTIokRwwI0_230_000-240_000.wav
5.7785576906565,6.562271392509402,throat-clearing,xQTIokRwwI0_230_000-240_000.wav
6.562271392509402,7.150056668899078,silence,xQTIokRwwI0_230_000-240_000.wav
7.150056668899078,7.603785654182336,sniffle,xQTIokRwwI0_230_000-240_000.wav
7.603785654182336,10.0,silence,xQTIokRwwI0_230_000-240_000.wav
0.0,9.99997732426304,etc,XTfcN7e07us_110_000-120_000.wav
0.0,1.2321858449687049,cough,xuTMAOlsAm0_30_000-40_000.wav
1.2321858449687049,7.678645785891812,speech,xuTMAOlsAm0_30_000-40_000.wav
7.678645785891812,10.0,etc,xuTMAOlsAm0_30_000-40_000.wav
0.0,4.995595141961845,cough,XU_dxNFXH7U_10_000-20_000.wav
4.995595141961845,6.722333314257138,etc,XU_dxNFXH7U_10_000-20_000.wav
6.722333314257138,10.000045351473922,speech,XU_dxNFXH7U_10_000-20_000.wav
0.0,1.0556059531724011,etc,XVPapoUWaFY_80_000-90_000.wav
1.0556059531724011,2.148633232902088,sneeze,XVPapoUWaFY_80_000-90_000.wav
2.148633232902088,3.4375804967342662,silence,XVPapoUWaFY_80_000-90_000.wav
3.4375804967342662,3.922224667935165,sniffle,XVPapoUWaFY_80_000-90_000.wav
3.922224667935165,4.963694057111565,silence,XVPapoUWaFY_80_000-90_000.wav
4.963694057111565,7.747820146989069,speech,XVPapoUWaFY_80_000-90_000.wav
7.747820146989069,9.999569160997732,silence,XVPapoUWaFY_80_000-90_000.wav
0.0,6.958620187322024,etc,xWmBXnK7Al8_0_000-10_000.wav
6.958620187322024,9.125442176870749,cough,xWmBXnK7Al8_0_000-10_000.wav
0.0,5.953592054913654,silence,XwxUttSEoQ8_20_000-30_000.wav
5.953592054913654,6.902255089833229,sneeze,XwxUttSEoQ8_20_000-30_000.wav
6.902255089833229,7.520948373476431,sniffle,XwxUttSEoQ8_20_000-30_000.wav
7.520948373476431,8.284003423303046,etc,XwxUttSEoQ8_20_000-30_000.wav
8.284003423303046,9.04705847312966,silence,XwxUttSEoQ8_20_000-30_000.wav
9.04705847312966,9.99954648526077,speech,XwxUttSEoQ8_20_000-30_000.wav
0.0,1.2853160093169722,gasp,XxhVVWDSD-M_230_000-240_000.wav
1.2853160093169722,3.428232638030423,cough,XxhVVWDSD-M_230_000-240_000.wav
3.428232638030423,5.633134458483519,etc,XxhVVWDSD-M_230_000-240_000.wav
5.633134458483519,7.5635304298039,cough,XxhVVWDSD-M_230_000-240_000.wav
7.5635304298039,10.0,throat-clearing,XxhVVWDSD-M_230_000-240_000.wav
0.0,5.004427513695688,etc,XXkHSDZGtrc_80_000-90_000.wav
5.004427513695688,6.872838293276424,cough,XXkHSDZGtrc_80_000-90_000.wav
6.872838293276424,10.0,etc,XXkHSDZGtrc_80_000-90_000.wav
0.0,1.3134519945735237,silence,XyIAPpcvVro_0_000-10_000.wav
1.3134519945735237,3.674905122525029,etc,XyIAPpcvVro_0_000-10_000.wav
3.674905122525029,5.366076794944447,silence,XyIAPpcvVro_0_000-10_000.wav
5.366076794944447,8.160634863393609,etc,XyIAPpcvVro_0_000-10_000.wav
8.160634863393609,8.769044184568887,silence,XyIAPpcvVro_0_000-10_000.wav
8.769044184568887,10.0,etc,XyIAPpcvVro_0_000-10_000.wav
0.0,0.766914807755053,silence,Xyl6dt-6Wqs_30_000-40_000.wav
0.766914807755053,2.427150412996068,sneeze,Xyl6dt-6Wqs_30_000-40_000.wav
2.427150412996068,4.273002421307506,silence,Xyl6dt-6Wqs_30_000-40_000.wav
4.273002421307506,4.695795339412361,sniffle,Xyl6dt-6Wqs_30_000-40_000.wav
4.695795339412361,6.768511840365428,speech,Xyl6dt-6Wqs_30_000-40_000.wav
6.768511840365428,7.294424982398296,silence,Xyl6dt-6Wqs_30_000-40_000.wav
7.294424982398296,7.810026102038363,sniffle,Xyl6dt-6Wqs_30_000-40_000.wav
7.810026102038363,9.02684474438892,speech,Xyl6dt-6Wqs_30_000-40_000.wav
9.02684474438892,10.0,silence,Xyl6dt-6Wqs_30_000-40_000.wav
0.0,10.0,etc,xYsQUYT4ehM_40_000-50_000.wav
0.0,3.1625818162890864,cough,XYyORaBHgUI_10_000-20_000.wav
3.1625818162890864,3.614188213249359,throat-clearing,XYyORaBHgUI_10_000-20_000.wav
3.614188213249359,6.208711238923082,cough,XYyORaBHgUI_10_000-20_000.wav
6.208711238923082,7.262459498497051,etc,XYyORaBHgUI_10_000-20_000.wav
7.262459498497051,10.0,cough,XYyORaBHgUI_10_000-20_000.wav
0.0,0.5400503151134237,etc,XZ6taeWWp0Y_100_000-110_000.wav
0.5400503151134237,1.169083681074305,sniffle,XZ6taeWWp0Y_100_000-110_000.wav
1.169083681074305,4.654547249841156,silence,XZ6taeWWp0Y_100_000-110_000.wav
4.654547249841156,6.613831504473408,etc,XZ6taeWWp0Y_100_000-110_000.wav
6.613831504473408,8.655611938248072,silence,XZ6taeWWp0Y_100_000-110_000.wav
8.655611938248072,10.0,sneeze,XZ6taeWWp0Y_100_000-110_000.wav
0.0,0.9731552556110796,etc,XzWMH9fnTtc_30_000-40_000.wav
0.9731552556110796,4.829851630518778,silence,XzWMH9fnTtc_30_000-40_000.wav
4.829851630518778,5.582629265193275,speech,XzWMH9fnTtc_30_000-40_000.wav
5.582629265193275,6.1497904967973485,silence,XzWMH9fnTtc_30_000-40_000.wav
6.1497904967973485,7.150056668899078,etc,XzWMH9fnTtc_30_000-40_000.wav
7.150056668899078,10.0,silence,XzWMH9fnTtc_30_000-40_000.wav
0.0,1.2103290261290236,silence,X_TtgHWm-qI_110_000-120_000.wav
1.2103290261290236,2.313712920148798,sneeze,X_TtgHWm-qI_110_000-120_000.wav
2.313712920148798,2.9839928557682867,gasp,X_TtgHWm-qI_110_000-120_000.wav
2.9839928557682867,4.138936744835714,silence,X_TtgHWm-qI_110_000-120_000.wav
4.138936744835714,5.891976576455916,speech,X_TtgHWm-qI_110_000-120_000.wav
5.891976576455916,6.861304483351792,silence,X_TtgHWm-qI_110_000-120_000.wav
6.861304483351792,7.253160445713955,etc,X_TtgHWm-qI_110_000-120_000.wav
7.253160445713955,7.51096042095222,silence,X_TtgHWm-qI_110_000-120_000.wav
7.51096042095222,7.830632390247668,sniffle,X_TtgHWm-qI_110_000-120_000.wav
7.830632390247668,9.38774424068679,silence,X_TtgHWm-qI_110_000-120_000.wav
9.38774424068679,9.99997732426304,speech,X_TtgHWm-qI_110_000-120_000.wav
0.0,0.6388975609957969,speech,y1btqvriB6Y_60_000-70_000.wav
0.6388975609957969,3.463644893508072,etc,y1btqvriB6Y_60_000-70_000.wav
3.463644893508072,6.447782357635459,speech,y1btqvriB6Y_60_000-70_000.wav
6.447782357635459,9.99997732426304,cough,y1btqvriB6Y_60_000-70_000.wav
0.0,2.148725808390432,speech,y4tPJXBKDig_20_000-30_000.wav
2.148725808390432,3.118055913313757,etc,y4tPJXBKDig_20_000-30_000.wav
3.118055913313757,3.705841189703433,sneeze,y4tPJXBKDig_20_000-30_000.wav
3.705841189703433,4.45861882437793,sneeze,y4tPJXBKDig_20_000-30_000.wav
4.45861882437793,6.376654989438978,etc,y4tPJXBKDig_20_000-30_000.wav
6.376654989438978,7.39754520632631,sneeze,y4tPJXBKDig_20_000-30_000.wav
7.39754520632631,10.0,etc,y4tPJXBKDig_20_000-30_000.wav
0.0,3.198009177559645,speech,y56_hztOMxo_70_000-80_000.wav
3.198009177559645,3.773587263161976,etc,y56_hztOMxo_70_000-80_000.wav
3.773587263161976,5.624292184560239,speech,y56_hztOMxo_70_000-80_000.wav
5.624292184560239,6.881708925414561,etc,y56_hztOMxo_70_000-80_000.wav
6.881708925414561,8.88294965381651,gasp,y56_hztOMxo_70_000-80_000.wav
8.88294965381651,10.00002267573696,cough,y56_hztOMxo_70_000-80_000.wav
0.0,3.330827336725266,speech,Y5HW9iA0Ync_30_000-40_000.wav
3.330827336725266,4.012664445861365,cough,Y5HW9iA0Ync_30_000-40_000.wav
4.012664445861365,6.713447800231622,speech,Y5HW9iA0Ync_30_000-40_000.wav
6.713447800231622,7.306734635453941,cough,Y5HW9iA0Ync_30_000-40_000.wav
7.306734635453941,8.484453278507202,etc,Y5HW9iA0Ync_30_000-40_000.wav
8.484453278507202,9.104305195903654,cough,Y5HW9iA0Ync_30_000-40_000.wav
9.104305195903654,10.0,speech,Y5HW9iA0Ync_30_000-40_000.wav
0.0,1.373866283230751,cough,y5KNUJnMt1I_10_000-20_000.wav
1.373866283230751,2.383339405847831,etc,y5KNUJnMt1I_10_000-20_000.wav
2.383339405847831,7.510400265455633,cough,y5KNUJnMt1I_10_000-20_000.wav
7.510400265455633,10.0,etc,y5KNUJnMt1I_10_000-20_000.wav
0.0,3.119572550666437,cough,y5q8M5iRS4A.wav
3.119572550666437,3.957242619002781,breathe,y5q8M5iRS4A.wav
3.957242619002781,6.293280274363291,cough,y5q8M5iRS4A.wav
6.293280274363291,6.953977793051112,breathe,y5q8M5iRS4A.wav
6.953977793051112,7.874235051223434,cough,y5q8M5iRS4A.wav
7.874235051223434,8.723703289536346,breathe,y5q8M5iRS4A.wav
8.723703289536346,10.127685516747963,cough,y5q8M5iRS4A.wav
10.127685516747963,14.434017558195368,etc,y5q8M5iRS4A.wav
14.434017558195368,15.307082136461418,cough,y5q8M5iRS4A.wav
15.307082136461418,15.979577825125808,breathe,y5q8M5iRS4A.wav
15.979577825125808,16.451504624188537,etc,y5q8M5iRS4A.wav
16.451504624188537,17.2065875026889,cough,y5q8M5iRS4A.wav
17.2065875026889,17.725706981657904,breathe,y5q8M5iRS4A.wav
17.725706981657904,19.460037968213435,cough,y5q8M5iRS4A.wav
19.460037968213435,20.49827692615144,breathe,y5q8M5iRS4A.wav
20.49827692615144,23.837159029520247,cough,y5q8M5iRS4A.wav
23.837159029520247,26.33142857142857,etc,y5q8M5iRS4A.wav
0.0,0.7566027853622517,sneeze,y9_9tveI1OY_100_000-110_000.wav
0.7566027853622517,3.272736249205777,etc,y9_9tveI1OY_100_000-110_000.wav
3.272736249205777,6.221974653546957,silence,y9_9tveI1OY_100_000-110_000.wav
6.221974653546957,6.799447907543833,sneeze,y9_9tveI1OY_100_000-110_000.wav
6.799447907543833,9.594005975992994,silence,y9_9tveI1OY_100_000-110_000.wav
9.594005975992994,10.0,sneeze,y9_9tveI1OY_100_000-110_000.wav
0.0,0.3234985784197994,speech,yA0i1MlSG0Q_100_000-110_000.wav
0.3234985784197994,0.7359804094626821,sneeze,yA0i1MlSG0Q_100_000-110_000.wav
0.7359804094626821,1.9528018110391856,etc,yA0i1MlSG0Q_100_000-110_000.wav
1.9528018110391856,2.313723413201708,sneeze,yA0i1MlSG0Q_100_000-110_000.wav
2.313723413201708,4.902046902995796,etc,yA0i1MlSG0Q_100_000-110_000.wav
4.902046902995796,6.727279005360551,silence,yA0i1MlSG0Q_100_000-110_000.wav
6.727279005360551,7.098512653299145,etc,yA0i1MlSG0Q_100_000-110_000.wav
7.098512653299145,8.655631565486027,silence,yA0i1MlSG0Q_100_000-110_000.wav
8.655631565486027,9.11967362540927,etc,yA0i1MlSG0Q_100_000-110_000.wav
9.11967362540927,10.00002267573696,silence,yA0i1MlSG0Q_100_000-110_000.wav
0.0,1.9527973829272065,etc,YAG24SALwsk_0_000-10_000.wav
1.9527973829272065,3.1902400700633664,sneeze,YAG24SALwsk_0_000-10_000.wav
3.1902400700633664,5.067028145553209,etc,YAG24SALwsk_0_000-10_000.wav
5.067028145553209,5.964174093726925,speech,YAG24SALwsk_0_000-10_000.wav
5.964174093726925,10.0,etc,YAG24SALwsk_0_000-10_000.wav
0.0,0.6743206483801951,cough,YaU8IWRqJvM_110_000-120_000.wav
0.6743206483801951,1.967157579117738,etc,YaU8IWRqJvM_110_000-120_000.wav
1.967157579117738,9.10432584058664,cough,YaU8IWRqJvM_110_000-120_000.wav
9.10432584058664,10.00002267573696,etc,YaU8IWRqJvM_110_000-120_000.wav
0.0,9.590204081632653,etc,yB6V_pv9j5Q_60_000-70_000.wav
0.0,1.138147613895901,silence,YCVf2oNNNjU_30_000-40_000.wav
1.138147613895901,4.108010063022685,etc,YCVf2oNNNjU_30_000-40_000.wav
4.108010063022685,4.706107361805162,sniffle,YCVf2oNNNjU_30_000-40_000.wav
4.706107361805162,10.0,etc,YCVf2oNNNjU_30_000-40_000.wav
0.0,1.849677158999193,speech,yDhzvorXu9s_320_000-330_000.wav
1.849677158999193,4.118322085415486,etc,yDhzvorXu9s_320_000-330_000.wav
4.118322085415486,5.180460391874024,sneeze,yDhzvorXu9s_320_000-330_000.wav
5.180460391874024,6.417903079010183,etc,yDhzvorXu9s_320_000-330_000.wav
6.417903079010183,7.469729363075919,sneeze,yDhzvorXu9s_320_000-330_000.wav
7.469729363075919,8.078138684251197,silence,yDhzvorXu9s_320_000-330_000.wav
8.078138684251197,8.995908677210517,sniffle,yDhzvorXu9s_320_000-330_000.wav
8.995908677210517,10.0,silence,yDhzvorXu9s_320_000-330_000.wav
0.0,0.4163060463998076,sneeze,YEDUJ30wknQ_20_000-30_000.wav
0.4163060463998076,1.4990683976439476,etc,YEDUJ30wknQ_20_000-30_000.wav
1.4990683976439476,2.148725808390432,sneeze,YEDUJ30wknQ_20_000-30_000.wav
2.148725808390432,3.22117613724177,silence,YEDUJ30wknQ_20_000-30_000.wav
3.22117613724177,3.5305368090258105,sneeze,YEDUJ30wknQ_20_000-30_000.wav
3.5305368090258105,3.7986493912386448,etc,YEDUJ30wknQ_20_000-30_000.wav
3.7986493912386448,7.490353407861521,etc,YEDUJ30wknQ_20_000-30_000.wav
7.490353407861521,10.0,speech,YEDUJ30wknQ_20_000-30_000.wav
0.0,1.4681323304655436,sneeze,yfmuSGY5EQs_200_000-210_000.wav
1.4681323304655436,2.024981539676816,sniffle,yfmuSGY5EQs_200_000-210_000.wav
2.024981539676816,2.664326928030498,silence,yfmuSGY5EQs_200_000-210_000.wav
2.664326928030498,4.510178936341937,speech,yfmuSGY5EQs_200_000-210_000.wav
4.510178936341937,4.860787697697182,sniffle,yfmuSGY5EQs_200_000-210_000.wav
4.860787697697182,5.531069153229268,silence,yfmuSGY5EQs_200_000-210_000.wav
5.531069153229268,7.0263124001854615,etc,yfmuSGY5EQs_200_000-210_000.wav
7.0263124001854615,8.408123400820841,silence,yfmuSGY5EQs_200_000-210_000.wav
8.408123400820841,10.0,etc,yfmuSGY5EQs_200_000-210_000.wav
0.0,2.2770790771512965,speech,YGqPTHy_JF4_10_000-20_000.wav
2.2770790771512965,4.508545979778527,etc,YGqPTHy_JF4_10_000-20_000.wav
4.508545979778527,6.341536649793751,cough,YGqPTHy_JF4_10_000-20_000.wav
6.341536649793751,7.572385457195278,throat-clearing,YGqPTHy_JF4_10_000-20_000.wav
7.572385457195278,9.060030058946763,speech,YGqPTHy_JF4_10_000-20_000.wav
9.060030058946763,10.0,throat-clearing,YGqPTHy_JF4_10_000-20_000.wav
0.0,1.8909252485703985,speech,yIx3ml9_nsQ_60_000-70_000.wav
1.8909252485703985,4.654547249841156,etc,yIx3ml9_nsQ_60_000-70_000.wav
4.654547249841156,5.427948929301255,sneeze,yIx3ml9_nsQ_60_000-70_000.wav
5.427948929301255,10.0,etc,yIx3ml9_nsQ_60_000-70_000.wav
0.0,1.9059206495855507,etc,yLGcTSCePzI_0_000-7_000.wav
1.9059206495855507,3.4622079779562407,cough,yLGcTSCePzI_0_000-7_000.wav
3.4622079779562407,6.060408163265306,etc,yLGcTSCePzI_0_000-7_000.wav
0.0,6.294458532144676,etc,YLJM3qB9FMY_30_000-40_000.wav
6.294458532144676,7.284459822527399,sneeze,YLJM3qB9FMY_30_000-40_000.wav
7.284459822527399,7.779460467718761,cough,YLJM3qB9FMY_30_000-40_000.wav
7.779460467718761,8.460086354856884,etc,YLJM3qB9FMY_30_000-40_000.wav
8.460086354856884,8.934461973165272,cough,YLJM3qB9FMY_30_000-40_000.wav
8.934461973165272,10.00047619047619,etc,YLJM3qB9FMY_30_000-40_000.wav
0.0,10.125307421046468,etc,yMNs4gCJn1c.wav
10.125307421046468,11.241040872360085,cough,yMNs4gCJn1c.wav
11.241040872360085,15.172673034131869,etc,yMNs4gCJn1c.wav
15.172673034131869,16.182146156748946,cough,yMNs4gCJn1c.wav
16.182146156748946,20.59194979765514,etc,yMNs4gCJn1c.wav
20.59194979765514,21.362337180705016,cough,yMNs4gCJn1c.wav
21.362337180705016,24.470451795078656,etc,yMNs4gCJn1c.wav
24.470451795078656,25.665880492914678,cough,yMNs4gCJn1c.wav
25.665880492914678,39.696639252420944,etc,yMNs4gCJn1c.wav
39.696639252420944,41.476499758087904,breathe,yMNs4gCJn1c.wav
41.476499758087904,48.042086167800456,etc,yMNs4gCJn1c.wav
0.0,3.179928047670565,speech,YNF6ORjLqEo_0_000-10_000.wav
3.179928047670565,3.99457781670187,etc,YNF6ORjLqEo_0_000-10_000.wav
3.99457781670187,6.778823862758229,speech,YNF6ORjLqEo_0_000-10_000.wav
6.778823862758229,7.583161609396734,sneeze,YNF6ORjLqEo_0_000-10_000.wav
7.583161609396734,8.17094688578641,etc,YNF6ORjLqEo_0_000-10_000.wav
8.17094688578641,9.068092833960126,speech,YNF6ORjLqEo_0_000-10_000.wav
9.068092833960126,10.0,etc,YNF6ORjLqEo_0_000-10_000.wav
0.0,4.570531171518171,etc,yoNzg8rWm7k_0_000-10_000.wav
4.570531171518171,5.7393947871800535,cough,yoNzg8rWm7k_0_000-10_000.wav
5.7393947871800535,6.562912334578198,etc,yoNzg8rWm7k_0_000-10_000.wav
6.562912334578198,8.936059675467474,cough,yoNzg8rWm7k_0_000-10_000.wav
8.936059675467474,10.0,etc,yoNzg8rWm7k_0_000-10_000.wav
0.0,1.6129483653103749,speech,Yp8IBDtKWeM_80_000-90_000.wav
1.6129483653103749,5.801366823863058,cough,Yp8IBDtKWeM_80_000-90_000.wav
5.801366823863058,6.70457756968203,speech,Yp8IBDtKWeM_80_000-90_000.wav
6.70457756968203,7.625498330124904,cough,Yp8IBDtKWeM_80_000-90_000.wav
7.625498330124904,8.45786901744827,speech,Yp8IBDtKWeM_80_000-90_000.wav
8.45786901744827,8.865199353798003,cough,Yp8IBDtKWeM_80_000-90_000.wav
8.865199353798003,9.99997732426304,speech,Yp8IBDtKWeM_80_000-90_000.wav
0.0,6.0316106910955245,speech,yP9hrvAOH0o_10_000-20_000.wav
6.0316106910955245,7.138489115017761,cough,yP9hrvAOH0o_10_000-20_000.wav
7.138489115017761,8.4047580319848,speech,yP9hrvAOH0o_10_000-20_000.wav
8.4047580319848,10.0,etc,yP9hrvAOH0o_10_000-20_000.wav
0.0,7.714065895457324,etc,YPBX6hJ-m6I_0_000-10_000.wav
7.714065895457324,9.573621647646684,etc,YPBX6hJ-m6I_0_000-10_000.wav
9.573621647646684,10.0,cough,YPBX6hJ-m6I_0_000-10_000.wav
0.0,3.056321487592552,cough,ys77k1s9eX0_280_000-290_000.wav
3.056321487592552,3.826708870642429,etc,ys77k1s9eX0_280_000-290_000.wav
3.826708870642429,5.6419894858748965,cough,ys77k1s9eX0_280_000-290_000.wav
5.6419894858748965,7.705210868065946,etc,ys77k1s9eX0_280_000-290_000.wav
7.705210868065946,10.0,speech,ys77k1s9eX0_280_000-290_000.wav
0.0,2.713649494463168,etc,YsUCzO0gfro.wav
2.713649494463168,5.370157711876537,speech,YsUCzO0gfro.wav
5.370157711876537,7.521929367981366,etc,YsUCzO0gfro.wav
7.521929367981366,10.65660906452914,speech,YsUCzO0gfro.wav
10.65660906452914,24.390756548556254,etc,YsUCzO0gfro.wav
24.390756548556254,43.38169746912399,speech,YsUCzO0gfro.wav
43.38169746912399,44.5812020498197,etc,YsUCzO0gfro.wav
44.5812020498197,56.37696167523555,speech,YsUCzO0gfro.wav
56.37696167523555,179.5134693877551,etc,YsUCzO0gfro.wav
0.0,2.586381866288196,cough,YTP7YMaEm1s.wav
2.586381866288196,3.863364782046313,etc,YTP7YMaEm1s.wav
3.863364782046313,4.56234490435602,breathe,YTP7YMaEm1s.wav
4.56234490435602,7.559894275030338,cough,YTP7YMaEm1s.wav
7.559894275030338,8.151338993907782,etc,YTP7YMaEm1s.wav
8.151338993907782,9.455205760523963,cough,YTP7YMaEm1s.wav
9.455205760523963,10.839724079714344,etc,YTP7YMaEm1s.wav
10.839724079714344,12.385545504053118,speech,YTP7YMaEm1s.wav
12.385545504053118,15.63849145787906,etc,YTP7YMaEm1s.wav
15.63849145787906,17.480035241656555,speech,YTP7YMaEm1s.wav
17.480035241656555,18.891437411705,cough,YTP7YMaEm1s.wav
18.891437411705,20.02055914774376,speech,YTP7YMaEm1s.wav
20.02055914774376,21.28410013807284,cough,YTP7YMaEm1s.wav
21.28410013807284,25.45109702107301,etc,YTP7YMaEm1s.wav
25.45109702107301,26.808731489405325,cough,YTP7YMaEm1s.wav
26.808731489405325,29.96994158578371,etc,YTP7YMaEm1s.wav
29.96994158578371,32.940607105599966,speech,YTP7YMaEm1s.wav
32.940607105599966,33.72023878048387,etc,YTP7YMaEm1s.wav
33.72023878048387,37.26890709374853,speech,YTP7YMaEm1s.wav
37.26890709374853,38.303935351784055,etc,YTP7YMaEm1s.wav
38.303935351784055,38.80128659265827,speech,YTP7YMaEm1s.wav
38.80128659265827,40.13203721013252,cough,YTP7YMaEm1s.wav
40.13203721013252,40.63492063492063,speech,YTP7YMaEm1s.wav
0.0,1.963109405320008,etc,yU600z8BpSE_180_000-190_000.wav
1.963109405320008,2.592142771280889,sneeze,yU600z8BpSE_180_000-190_000.wav
2.592142771280889,3.60272096577542,sneeze,yU600z8BpSE_180_000-190_000.wav
3.60272096577542,4.252378376521904,sneeze,yU600z8BpSE_180_000-190_000.wav
4.252378376521904,4.706107361805162,etc,yU600z8BpSE_180_000-190_000.wav
4.706107361805162,6.572583414902203,speech,yU600z8BpSE_180_000-190_000.wav
6.572583414902203,9.006220699603318,etc,yU600z8BpSE_180_000-190_000.wav
9.006220699603318,10.0,speech,yU600z8BpSE_180_000-190_000.wav
0.0,5.394048718916316,cough,yWDfOpwPcwE_10_000-20_000.wav
5.394048718916316,6.306116540228239,etc,yWDfOpwPcwE_10_000-20_000.wav
6.306116540228239,8.059411963721063,speech,yWDfOpwPcwE_10_000-20_000.wav
8.059411963721063,8.767814155031294,etc,yWDfOpwPcwE_10_000-20_000.wav
8.767814155031294,10.0,speech,yWDfOpwPcwE_10_000-20_000.wav
0.0,2.675555309763302,speech,ywnZwe85Nfc_120_000-130_000.wav
2.675555309763302,4.003809418469986,cough,ywnZwe85Nfc_120_000-130_000.wav
4.003809418469986,4.517401007169904,etc,ywnZwe85Nfc_120_000-130_000.wav
4.517401007169904,6.3503916771851285,cough,ywnZwe85Nfc_120_000-130_000.wav
6.3503916771851285,7.007256235827664,etc,ywnZwe85Nfc_120_000-130_000.wav
7.007256235827664,8.077122018503818,cough,ywnZwe85Nfc_120_000-130_000.wav
8.077122018503818,8.918349620684719,etc,ywnZwe85Nfc_120_000-130_000.wav
8.918349620684719,10.0,cough,ywnZwe85Nfc_120_000-130_000.wav
0.0,0.828786942111861,gasp,yXdyYoCnakc_10_000-20_000.wav
0.828786942111861,2.1177897412120275,sneeze,yXdyYoCnakc_10_000-20_000.wav
2.1177897412120275,2.684950972816101,etc,yXdyYoCnakc_10_000-20_000.wav
2.684950972816101,3.736777256881837,speech,yXdyYoCnakc_10_000-20_000.wav
3.736777256881837,5.8713658921917125,etc,yXdyYoCnakc_10_000-20_000.wav
5.8713658921917125,10.0,silence,yXdyYoCnakc_10_000-20_000.wav
0.0,0.8184767756712585,etc,yxnA4AEcqfs_290_000-300_000.wav
0.8184767756712585,1.5918802088766637,sneeze,yxnA4AEcqfs_290_000-300_000.wav
1.5918802088766637,6.407605586302317,speech,yxnA4AEcqfs_290_000-300_000.wav
6.407605586302317,8.459702695740658,etc,yxnA4AEcqfs_290_000-300_000.wav
8.459702695740658,9.109361579633198,sneeze,yxnA4AEcqfs_290_000-300_000.wav
9.109361579633198,10.00002267573696,speech,yxnA4AEcqfs_290_000-300_000.wav
0.0,1.745777433668623,cough,Y_GP5irz4YA_130_000-140_000.wav
1.745777433668623,2.781815638459837,breathe,Y_GP5irz4YA_130_000-140_000.wav
2.781815638459837,5.58885932152663,cough,Y_GP5irz4YA_130_000-140_000.wav
5.58885932152663,6.21756626631446,speech,Y_GP5irz4YA_130_000-140_000.wav
6.21756626631446,6.943678512407447,cough,Y_GP5irz4YA_130_000-140_000.wav
6.943678512407447,8.519873388072712,etc,Y_GP5irz4YA_130_000-140_000.wav
8.519873388072712,10.0,speech,Y_GP5irz4YA_130_000-140_000.wav
0.0,2.3563038548752835,speech,Z-ONjtd4DJk_10_000-20_000.wav
2.3563038548752835,3.6233450105610223,silence,Z-ONjtd4DJk_10_000-20_000.wav
3.6233450105610223,4.582363093091546,speech,Z-ONjtd4DJk_10_000-20_000.wav
4.582363093091546,8.274067109714423,etc,Z-ONjtd4DJk_10_000-20_000.wav
8.274067109714423,8.799980251747291,silence,Z-ONjtd4DJk_10_000-20_000.wav
8.799980251747291,10.0,etc,Z-ONjtd4DJk_10_000-20_000.wav
0.0,1.2410408723600828,cough,Z1b2ndKzxeo_20_000-30_000.wav
1.2410408723600828,10.0,speech,Z1b2ndKzxeo_20_000-30_000.wav
0.0,8.387047977202045,speech,Z3HPqXWn4NU_210_000-220_000.wav
8.387047977202045,10.0,cough,Z3HPqXWn4NU_210_000-220_000.wav
0.0,2.21059794274724,etc,Z3jNWaspEZ8_20_000-30_000.wav
2.21059794274724,2.581830748888088,sneeze,Z3jNWaspEZ8_20_000-30_000.wav
2.581830748888088,3.13867995809936,etc,Z3jNWaspEZ8_20_000-30_000.wav
3.13867995809936,5.489821063658063,speech,Z3jNWaspEZ8_20_000-30_000.wav
5.489821063658063,6.696327683615819,etc,Z3jNWaspEZ8_20_000-30_000.wav
6.696327683615819,7.8203381244311645,speech,Z3jNWaspEZ8_20_000-30_000.wav
7.8203381244311645,10.0,etc,Z3jNWaspEZ8_20_000-30_000.wav
0.0,3.2954072271597545,speech,Z459PzdNuCU_40_000-50_000.wav
3.2954072271597545,4.49083592499577,etc,Z459PzdNuCU_40_000-50_000.wav
4.49083592499577,5.872220198050722,cough,Z459PzdNuCU_40_000-50_000.wav
5.872220198050722,6.527492225012686,speech,Z459PzdNuCU_40_000-50_000.wav
6.527492225012686,10.0,etc,Z459PzdNuCU_40_000-50_000.wav
0.0,8.913412498068105,etc,Z4xDb1jWF1M_350_000-360_000.wav
8.913412498068105,10.0,sneeze,Z4xDb1jWF1M_350_000-360_000.wav
0.0,0.95767999583599,etc,z7GzHi6OnDk_50_000-60_000.wav
0.95767999583599,5.943060417181745,cough,z7GzHi6OnDk_50_000-60_000.wav
5.943060417181745,6.987953649364337,etc,z7GzHi6OnDk_50_000-60_000.wav
6.987953649364337,9.04232000416401,cough,z7GzHi6OnDk_50_000-60_000.wav
9.04232000416401,10.0,etc,z7GzHi6OnDk_50_000-60_000.wav
0.0,2.560439953675389,etc,Z9_aOtHejIE_140_000-150_000.wav
2.560439953675389,4.818471938476752,cough,Z9_aOtHejIE_140_000-150_000.wav
4.818471938476752,10.0,etc,Z9_aOtHejIE_140_000-150_000.wav
0.0,2.4543744011395674,cough,ZAeVWh4SnoI_30_000-40_000.wav
2.4543744011395674,5.86383051710146,etc,ZAeVWh4SnoI_30_000-40_000.wav
5.86383051710146,8.493982377986349,speech,ZAeVWh4SnoI_30_000-40_000.wav
8.493982377986349,10.000793650793652,etc,ZAeVWh4SnoI_30_000-40_000.wav
0.0,1.818741091820789,silence,Zauk9exag90_30_000-40_000.wav
1.818741091820789,4.633923205055553,speech,Zauk9exag90_30_000-40_000.wav
4.633923205055553,5.335140727766043,etc,Zauk9exag90_30_000-40_000.wav
5.335140727766043,10.0,speech,Zauk9exag90_30_000-40_000.wav
0.0,0.8296495404386931,cough,ZBzNxwQk9XE.wav
0.8296495404386931,1.6617846648354129,gasp,ZBzNxwQk9XE.wav
1.6617846648354129,2.950115694992771,cough,ZBzNxwQk9XE.wav
2.950115694992771,7.634571801368213,etc,ZBzNxwQk9XE.wav
7.634571801368213,9.427301587301589,speech,ZBzNxwQk9XE.wav
0.0,2.578150008458145,speech,zcqAYD8Ofgo_330_000-340_000.wav
2.578150008458145,4.1986200210803,cough,zcqAYD8Ofgo_330_000-340_000.wav
4.1986200210803,8.3250627854624,speech,zcqAYD8Ofgo_330_000-340_000.wav
8.3250627854624,10.0,cough,zcqAYD8Ofgo_330_000-340_000.wav
0.0,0.828786942111861,cough,ZfcfcHBkui0_30_000-40_000.wav
0.828786942111861,2.36527827863926,etc,ZfcfcHBkui0_30_000-40_000.wav
2.36527827863926,4.169882197379493,speech,ZfcfcHBkui0_30_000-40_000.wav
4.169882197379493,10.0,etc,ZfcfcHBkui0_30_000-40_000.wav
0.0,3.9772443362958527,etc,ZfGHwS5ZcqY_0_000-10_000.wav
3.9772443362958527,5.659699540657653,cough,ZfGHwS5ZcqY_0_000-10_000.wav
5.659699540657653,8.49330830589858,etc,ZfGHwS5ZcqY_0_000-10_000.wav
8.49330830589858,10.0,cough,ZfGHwS5ZcqY_0_000-10_000.wav
0.0,5.809493757834904,etc,ZgDlsF-8zYs_50_000-60_000.wav
5.809493757834904,6.201350608761355,sneeze,ZgDlsF-8zYs_50_000-60_000.wav
6.201350608761355,10.0,etc,ZgDlsF-8zYs_50_000-60_000.wav
0.0,0.4184101611039209,etc,ZhxILYf0TZ4_0_000-5_000.wav
0.4184101611039209,1.4288667625906453,sneeze,ZhxILYf0TZ4_0_000-5_000.wav
1.4288667625906453,3.0331462009700414,speech,ZhxILYf0TZ4_0_000-5_000.wav
3.0331462009700414,4.643990929705216,etc,ZhxILYf0TZ4_0_000-5_000.wav
0.0,2.505730313713999,cough,ZK0nR3j1pAY.wav
2.505730313713999,12.009171592040198,speech,ZK0nR3j1pAY.wav
12.009171592040198,13.931366928391892,etc,ZK0nR3j1pAY.wav
13.931366928391892,77.86621167097219,speech,ZK0nR3j1pAY.wav
77.86621167097219,80.70245793649812,etc,ZK0nR3j1pAY.wav
80.70245793649812,87.79979456302745,speech,ZK0nR3j1pAY.wav
87.79979456302745,91.18715977114373,etc,ZK0nR3j1pAY.wav
91.18715977114373,118.74927000983742,speech,ZK0nR3j1pAY.wav
118.74927000983742,120.80588460047944,etc,ZK0nR3j1pAY.wav
120.80588460047944,177.30734458080462,speech,ZK0nR3j1pAY.wav
177.30734458080462,179.13544643915307,etc,ZK0nR3j1pAY.wav
179.13544643915307,214.7492700098374,speech,ZK0nR3j1pAY.wav
214.7492700098374,217.4914227973601,etc,ZK0nR3j1pAY.wav
217.4914227973601,222.08128247783677,speech,ZK0nR3j1pAY.wav
222.08128247783677,228.6275001617757,etc,ZK0nR3j1pAY.wav
228.6275001617757,235.3753467271502,speech,ZK0nR3j1pAY.wav
235.3753467271502,240.68490727161816,etc,ZK0nR3j1pAY.wav
240.68490727161816,250.98758525943373,speech,ZK0nR3j1pAY.wav
250.98758525943373,253.20550295522412,etc,ZK0nR3j1pAY.wav
253.20550295522412,254.36150854212096,speech,ZK0nR3j1pAY.wav
254.36150854212096,256.27026195304364,etc,ZK0nR3j1pAY.wav
256.27026195304364,262.1174995146729,speech,ZK0nR3j1pAY.wav
262.1174995146729,263.6767628644407,etc,ZK0nR3j1pAY.wav
263.6767628644407,274.61121134742075,speech,ZK0nR3j1pAY.wav
274.61121134742075,275.538704202024,etc,ZK0nR3j1pAY.wav
275.538704202024,276.5871743854886,burp,ZK0nR3j1pAY.wav
276.5871743854886,334.8971311895568,speech,ZK0nR3j1pAY.wav
334.8971311895568,336.227881807031,etc,ZK0nR3j1pAY.wav
336.227881807031,356.23562995460827,speech,ZK0nR3j1pAY.wav
356.23562995460827,357.9427544840955,etc,ZK0nR3j1pAY.wav
357.9427544840955,383.2453514739229,speech,ZK0nR3j1pAY.wav
0.0,1.4773696145124715,sneeze,ZkH1Gg5DLMU_20_000-30_000.wav
1.4773696145124715,9.676502155135404,silence,ZkH1Gg5DLMU_20_000-30_000.wav
9.676502155135404,10.0,etc,ZkH1Gg5DLMU_20_000-30_000.wav
0.0,2.2594766113696063,cough,ZkKO6zUedsM_30_000-40_000.wav
2.2594766113696063,3.118455170126451,sniffle,ZkKO6zUedsM_30_000-40_000.wav
3.118455170126451,6.403826771144898,cough,ZkKO6zUedsM_30_000-40_000.wav
6.403826771144898,7.386781616732628,sniffle,ZkKO6zUedsM_30_000-40_000.wav
7.386781616732628,9.069316938008924,cough,ZkKO6zUedsM_30_000-40_000.wav
9.069316938008924,10.00047619047619,sniffle,ZkKO6zUedsM_30_000-40_000.wav
0.0,1.5244017488841757,etc,ZOFhz7Mu4pk_90_000-100_000.wav
1.5244017488841757,4.543966089344037,speech,ZOFhz7Mu4pk_90_000-100_000.wav
4.543966089344037,5.987335554138634,cough,ZOFhz7Mu4pk_90_000-100_000.wav
5.987335554138634,10.0,speech,ZOFhz7Mu4pk_90_000-100_000.wav
0.0,1.84318273497378,cough,zOgSrN9r-_o_0_000-10_000.wav
1.84318273497378,4.419995705864747,speech,zOgSrN9r-_o_0_000-10_000.wav
4.419995705864747,7.466125128498743,cough,zOgSrN9r-_o_0_000-10_000.wav
7.466125128498743,10.0,speech,zOgSrN9r-_o_0_000-10_000.wav
0.0,0.7978508749334571,etc,zOSOx8l96nA_170_000-180_000.wav
0.7978508749334571,1.4990683976439476,sneeze,zOSOx8l96nA_170_000-180_000.wav
1.4990683976439476,2.5096465921384783,etc,zOSOx8l96nA_170_000-180_000.wav
2.5096465921384783,3.2933602939913795,silence,zOSOx8l96nA_170_000-180_000.wav
3.2933602939913795,4.200818264557897,sneeze,zOSOx8l96nA_170_000-180_000.wav
4.200818264557897,4.984531966410798,gasp,zOSOx8l96nA_170_000-180_000.wav
4.984531966410798,5.706373533906891,sneeze,zOSOx8l96nA_170_000-180_000.wav
5.706373533906891,6.31478285508217,gasp,zOSOx8l96nA_170_000-180_000.wav
6.31478285508217,7.407857228719111,sneeze,zOSOx8l96nA_170_000-180_000.wav
7.407857228719111,8.067826661858396,silence,zOSOx8l96nA_170_000-180_000.wav
8.067826661858396,8.851540363711297,sneeze,zOSOx8l96nA_170_000-180_000.wav
8.851540363711297,10.0,etc,zOSOx8l96nA_170_000-180_000.wav
0.0,2.029138310192716,etc,ZoVIs72ONRA_70_000-80_000.wav
2.029138310192716,5.429468828481827,etc,ZoVIs72ONRA_70_000-80_000.wav
5.429468828481827,6.855128238493669,cough,ZoVIs72ONRA_70_000-80_000.wav
6.855128238493669,7.891166443284883,etc,ZoVIs72ONRA_70_000-80_000.wav
7.891166443284883,10.0,cough,ZoVIs72ONRA_70_000-80_000.wav
0.0,1.870301203784796,silence,ZPiDsDdGdrM_20_000-30_000.wav
1.870301203784796,3.0149356893857435,sneeze,ZPiDsDdGdrM_20_000-30_000.wav
3.0149356893857435,3.819273436024248,silence,ZPiDsDdGdrM_20_000-30_000.wav
3.819273436024248,5.489821063658063,speech,ZPiDsDdGdrM_20_000-30_000.wav
5.489821063658063,8.614363848676867,silence,ZPiDsDdGdrM_20_000-30_000.wav
8.614363848676867,9.006220699603318,etc,ZPiDsDdGdrM_20_000-30_000.wav
9.006220699603318,10.0,silence,ZPiDsDdGdrM_20_000-30_000.wav
0.0,1.6926472693203556,cough,Zqpi1BmYz7A_50_000-60_000.wav
1.6926472693203556,3.561058048901092,speech,Zqpi1BmYz7A_50_000-60_000.wav
3.561058048901092,4.774196801519863,etc,Zqpi1BmYz7A_50_000-60_000.wav
4.774196801519863,5.5445841845697394,speech,Zqpi1BmYz7A_50_000-60_000.wav
5.5445841845697394,8.440178141550312,etc,Zqpi1BmYz7A_50_000-60_000.wav
8.440178141550312,9.263695688948458,cough,Zqpi1BmYz7A_50_000-60_000.wav
9.263695688948458,10.0,etc,Zqpi1BmYz7A_50_000-60_000.wav
0.0,9.088344671201812,etc,ZquNV9SgoEk_9_000-19_000.wav
0.0,10.0,etc,zQY5ZUYM6IA_10_000-20_000.wav
0.0,2.066229629248021,cough,ZRLGnemIuM4_220_000-230_000.wav
2.066229629248021,4.706107361805162,silence,ZRLGnemIuM4_220_000-230_000.wav
4.706107361805162,5.500133086050864,cough,ZRLGnemIuM4_220_000-230_000.wav
5.500133086050864,8.552491714320059,speech,ZRLGnemIuM4_220_000-230_000.wav
8.552491714320059,9.305269348994557,sneeze,ZRLGnemIuM4_220_000-230_000.wav
9.305269348994557,10.0,speech,ZRLGnemIuM4_220_000-230_000.wav
0.0,2.684737881469052,speech,zShAHG-PyCI_20_000-30_000.wav
2.684737881469052,3.107497244580406,silence,zShAHG-PyCI_20_000-30_000.wav
3.107497244580406,4.293285702087863,sneeze,zShAHG-PyCI_20_000-30_000.wav
4.293285702087863,4.6232442293942855,sniffle,zShAHG-PyCI_20_000-30_000.wav
4.6232442293942855,6.798908268821011,speech,zShAHG-PyCI_20_000-30_000.wav
6.798908268821011,7.623804587087068,sneeze,zShAHG-PyCI_20_000-30_000.wav
7.623804587087068,8.603368965028011,gasp,zShAHG-PyCI_20_000-30_000.wav
8.603368965028011,9.118929163944296,silence,zShAHG-PyCI_20_000-30_000.wav
9.118929163944296,9.999206349206348,sneeze,zShAHG-PyCI_20_000-30_000.wav
0.0,1.2515798602167156,speech,zsOadrVY3gs_30_000-40_000.wav
1.2515798602167156,2.4477744577816702,sneeze,zsOadrVY3gs_30_000-40_000.wav
2.4477744577816702,3.6852171449178304,silence,zsOadrVY3gs_30_000-40_000.wav
3.6852171449178304,5.005156011196401,etc,zsOadrVY3gs_30_000-40_000.wav
5.005156011196401,5.54138117562207,sniffle,zsOadrVY3gs_30_000-40_000.wav
5.54138117562207,6.026046228083732,silence,zsOadrVY3gs_30_000-40_000.wav
6.026046228083732,7.17068071368468,speech,zsOadrVY3gs_30_000-40_000.wav
7.17068071368468,7.830650146823966,sneeze,zsOadrVY3gs_30_000-40_000.wav
7.830650146823966,8.985596654817716,speech,zsOadrVY3gs_30_000-40_000.wav
8.985596654817716,10.0,silence,zsOadrVY3gs_30_000-40_000.wav
0.0,1.7362449126783783,silence,ztLsasPbIPk_0_000-10_000.wav
1.7362449126783783,2.36527827863926,etc,ztLsasPbIPk_0_000-10_000.wav
2.36527827863926,2.9736875998145385,gasp,ztLsasPbIPk_0_000-10_000.wav
2.9736875998145385,3.953329727130665,silence,ztLsasPbIPk_0_000-10_000.wav
3.953329727130665,4.283314443700308,etc,ztLsasPbIPk_0_000-10_000.wav
4.283314443700308,5.984798138512527,silence,ztLsasPbIPk_0_000-10_000.wav
5.984798138512527,6.4282151014029845,etc,ztLsasPbIPk_0_000-10_000.wav
6.4282151014029845,7.55222554221833,silence,ztLsasPbIPk_0_000-10_000.wav
7.55222554221833,7.995642505108787,etc,ztLsasPbIPk_0_000-10_000.wav
7.995642505108787,10.0,silence,ztLsasPbIPk_0_000-10_000.wav
0.0,1.5244017488841757,speech,zT_o5ERSytk_70_000-80_000.wav
1.5244017488841757,2.507309789327122,cough,zT_o5ERSytk_70_000-80_000.wav
2.507309789327122,4.428850733256126,etc,zT_o5ERSytk_70_000-80_000.wav
4.428850733256126,10.0,speech,zT_o5ERSytk_70_000-80_000.wav
0.0,10.0,etc,ZVADQamUCss_190_000-200_000.wav
0.0,0.8331247017016934,etc,ZvKn6e1AZCU.wav
0.8331247017016934,3.7492494516067696,cough,ZvKn6e1AZCU.wav
3.7492494516067696,5.387592857735651,etc,ZvKn6e1AZCU.wav
5.387592857735651,7.058866213151927,cough,ZvKn6e1AZCU.wav
0.0,4.695795339412361,speech,ZwFAmIkk5pA_230_000-240_000.wav
4.695795339412361,6.08791836244054,sniffle,ZwFAmIkk5pA_230_000-240_000.wav
6.08791836244054,8.088450706643998,etc,ZwFAmIkk5pA_230_000-240_000.wav
8.088450706643998,9.119652945924132,sniffle,ZwFAmIkk5pA_230_000-240_000.wav
9.119652945924132,10.0,speech,ZwFAmIkk5pA_230_000-240_000.wav
0.0,3.5004327954624275,cough,zWOD_bnFjF8.wav
3.5004327954624275,5.3419765792399225,etc,zWOD_bnFjF8.wav
5.3419765792399225,6.968449556152894,cough,zWOD_bnFjF8.wav
6.968449556152894,8.151338993907782,etc,zWOD_bnFjF8.wav
8.151338993907782,18.380644245401754,cough,zWOD_bnFjF8.wav
18.380644245401754,19.335020950863083,speech,zWOD_bnFjF8.wav
19.335020950863083,20.14153647660505,cough,zWOD_bnFjF8.wav
20.14153647660505,21.230332436356708,speech,zWOD_bnFjF8.wav
21.230332436356708,43.455998279724376,cough,zWOD_bnFjF8.wav
43.455998279724376,45.56638057208253,etc,zWOD_bnFjF8.wav
45.56638057208253,46.50731535211482,cough,zWOD_bnFjF8.wav
46.50731535211482,47.95904329845037,etc,zWOD_bnFjF8.wav
47.95904329845037,50.24417062138595,etc,zWOD_bnFjF8.wav
50.24417062138595,51.99162092716021,cough,zWOD_bnFjF8.wav
51.99162092716021,53.03281229437217,speech,zWOD_bnFjF8.wav
53.03281229437217,53.71835049125284,cough,zWOD_bnFjF8.wav
53.71835049125284,54.41733061356255,speech,zWOD_bnFjF8.wav
54.41733061356255,60.38554550405311,cough,zWOD_bnFjF8.wav
60.38554550405311,61.44745761294671,speech,zWOD_bnFjF8.wav
61.44745761294671,128.37985172620134,cough,zWOD_bnFjF8.wav
128.37985172620134,130.1273020319756,etc,zWOD_bnFjF8.wav
130.1273020319756,140.4507007614728,cough,zWOD_bnFjF8.wav
140.4507007614728,158.8477097505669,etc,zWOD_bnFjF8.wav
0.0,2.5427298988926337,cough,ZWpEbIXZS_Q_40_000-50_000.wav
2.5427298988926337,3.6584633502062487,etc,ZWpEbIXZS_Q_40_000-50_000.wav
3.6584633502062487,4.765341774128485,cough,ZWpEbIXZS_Q_40_000-50_000.wav
4.765341774128485,6.21756626631446,etc,ZWpEbIXZS_Q_40_000-50_000.wav
6.21756626631446,7.864601361110749,speech,ZWpEbIXZS_Q_40_000-50_000.wav
7.864601361110749,9.25484066155708,etc,ZWpEbIXZS_Q_40_000-50_000.wav
9.25484066155708,10.0,speech,ZWpEbIXZS_Q_40_000-50_000.wav
0.0,4.278315267602701,speech,ZzIjzMM1tJI_10_000-20_000.wav
4.278315267602701,5.571149266743873,cough,ZzIjzMM1tJI_10_000-20_000.wav
5.571149266743873,7.244749443714296,speech,ZzIjzMM1tJI_10_000-20_000.wav
7.244749443714296,7.82032622415386,etc,ZzIjzMM1tJI_10_000-20_000.wav
7.82032622415386,9.139725305469169,speech,ZzIjzMM1tJI_10_000-20_000.wav
9.139725305469169,10.0,cough,ZzIjzMM1tJI_10_000-20_000.wav
0.0,0.612234471863033,sneeze,ZZSLqK9Z_KY_170_000-180_000.wav
0.612234471863033,1.756868957463981,etc,ZZSLqK9Z_KY_170_000-180_000.wav
1.756868957463981,2.282782099496849,sniffle,ZZSLqK9Z_KY_170_000-180_000.wav
2.282782099496849,3.334608383562585,etc,ZZSLqK9Z_KY_170_000-180_000.wav
3.334608383562585,3.716153212096234,sniffle,ZZSLqK9Z_KY_170_000-180_000.wav
3.716153212096234,7.449105318290316,etc,ZZSLqK9Z_KY_170_000-180_000.wav
7.449105318290316,8.119386773822402,sneeze,ZZSLqK9Z_KY_170_000-180_000.wav
8.119386773822402,10.0,etc,ZZSLqK9Z_KY_170_000-180_000.wav
0.0,5.252368280654269,etc,ZzTL9vtJmQI_110_000-120_000.wav
5.252368280654269,6.713447800231622,cough,ZzTL9vtJmQI_110_000-120_000.wav
6.713447800231622,10.0,etc,ZzTL9vtJmQI_110_000-120_000.wav
0.0,0.7462907629694504,sneeze,Z_AKpY3q8M0_30_000-40_000.wav
0.7462907629694504,5.4382609516940565,etc,Z_AKpY3q8M0_30_000-40_000.wav
5.4382609516940565,6.139478474404547,sneeze,Z_AKpY3q8M0_30_000-40_000.wav
6.139478474404547,10.0,etc,Z_AKpY3q8M0_30_000-40_000.wav
0.0,0.7462907629694504,etc,Z_mqWXwfUzM_0_000-10_000.wav
0.7462907629694504,1.2412678378239144,sneeze,Z_mqWXwfUzM_0_000-10_000.wav
1.2412678378239144,2.715887039994505,etc,Z_mqWXwfUzM_0_000-10_000.wav
2.715887039994505,3.272736249205777,sneeze,Z_mqWXwfUzM_0_000-10_000.wav
3.272736249205777,3.819273436024248,etc,Z_mqWXwfUzM_0_000-10_000.wav
3.819273436024248,4.499866913949136,speech,Z_mqWXwfUzM_0_000-10_000.wav
4.499866913949136,5.180460391874024,etc,Z_mqWXwfUzM_0_000-10_000.wav
5.180460391874024,6.098230384833342,sniffle,Z_mqWXwfUzM_0_000-10_000.wav
6.098230384833342,8.975284632424914,speech,Z_mqWXwfUzM_0_000-10_000.wav
8.975284632424914,10.0,etc,Z_mqWXwfUzM_0_000-10_000.wav
